target,prediction
-0.45562759041786194, -0.6410256624221802
-0.623140811920166, -0.8461538553237915
-0.9288215041160583, -1.0
-0.788808286190033, -1.0
-0.7183730602264404, -0.9606837630271912
-0.396390825510025, -0.6666666865348816
-0.8270698189735413, -0.916239321231842
-0.6416733860969543, -1.0
-0.862130343914032, -1.0
