target,prediction
-0.7788522243499756, -0.7304806113243103
-0.7802805304527283, -0.7985579967498779
-0.597713828086853, -0.6685413718223572
-0.811870276927948, -0.6060441732406616
-0.7232530117034912, -0.8392928242683411
-0.46136361360549927, -0.6250165104866028
-0.48418599367141724, -0.9531270861625671
-0.7105199098587036, -0.9497789740562439
-0.6723207831382751, -0.9341546893119812
