target,prediction
-1.2425254583358765, -0.951178789138794
-0.7274120450019836, -0.9368153810501099
-0.6457824110984802, -0.8494740724563599
-1.2940682172775269, -0.9773666858673096
-0.676125168800354, -0.9245556592941284
-0.5075345635414124, -0.9505259394645691
-1.384141445159912, -0.9788901209831238
-0.44163721799850464, -0.9301414489746094
-0.7881636023521423, -0.8605731129646301
