target,prediction
-0.45489734411239624, -0.9666519165039062
-0.5237261652946472, -0.9559298157691956
-0.7918291091918945, -0.9948722124099731
-0.9068867564201355, -0.6135348081588745
-1.111336588859558, -0.998160183429718
-0.9755396842956543, -0.9916234612464905
-0.2779584527015686, -0.9967668056488037
-0.7316071391105652, -0.999636709690094
-0.7216398119926453, -0.992731511592865
