target,prediction
-0.4415377974510193, -1.0
-0.641670823097229, -0.8666666746139526
-0.4425237774848938, -1.0
-0.4329592287540436, -0.8358974456787109
-0.5901235342025757, -0.44273504614830017
-0.7757009267807007, -0.7982906103134155
-0.6404473781585693, -0.5726495981216431
-0.41434359550476074, -1.0
-0.48904964327812195, -1.0
