{"loss": [0.48712841669718426, 0.25471578041712445, 0.1536788543065389, 0.08914734919865926, 0.0600547989209493, 0.04763022065162659, 0.039246213932832084, 0.03616805374622345, 0.03696115811665853, 0.03131390611330668, 0.029023970166842144, 0.027810317774613697, 0.026383064687252045, 0.025920957326889038, 0.024864358206590016, 0.023777196804682415, 0.02377410481373469, 0.02371188998222351, 0.02403799444437027, 0.023368537425994873, 0.022870933016141255, 0.023801448444525402, 0.02270481487115224, 0.02289525916179021, 0.02419038861989975, 0.02307469646135966, 0.022831350564956665, 0.02478921413421631, 0.02132144073645274, 0.023428586622079212, 0.022305140892664593, 0.024697355926036835, 0.021837587157885235, 0.021936091283957165, 0.02346651256084442, 0.023182667791843414, 0.022457808256149292, 0.02382541944583257, 0.020778631170590717, 0.020120061933994293, 0.02254000057776769, 0.021478513876597088, 0.02265302836894989, 0.02529151737689972, 0.024018021921316784, 0.025407786170641582, 0.021658917268117268, 0.024104657272497814, 0.02162191520134608, 0.02108307182788849, 0.02306049068768819, 0.022818709413210552, 0.02344149351119995, 0.024420373141765594, 0.024476289749145508, 0.024693166216214497, 0.024616030355294544, 0.021166125933329265, 0.02075378845135371, 0.019565654297669727, 0.02004753549893697, 0.02364728848139445, 0.023395277559757233, 0.027222948769728344, 0.026893511414527893, 0.026018460591634113, 0.026025235652923584, 0.026765259603659313, 0.023744923373063404, 0.024367449184258778, 0.03076094885667165, 0.02135331432024638, 0.024433128535747528, 0.0275791734457016, 0.025828915337721508, 0.022200954457124073, 0.021610210339228313, 0.025676287710666656, 0.02335505187511444, 0.030030931035677593, 0.026265745361646015, 0.03344943871100744, 0.028264905015627544, 0.03873195747534434, 0.0267380823691686, 0.02465227246284485, 0.024969858427842457, 0.027469754219055176, 0.02651374787092209, 0.024969642361005146, 0.027464836835861206, 0.026066362857818604, 0.02191193401813507, 0.026245325803756714, 0.026475322743256886, 0.02157947172721227, 0.028444384535153706, 0.02860270192225774, 0.0283998300631841, 0.027054434021313984, 0.02789771556854248, 0.02593177805344264, 0.025819326440493267, 0.02988477796316147, 0.02552492916584015, 0.026737595597902935, 0.030994604031244915, 0.029346056282520294], "mae": [0.614883303642273, 0.4536552429199219, 0.34738961855570477, 0.2365995248158773, 0.18792561690012613, 0.1665025750796, 0.14348004261652628, 0.13723365465799967, 0.13978038231531778, 0.12719487150510153, 0.11801196138064067, 0.11537942290306091, 0.11166340112686157, 0.11205743749936421, 0.10884175697962443, 0.10805315772692363, 0.10743208726247151, 0.10786362489064534, 0.11014368136723836, 0.10611377159754436, 0.10510319471359253, 0.10571256279945374, 0.10147259632746379, 0.1041511098543803, 0.10282619794209798, 0.10149664680163066, 0.10128951072692871, 0.10138943791389465, 0.09491668144861858, 0.0957427720228831, 0.09503950675328572, 0.09905058145523071, 0.09735296169916789, 0.09329051772753398, 0.09799601634343465, 0.10311805208524068, 0.09635265668233235, 0.1023300290107727, 0.09593333800633748, 0.09068550666173299, 0.09700506925582886, 0.09450032313664754, 0.09655859073003133, 0.10237976908683777, 0.09773291150728862, 0.1120561957359314, 0.09187153975168864, 0.1020509401957194, 0.09430597225824992, 0.09671722849210103, 0.09172915418942769, 0.09439597527186076, 0.09857666492462158, 0.09576718012491862, 0.09299317995707194, 0.11373813947041829, 0.09995827078819275, 0.08464759588241577, 0.09347903728485107, 0.08949015537897746, 0.09039336442947388, 0.10236610968907674, 0.09129039446512859, 0.10794322689374287, 0.09901708364486694, 0.10918595393498738, 0.09269696474075317, 0.10490043958028157, 0.10421953598658244, 0.10678774118423462, 0.13859383265177408, 0.0892518162727356, 0.09800543387730916, 0.10772823294003804, 0.10909343759218852, 0.09316428502400716, 0.09051209688186646, 0.10082649191220601, 0.10690414905548096, 0.10890456040700276, 0.11891732613245647, 0.10809922218322754, 0.13245579600334167, 0.13163434465726218, 0.10049398740132649, 0.10123283664385478, 0.09633350372314453, 0.10377095143000285, 0.10735493898391724, 0.09724068641662598, 0.11307905117670695, 0.09875176350275676, 0.08716913064320882, 0.11227600773175557, 0.09243321418762207, 0.08993645509084065, 0.10052557786305745, 0.13219832380612692, 0.09790048996607463, 0.09526832898457845, 0.09986424446105957, 0.10188931226730347, 0.11260213454564412, 0.10535085201263428, 0.12002964814503987, 0.11044760545094807, 0.10611896713574727, 0.11568800608317058]}