{"loss": [0.5827313831874302, 0.31735011509486605, 0.19510866914476668, 0.11673955406461443, 0.08067753485270909, 0.06292022126061576, 0.05162655029978071, 0.04604091388838632, 0.04432274614061628, 0.03608758108956473, 0.032734104565211704, 0.03040737339428493, 0.027405494025775363, 0.025409400463104248, 0.022903410451752797, 0.02037735070501055, 0.018166897552353994, 0.015963387276445116, 0.014545837683337075, 0.012184099427291326, 0.01035552897623607, 0.009118819875376565, 0.0074846430548599786, 0.006545116858822959, 0.005831994648490634, 0.0044619981199502945, 0.00403720752469131, 0.0034282351178782327, 0.0037221480160951614, 0.0025585786040340152, 0.0024666517440761837, 0.002904949975865228, 0.002515126019716263, 0.0018073209960545813, 0.0016319573457751954, 0.004149758656110082, 0.0014839586136596544, 0.001975093569074358, 0.001804250292479992, 0.001951849620257105, 0.0023127376501049313, 0.0017679740807839803, 0.0018835611907499178, 0.0015128193689244135, 0.00231484483395304, 0.0036899011049951825, 0.001958293707243034, 0.001297717248754842, 0.0013850593407239234, 0.0016843908067260469, 0.0012543383719665663, 0.0012233506089874677, 0.0019667475883449826, 0.0010463706483798368, 0.000995539195303406, 0.0024776126125029157, 0.0017572858237794467, 0.001171572133898735, 0.0016575123050383159, 0.002096253713326795, 0.0010810621481920993, 0.0026395536426986966, 0.0011023043521812984, 0.0018935542819755419, 0.001683668898684638, 0.003953544422984123, 0.0005836254650993007, 0.0018658797655786788, 0.002996614735041346, 0.002696385607123375, 0.006779743624585015, 0.0007152362460536617, 0.0018625790253281593, 0.0020076997045959744, 0.0023666460599218097, 0.0014259534488831247, 0.0008672655427030154, 0.001399999883558069, 0.0031382422894239426, 0.001599906012415886, 0.004906153572457177, 0.0023737334247146335, 0.008488086185285024, 0.004910341330936977, 0.0017988100381834166, 0.001249796710908413, 0.0013531566198383058, 0.002409690458859716, 0.002406057502542223, 0.0012886945956519672, 0.003955234374318804, 0.0012808435463479587, 0.0008872031633343015, 0.004098786839417049, 0.0008142023081226009, 0.0015144462564161845, 0.0013999219185539655, 0.006927604121821267, 0.0015196202855025018, 0.000800074211188725, 0.0011632248227085387, 0.001582914830318519, 0.002689002347843988, 0.004970906036240714, 0.007972297391721181, 0.0029821167034762247, 0.0017277119415146963, 0.005359692232949393], "mae": [0.6963639259338379, 0.49753362791878836, 0.36386033466884066, 0.23573064804077148, 0.17814253057752336, 0.15913867950439453, 0.14456578663417272, 0.13561693259647914, 0.14152204990386963, 0.11858474356787545, 0.10970938205718994, 0.10671498945781163, 0.10124624626977104, 0.09972084420067924, 0.09339813675199236, 0.08833486693246025, 0.08496723004749843, 0.07891180685588292, 0.07752639055252075, 0.06997668743133545, 0.0635327867099217, 0.060502512114388604, 0.056444099971226284, 0.05070690597806658, 0.05399160725729806, 0.04302748611995152, 0.04149471436228071, 0.04278528690338135, 0.04673245974949428, 0.0349163647208895, 0.03383067037378039, 0.04003123300416129, 0.03916601198060172, 0.028853067329951694, 0.02664730591433389, 0.04792112112045288, 0.0259068991456713, 0.031227082014083862, 0.029745336089815413, 0.029590632234300886, 0.03379938006401062, 0.030700172696794783, 0.030258151037352427, 0.027544409036636353, 0.03711310029029846, 0.05217533452170236, 0.029805515493665422, 0.02649833687714168, 0.027402590428079878, 0.029112539121082852, 0.024245887994766235, 0.02382176262991769, 0.033476997699056356, 0.021306810634476796, 0.02164737241608756, 0.04292143242699759, 0.03528645634651184, 0.022768642221178328, 0.02745995989867619, 0.03277489755834852, 0.023445876581328257, 0.041797825268336704, 0.022883587649890354, 0.03673331652368818, 0.029624059796333313, 0.051706565277917046, 0.017496114330632345, 0.03568358506475176, 0.04683125019073486, 0.04512873291969299, 0.07588733945574079, 0.019199034997395108, 0.033086150884628296, 0.036679050752094815, 0.04232378942625863, 0.03095121043069022, 0.021644871149744307, 0.032609786306108744, 0.049509912729263306, 0.029401996306010654, 0.06256267854145595, 0.02884537833077567, 0.08609356198992048, 0.06408885547092982, 0.03401375242641994, 0.02737854846886226, 0.025864513857024058, 0.035547688603401184, 0.04305452534130642, 0.02781073110444205, 0.05313292145729065, 0.02737849312169211, 0.02256393645490919, 0.05843429906027658, 0.018945185201508657, 0.024856171437672207, 0.02780909836292267, 0.07978175367627825, 0.028180256485939026, 0.021939273391451155, 0.02811186228479658, 0.032444268465042114, 0.042714021035603116, 0.045904308557510376, 0.07179605960845947, 0.038552782365253994, 0.03112328691141946, 0.05584234424999782]}