{"loss": [0.018696677955714138, 0.013246436010707508, 0.009002665227109736, 0.007506848736242814, 0.005450994792309674, 0.00393746014345776, 0.002743829380382191, 0.0020967036147009244, 0.0015306911346587267, 0.001176575283435258, 0.0007823797958818349, 0.000638785179365765, 0.0005788004279813983, 0.0005205837501720948, 0.0005719025026668202, 0.0003635386767035181, 0.00036588129164143044, 0.0002585660708560185, 0.000264071880585768, 0.000323978972367265, 0.0008116230707276951, 0.0002771512478251349, 0.00021423740227791396, 0.00042139442468231374, 0.0004676292142407461, 0.00037140665914524686, 0.0003678155216303739, 0.0005007829009131951, 0.00043334892358292234, 0.0004898819395086982, 0.0007044728422029452, 0.0005262023769319057, 0.00047212809493595904, 0.0005301920781758698, 0.0025558498772707853, 0.0042138655077327385, 0.006611322137442502, 0.00125170863148841, 0.002042264084924351, 0.005614387379451232, 0.010746963322162628, 0.009702736681157892, 0.006687792864712802, 0.0012845077805898406, 0.001956721937114542, 0.00581899420781569, 0.0022841631011529403, 0.0037180595099925995, 0.0037478448992425747, 0.005451665344563397, 0.005731254816055298, 0.0024435980753465133, 0.003051137382333929, 0.007088028571822427, 0.010576292872428894, 0.01253470236604864, 0.0039829835295677185, 0.00382359732281078, 0.005985639312050559, 0.0020745882595127278, 0.002509785477410663, 0.005963821302760731, 0.007066669789227572, 0.015367285771803423, 0.010272962803190405, 0.021810224110429936, 0.0065392181277275085, 0.02336133068258112, 0.010869969698515806, 0.006189344958825545, 0.013067832047289068, 0.01579943841153925, 0.006938485259359533, 0.008270494639873505, 0.005680683661590923, 0.005525440316308628, 0.016918651082298973, 0.003163901242342862, 0.006004909222776239, 0.01574516025456515, 0.005022558976303448, 0.009105692532929506, 0.01596476137638092, 0.007676848633722825, 0.007968252355402166, 0.010920701379125769, 0.0065601224249059505, 0.02039220929145813, 0.005377262153408744, 0.019843711094422775, 0.0072240158915519714, 0.006186467680064115, 0.009087032215161757, 0.00357734581286257, 0.027160874821922996], "mae": [0.09291001883420077, 0.07791820439425381, 0.06339440562508324, 0.05764637210152366, 0.0495184605771845, 0.0420733012936332, 0.034634576602415604, 0.03160659833387895, 0.028600148179314354, 0.024179293350739914, 0.019651675766164608, 0.019290639595551926, 0.01867848363789645, 0.01803368871862238, 0.018941670656204224, 0.01343714784492146, 0.013427701863375578, 0.011637315154075623, 0.011815629222176292, 0.014024743979627436, 0.02138161523775621, 0.013470206748355518, 0.01096748560667038, 0.01625797829844735, 0.016680389642715454, 0.014580141414295544, 0.014544984156435186, 0.01525431058623574, 0.016947235573421825, 0.01874246516010978, 0.02179681712930853, 0.01712541417642073, 0.015591238032687794, 0.017894934524189342, 0.046473969112743034, 0.056833847002549606, 0.0737746845592152, 0.025860493833368473, 0.032872527837753296, 0.05728913437236439, 0.09186474843458696, 0.08503085374832153, 0.07025181163441051, 0.026965669610283592, 0.03343335606835105, 0.05986752293326638, 0.034509715708819305, 0.04196348515423862, 0.047248683192513206, 0.05704664100300182, 0.05132576552304355, 0.03637102788144892, 0.045611560344696045, 0.06884407997131348, 0.09070454402403398, 0.10165887529199774, 0.04616349935531616, 0.04518484256484292, 0.05327789349989458, 0.03413954106244174, 0.035271319476040924, 0.05935521017421375, 0.06917823986573653, 0.09281186624006792, 0.08844274282455444, 0.1340094588019631, 0.06235456466674805, 0.1289633187380704, 0.08822929859161377, 0.062197175892916595, 0.07014294104142622, 0.08220968463204124, 0.061232165856794876, 0.07691539959474043, 0.0571073131127791, 0.05139615318991921, 0.11572478034279564, 0.04183886267922141, 0.05534020879051902, 0.10354317318309438, 0.04961050098592585, 0.08360918543555519, 0.11401575261896307, 0.06480625542727383, 0.0705148469318043, 0.08894202384081754, 0.06956527449867943, 0.12362159382213246, 0.0629066066308455, 0.13350291685624557, 0.07557230645960028, 0.06299090385437012, 0.0790645263411782, 0.045307966795834625, 0.14405879107388583]}