{"loss": [0.020057888701558113, 0.01608366332948208, 0.016715940088033676, 0.0175961721688509, 0.0162466112524271, 0.01700490526854992, 0.01840902492403984, 0.017431726679205894, 0.019776199012994766, 0.020305829122662544, 0.02046305127441883, 0.019638938829302788, 0.018494363874197006, 0.02019399031996727, 0.017972823232412338, 0.017970062792301178, 0.0182915311306715, 0.019816501066088676, 0.02023126557469368, 0.02008196897804737, 0.017139364033937454, 0.018812138587236404, 0.017647206783294678, 0.0189066082239151, 0.01874595321714878, 0.019713206216692924, 0.018637429922819138, 0.01711290143430233, 0.01990809291601181, 0.0183755774050951, 0.017382491379976273, 0.018419906497001648, 0.017825057730078697, 0.019141539931297302, 0.02212698571383953, 0.018060214817523956, 0.02660505101084709, 0.011221093125641346, 0.01639392226934433, 0.013413716107606888, 0.024047985672950745, 0.019541652873158455, 0.015928134322166443, 0.0095839723944664, 0.010582835413515568, 0.014708339236676693, 0.014049246907234192, 0.010103274136781693, 0.01655007153749466, 0.019927436485886574, 0.01985183171927929, 0.018900450319051743, 0.01914406195282936, 0.02581612393260002, 0.022047124803066254, 0.02107323333621025, 0.021388286724686623, 0.013101397082209587, 0.02170674130320549, 0.0159447081387043, 0.01454195473343134, 0.018879953771829605, 0.03241416811943054, 0.031112704426050186, 0.028087303042411804, 0.022177813574671745, 0.01589164510369301, 0.04003709554672241, 0.033816006034612656, 0.0293037798255682, 0.04574999958276749, 0.033509816974401474, 0.02024952694773674, 0.037607792764902115, 0.043919242918491364, 0.037458937615156174, 0.04224889725446701, 0.03216559439897537, 0.044617488980293274, 0.05072088539600372, 0.031457457691431046, 0.03199946507811546, 0.03989056125283241, 0.03741537779569626, 0.04847322404384613, 0.02967453934252262, 0.032518170773983, 0.06434742361307144, 0.03227722644805908, 0.045966655015945435, 0.029522880911827087, 0.030056340619921684, 0.02963181398808956, 0.029781527817249298, 0.055821020156145096], "mae": [0.10219505429267883, 0.09392049908638, 0.09077116847038269, 0.0905698835849762, 0.0847892016172409, 0.08652020990848541, 0.08935120701789856, 0.08702206611633301, 0.09234748780727386, 0.09333719313144684, 0.09359519183635712, 0.09211858361959457, 0.09109075367450714, 0.09487485885620117, 0.0905575305223465, 0.09098073840141296, 0.09192530810832977, 0.09475211799144745, 0.0957598090171814, 0.09511058777570724, 0.08696766197681427, 0.09199881553649902, 0.08922518789768219, 0.09214533120393753, 0.09151740372180939, 0.09397406876087189, 0.08983546495437622, 0.08794302493333817, 0.09576566517353058, 0.09477122128009796, 0.0906778872013092, 0.09172394126653671, 0.089824378490448, 0.0939408391714096, 0.10615980625152588, 0.09624750167131424, 0.12505857646465302, 0.07174630463123322, 0.0898214802145958, 0.08971019089221954, 0.127596914768219, 0.10622000694274902, 0.10279858112335205, 0.0698562040925026, 0.06856366991996765, 0.08423490077257156, 0.09071122854948044, 0.07088664174079895, 0.0966641753911972, 0.10511751472949982, 0.09683597087860107, 0.09977811574935913, 0.09810250997543335, 0.1063380017876625, 0.12813492119312286, 0.11397974193096161, 0.11148516833782196, 0.08649623394012451, 0.1147022619843483, 0.09229963272809982, 0.0859210193157196, 0.1111285388469696, 0.12941814959049225, 0.1128244698047638, 0.14218264818191528, 0.13203923404216766, 0.10874873399734497, 0.13984721899032593, 0.13414238393306732, 0.12518839538097382, 0.1385086625814438, 0.13515061140060425, 0.11182735860347748, 0.15051570534706116, 0.14483711123466492, 0.1251005083322525, 0.15686137974262238, 0.12638650834560394, 0.15365466475486755, 0.17698311805725098, 0.13492071628570557, 0.142222061753273, 0.15663735568523407, 0.15170800685882568, 0.14977791905403137, 0.13913440704345703, 0.13602201640605927, 0.17426827549934387, 0.13605248928070068, 0.1625550389289856, 0.13615113496780396, 0.12931084632873535, 0.12932677567005157, 0.12725093960762024, 0.1690714955329895]}