target,prediction
-1.1078238487243652, -0.8874830007553101
1.1506381034851074, -1.0
-0.19088101387023926, -0.4490186274051666
-1.1548545360565186, -1.0
-0.7974007725715637, -0.32222360372543335
-0.903238832950592, -1.0
-0.7241712212562561, -0.9991564750671387
-1.306694507598877, -0.825042188167572
-1.0854477882385254, -0.6010986566543579
