target,prediction
0.06782085448503494, -0.3355972468852997
1.426024317741394, 0.7511199116706848
-0.2266586571931839, 0.07588529586791992
-0.1235000416636467, 0.015420551411807537
-0.3846206068992615, 0.028463594615459442
-0.005238769110292196, 0.4232093095779419
0.05528227612376213, 0.06467325985431671
-0.3663104176521301, 0.08671718835830688
-0.16058003902435303, 0.10733789950609207
