target,prediction
-0.7645950317382812, -0.9572136998176575
-1.2214359045028687, -0.7349447011947632
-0.6849431395530701, -0.6456629633903503
-0.614863932132721, -0.7293646335601807
-0.34033071994781494, -0.5586131811141968
-0.9164105653762817, -0.9012320041656494
-0.361660361289978, -0.7561491131782532
-0.6375688314437866, 0.2365526407957077
-0.8432190418243408, -0.6774695515632629
