target,prediction
-0.8299818634986877, -0.9572136998176575
-0.2812083065509796, -0.7349447011947632
-0.36976155638694763, -0.6456629633903503
-0.5590789914131165, -0.7293646335601807
-0.6330537796020508, -0.5586131811141968
-1.1542211771011353, -0.9012320041656494
-0.4052164554595947, -0.7561491131782532
-0.1614913046360016, 0.2365526407957077
-0.6140192151069641, -0.6774695515632629
