target,prediction
-0.4280349314212799, -0.31945016980171204
-0.5967435240745544, -0.34761562943458557
-0.9965230226516724, -0.38641995191574097
0.08255065977573395, 0.24695047736167908
0.15715697407722473, 0.017631417140364647
-0.5673770308494568, -0.09679259359836578
-0.08276784420013428, 0.2477288693189621
-0.8218458890914917, -0.3944125175476074
-0.41617658734321594, -0.39101624488830566
