target,prediction
-6.440950393676758, -0.6700854897499084
0.2257857620716095, -1.0
-7.060234069824219, -0.5897436141967773
-2.032642126083374, -0.5811966061592102
-3.5518481731414795, -1.0
-8.157557487487793, -1.0
-0.9291293621063232, -0.6376068592071533
-2.280660629272461, -1.0
-4.33172607421875, -0.3504273593425751
