target,prediction
-0.37000781297683716, -0.9954615235328674
-1.0512831211090088, -0.9981775879859924
-0.39720943570137024, -0.9981014132499695
-0.9557421207427979, -0.9718270897865295
-0.4613285958766937, -0.9956896305084229
-1.0062388181686401, -0.9583202004432678
-1.0050700902938843, -0.8246792554855347
-0.23640508949756622, -0.8119339346885681
-0.980779767036438, -0.9829331040382385
