target,prediction
-0.7605857253074646, -0.7304806113243103
-0.788375735282898, -0.7985579967498779
-1.0995213985443115, -0.6685413718223572
-0.5755176544189453, -0.6060441732406616
-0.7747658491134644, -0.8392928242683411
-0.9663332104682922, -0.6250165104866028
-0.7074211239814758, -0.9531270861625671
-0.9048814177513123, -0.9497789740562439
-0.7255993485450745, -0.9341546893119812
