target,prediction
-0.9289296865463257, -0.9666519165039062
-0.8815316557884216, -0.9559298157691956
-0.7828966975212097, -0.9948722124099731
-0.9498093128204346, -0.6135348081588745
-0.38780415058135986, -0.998160183429718
-0.4533199965953827, -0.9916234612464905
-0.6905958652496338, -0.9967668056488037
-0.5906059145927429, -0.999636709690094
-0.7403751015663147, -0.992731511592865
