target,prediction
-0.017594076693058014, -0.04283304139971733
0.3155246675014496, -1.0
0.18313616514205933, 0.5625163316726685
0.17741960287094116, 0.33375921845436096
-0.1794164478778839, 0.6991934776306152
0.6667239665985107, -0.07649680227041245
0.6619554758071899, 0.37948140501976013
0.10851443558931351, 0.4118645489215851
-0.2551060616970062, 0.04099501296877861
