target,prediction
-0.3759617507457733, -0.9913079142570496
-0.5314708948135376, -0.9999129176139832
-0.872406005859375, -0.9990180134773254
-0.7110285758972168, -0.9812979102134705
-0.40306732058525085, -0.9994727969169617
-1.3424128293991089, -0.99821937084198
-0.5475286841392517, -0.9938071370124817
-0.7167197465896606, -0.928724467754364
-0.7753657698631287, -0.9955627918243408
