target,prediction
-0.4655728340148926, -0.9572136998176575
-0.6578516960144043, -0.7349447011947632
-0.5105893611907959, -0.6456629633903503
-0.6129299402236938, -0.7293646335601807
-0.4749487042427063, -0.5586131811141968
-0.802568793296814, -0.9012320041656494
-0.342637300491333, -0.7561491131782532
-0.46505069732666016, 0.2365526407957077
-0.7831636667251587, -0.6774695515632629
