target,prediction
-0.8608778715133667, -0.8874830007553101
-0.32237643003463745, -1.0
-0.48336082696914673, -0.4490186274051666
-0.8364459872245789, -1.0
-0.4676933288574219, -0.32222360372543335
-0.9588642120361328, -1.0
-0.7659070491790771, -0.9991564750671387
-0.7185052037239075, -0.825042188167572
-0.8310483694076538, -0.6010986566543579
