{"loss": [0.048185184597969055, 0.0026563042774796486, 0.026276806369423866, 0.020778639242053032, 0.015335974283516407, 0.013163503259420395, 0.006249814759939909, 0.013952221721410751, 0.01986970193684101, 0.009765089489519596, 0.009064370766282082, 0.007298067677766085, 0.00916746724396944, 0.012715427204966545, 0.006667190231382847, 0.007045730948448181, 0.007857032120227814, 0.00850808434188366, 0.008214770816266537, 0.009229245595633984, 0.008978494442999363, 0.005562736187130213, 0.008057182654738426, 0.006232613697648048, 0.01771053858101368, 0.008354190737009048, 0.004844715818762779, 0.00873610470443964, 6.856842082925141e-05, 0.016401004046201706, 0.004818051587790251, 0.014837008900940418, 0.0019436958245933056, 0.006521034520119429, 0.0015594859141856432, 0.007699822541326284, 0.00020389389828778803, 0.01621483825147152, 0.005179241299629211, 0.018720855936408043, 0.0112404590472579, 0.07578275352716446, 0.019360514357686043, 0.18276838958263397, 0.06298386305570602, 0.13642145693302155, 0.012522747740149498, 0.0670357495546341, 0.001031521474942565, 0.05651047080755234, 0.004066604655236006, 0.01967504806816578, 0.009766820818185806, 0.00043658004142344, 0.0014025382697582245, 9.5706207503099e-05, 0.03652249649167061, 7.401714810839621e-06, 0.011715380474925041, 0.03539936989545822, 0.0026224886532872915, 0.0009083763579837978, 0.01185554824769497, 0.013316355645656586, 0.0002156681875931099, 0.07424675673246384, 0.008167020045220852, 0.00024975487031042576, 0.059755839407444, 0.026321550831198692, 0.0002730539708863944, 0.0009145954390987754, 0.027774283662438393, 0.1953354775905609, 0.03536393120884895, 0.02656189352273941, 0.04260475933551788, 0.18200024962425232, 0.09865365922451019, 0.0027129959780722857, 0.01996534690260887, 0.13284051418304443, 0.05585809051990509, 0.047576967626810074, 0.026274343952536583, 0.04860429838299751, 0.01035776361823082, 0.001624241122044623, 0.0002195933775510639, 1.0548576028668322e-05, 0.02878384292125702, 0.05707363411784172, 0.016698522493243217, 0.0218452587723732, 0.01568320207297802, 0.030640168115496635, 0.013129591941833496, 0.0045283520594239235, 0.023833729326725006, 0.02077076956629753, 0.0023936962243169546, 0.001079560024663806, 0.016353635117411613, 0.008906134404242039, 0.01968863606452942, 0.010997386649250984, 0.008094902150332928, 0.005341464653611183], "mae": [0.2195112407207489, 0.051539346575737, 0.16210122406482697, 0.14414797723293304, 0.12383849918842316, 0.11473231017589569, 0.0790557712316513, 0.11811952292919159, 0.1409599334001541, 0.09881846606731415, 0.09520699083805084, 0.08542872965335846, 0.09574688971042633, 0.1127627044916153, 0.08165286481380463, 0.0839388519525528, 0.08863990008831024, 0.09223927557468414, 0.09063537418842316, 0.09606896340847015, 0.09475491940975189, 0.0745837539434433, 0.08976180851459503, 0.07894690334796906, 0.13308094441890717, 0.09140126407146454, 0.06960399448871613, 0.09346713125705719, 0.00828060507774353, 0.12806640565395355, 0.06941218674182892, 0.12180726230144501, 0.04408736526966095, 0.08075292408466339, 0.03949032723903656, 0.08774863183498383, 0.014279142022132874, 0.1273375004529953, 0.07196694612503052, 0.13682417571544647, 0.10602103173732758, 0.2752866744995117, 0.13914206624031067, 0.4275141954421997, 0.2509658634662628, 0.3693527579307556, 0.11190508306026459, 0.2589126229286194, 0.03211730718612671, 0.2377193123102188, 0.06376993656158447, 0.1402677744626999, 0.09882722795009613, 0.020894497632980347, 0.03745047748088837, 0.009782955050468445, 0.1911085993051529, 0.0027206093072891235, 0.1082376092672348, 0.18814720213413239, 0.05121023952960968, 0.03013928234577179, 0.10888318717479706, 0.11539651453495026, 0.014685645699501038, 0.27248257398605347, 0.09037156403064728, 0.015803635120391846, 0.24445007741451263, 0.1622391790151596, 0.01652434468269348, 0.030242279171943665, 0.16665618121623993, 0.4419677257537842, 0.18805299699306488, 0.16297820210456848, 0.20640920102596283, 0.4266148805618286, 0.3140918016433716, 0.05208642780780792, 0.1412987858057022, 0.3644729256629944, 0.2363431602716446, 0.2181214541196823, 0.1620936244726181, 0.220463827252388, 0.10177309811115265, 0.04030187427997589, 0.01481868326663971, 0.003247857093811035, 0.16965802013874054, 0.23890088498592377, 0.12922276556491852, 0.14780141413211823, 0.12523259222507477, 0.17504332959651947, 0.11458443105220795, 0.06729303300380707, 0.15438176691532135, 0.14412067830562592, 0.04892541468143463, 0.03285665810108185, 0.12788133323192596, 0.09437231719493866, 0.1403162032365799, 0.10486842691898346, 0.08997167646884918, 0.07308532297611237]}