{"loss": [0.025917569796244305, 0.024053547117445204, 0.026222465766800776, 0.022744165526496038, 0.01923135585255093, 0.01733377907011244, 0.01622690260410309, 0.020753756165504456, 0.024133077926105924, 0.022577512595388625, 0.021412106023894414, 0.017071281870206196, 0.017832386824819777, 0.02036535574330224, 0.015518777900271945, 0.019471966558032565, 0.018516331911087036, 0.02133405539724562, 0.022827236188782588, 0.02121739751762814, 0.02207008997599284, 0.019307982590463426, 0.019256914655367535, 0.017635231216748554, 0.019043263461854722, 0.021111599273151822, 0.019352131419711642, 0.023214889897240534, 0.01890910996331109, 0.01861061818069882, 0.017847458521525066, 0.020253164900673762, 0.018275678157806396, 0.022661748859617446, 0.020059367020924885, 0.02150785591867235, 0.019761959711710613, 0.023079079058435228, 0.02267086174752977, 0.025550489624341328, 0.0224232640531328, 0.029851486285527546, 0.02645059923330943, 0.04329201247957018, 0.04903694987297058, 0.05347523755497403, 0.02302421463860406, 0.03357053796450297, 0.018171840243869357, 0.026169892814424302, 0.019428150521384344, 0.01717870102988349, 0.01613863640361362, 0.015027191903856065, 0.013408294982380338, 0.014688380890422396, 0.018746962149937946, 0.01801099379857381, 0.01885639296637641, 0.023687283198038738, 0.013772198723422157, 0.017958386076821223, 0.017012607720163133, 0.010680981808238559, 0.011446798841158548, 0.02437069018681844, 0.008951002524958717, 0.007722413374318017, 0.01326448635922538, 0.010364674031734467, 0.018649684058295354, 0.018342395623524983, 0.013260452283753289, 0.08518217007319133, 0.01865737471315596, 0.050204979048834905, 0.019488086303075153, 0.05650757418738471, 0.04355468352635702, 0.010581716895103455, 0.007455887893835704, 0.027567906512154475, 0.007027725378672282, 0.004776952581273185, 0.0043699294328689575, 0.005269658234384324, 0.004390256272421943, 0.005884503324826558, 0.010195222993691763, 0.010237902402877808, 0.014426653583844503, 0.02410022086567349, 0.007413802875412835, 0.009851055012808906, 0.009339929454856448, 0.007144316203064389, 0.007106529341803657, 0.00845063974459966, 0.006445973283714718, 0.00656594874130355, 0.009957608249452379, 0.016357691751586065, 0.0068296827375888824, 0.006569191813468933, 0.007839410669273801, 0.0067273568775918745, 0.006767296128802829, 0.008191690676742129], "mae": [0.12943694326612684, 0.14204290178087023, 0.14441981580522326, 0.13391360971662733, 0.12321313222249348, 0.1113161908255683, 0.11202963193257649, 0.13302641444736057, 0.1439352962705824, 0.13915259308285183, 0.13494875695970324, 0.11440073119269477, 0.12055381139119466, 0.13034717241923013, 0.1114195982615153, 0.1283359792497423, 0.12411051326327854, 0.13557828797234428, 0.1400991810692681, 0.13481475247277153, 0.1365358961953057, 0.12516360812717015, 0.12431314256456164, 0.11666138966878255, 0.12267135249243842, 0.13204557365841335, 0.12258805168999566, 0.14017347494761148, 0.1111038260989719, 0.12235901090833876, 0.10776616467369927, 0.12437828381856282, 0.10922931962543064, 0.1369984679751926, 0.1124799648920695, 0.13445517751905653, 0.10513731506135729, 0.14021282725863987, 0.10961998171276516, 0.15016595522562662, 0.10151347186830309, 0.15838993920220268, 0.09049495723512438, 0.20057729880015054, 0.12037195099724664, 0.22240749994913736, 0.08416466580496894, 0.17061371273464626, 0.08034129275215997, 0.14720418718126085, 0.08027793963750203, 0.12089766396416558, 0.1187279224395752, 0.09697876373926799, 0.09920468595292833, 0.09228324227862889, 0.12834699948628744, 0.09281071689393786, 0.1294776333702935, 0.14503880341847739, 0.09742073218027751, 0.08169401354259914, 0.12361126475863987, 0.09597222672568427, 0.07220913966496785, 0.1482951905992296, 0.08768618769115871, 0.06585048966937596, 0.09814930624432033, 0.09041313992606269, 0.0842092235883077, 0.08295203579796685, 0.10068923234939575, 0.28643684917026097, 0.10198773278130426, 0.1663570139143202, 0.12655854225158691, 0.22480355368720162, 0.19467143217722574, 0.07755090130700006, 0.0720140470398797, 0.13865500026279026, 0.06259678469763862, 0.052497155136532254, 0.05905850066079034, 0.05489748054080539, 0.06128899918662177, 0.06966235902574328, 0.08567879597345988, 0.08400654130511814, 0.09431195921368069, 0.1355019277996487, 0.06815764639112684, 0.07779847251044379, 0.0761512319246928, 0.06522079971101549, 0.0677853094206916, 0.07923110988405016, 0.06758585903379652, 0.06555229425430298, 0.08613312906689113, 0.10262110498216417, 0.06435504224565294, 0.06450873613357544, 0.06878413756688435, 0.06561756796307033, 0.06981241703033447, 0.07405589024225871]}