{"loss": [0.06918845176696778, 0.0509450011783176, 0.04305823114183214, 0.039052857293023005, 0.03534575568305121, 0.03132159180111355, 0.031391263008117676, 0.02472379207611084, 0.025721791055467395, 0.02175676292843289, 0.019917949040730795, 0.021672565407223173, 0.017144456174638535, 0.020021012094285754, 0.012321494685278999, 0.013276361094580757, 0.013899821705288357, 0.01672533088260227, 0.019526304139031305, 0.011401515536838108, 0.00956491231918335, 0.009396151039335462, 0.007740794287787543], "mae": [0.19989818996853298, 0.17705088721381293, 0.15271582073635526, 0.1474646038479275, 0.13576438691880968, 0.12751950158013237, 0.1285015000237359, 0.11000926759507922, 0.1146805763244629, 0.10525534947713217, 0.1025795194837782, 0.1116662343343099, 0.09716333813137479, 0.10909220377604166, 0.0785462220509847, 0.08076507780287001, 0.08748889499240452, 0.09705057144165039, 0.10544911490546333, 0.0765331056382921, 0.07113447189331054, 0.06971954769558376, 0.06467771530151367]}