{"loss": [0.051151448488235475, 0.04159059226512909, 0.03408886790275574, 0.03287495672702789, 0.028652507066726684, 0.028386121988296507, 0.028408566117286684, 0.026275059580802916, 0.02491142749786377, 0.02493714988231659, 0.023599991202354433, 0.03072901666164398, 0.025855162739753725, 0.03307951390743256, 0.02223859429359436, 0.024099767208099365, 0.02968114912509918, 0.028032201528549194, 0.02963043451309204, 0.025413778424263, 0.024288585782051085, 0.026248472929000854, 0.02399813085794449], "mae": [0.16784905195236205, 0.16448187828063965, 0.1335188031196594, 0.13734924793243408, 0.11980714797973632, 0.12664762735366822, 0.11865910291671752, 0.11875642538070678, 0.10468431711196899, 0.11328227519989013, 0.10803604125976562, 0.13833334445953369, 0.11701122522354127, 0.14056572914123536, 0.0993299663066864, 0.10906574726104737, 0.12394868135452271, 0.11612147092819214, 0.11013555526733398, 0.10848969221115112, 0.10567370653152466, 0.11046841144561767, 0.1056047797203064]}