{"loss": [0.4658189296722412, 0.20725107192993164, 0.1065518617630005, 0.07743557691574096, 0.06744425892829894, 0.061502331495285036, 0.05727784633636475, 0.05393659472465515, 0.04981738030910492, 0.05123326778411865, 0.04621196985244751, 0.044374018907547, 0.04501205086708069, 0.04263852536678314, 0.042750376462936404, 0.04341258108615875, 0.04091399312019348, 0.04555459618568421, 0.04827615022659302, 0.04546006321907044, 0.04715701639652252, 0.044602465629577634, 0.045023053884506226, 0.04701688885688782, 0.045272958278656, 0.044701534509658816, 0.04850506782531738, 0.04555037021636963, 0.04385524392127991, 0.04540235698223114, 0.0491355299949646, 0.04504331052303314, 0.04542134404182434, 0.04415785670280457, 0.0425220787525177, 0.043182623386383054, 0.043035054206848146, 0.04278842806816101, 0.0402531623840332, 0.04389076828956604, 0.044928789138793945, 0.042439743876457214, 0.04548459649085999, 0.04654704332351685, 0.045334482192993165, 0.045590412616729734, 0.04793237447738648, 0.04286505877971649, 0.045200455188751223, 0.04527150094509125, 0.04509536623954773, 0.04326687753200531, 0.041748666763305665, 0.04223589599132538, 0.048178288340568545, 0.04388951659202576, 0.046717274188995364, 0.046218198537826535, 0.04268033802509308, 0.045471885800361635, 0.04219855666160584, 0.04263303279876709, 0.043689361214637755, 0.04180650115013122, 0.04598148763179779, 0.04264867007732391, 0.04679827392101288, 0.04073659777641296, 0.04678661525249481, 0.04214465022087097, 0.04443320333957672, 0.04593556225299835, 0.04423879384994507, 0.04225601255893707, 0.04255180358886719, 0.041071340441703796, 0.04631229043006897, 0.04388812184333801, 0.04503378570079804, 0.04402402639389038, 0.04001539647579193, 0.044111034274101256, 0.03950439393520355, 0.04751335978507996, 0.045399010181427, 0.0485143393278122, 0.044323644042015074, 0.04425556659698486, 0.04357914924621582, 0.04549444317817688, 0.04801556468009949, 0.04898054003715515, 0.04734043478965759, 0.04778938889503479, 0.04541630148887634, 0.04338354468345642, 0.049484345316886905, 0.04713202714920044, 0.04795741438865662, 0.04216223657131195, 0.04495095908641815, 0.0463236153125763, 0.047644829750061034, 0.04633462131023407, 0.04711308181285858, 0.040344607830047605, 0.04830236732959747, 0.04818136692047119, 0.04086136817932129, 0.04604090750217438], "mae": [0.6119751930236816, 0.3622576713562012, 0.2084874153137207, 0.18432931900024413, 0.16156840324401855, 0.16268656253814698, 0.1453983187675476, 0.14154038429260254, 0.13401080369949342, 0.1382689118385315, 0.1270895004272461, 0.12459467649459839, 0.12878940105438233, 0.1195113182067871, 0.11623657941818237, 0.11562094688415528, 0.11172797679901122, 0.11659069061279297, 0.13398581743240356, 0.1188195824623108, 0.11732531785964966, 0.11165077686309814, 0.10861587524414062, 0.12174015045166016, 0.11185460090637207, 0.11678464412689209, 0.11516423225402832, 0.10897067785263062, 0.11869664192199707, 0.11519275903701783, 0.11087573766708374, 0.11268900632858277, 0.12954792976379395, 0.10850751399993896, 0.10278187990188599, 0.11553806066513062, 0.12418787479400635, 0.1062398910522461, 0.1022254467010498, 0.10053117275238037, 0.10775959491729736, 0.10125278234481812, 0.11155622005462647, 0.11652550697326661, 0.1209071397781372, 0.10952343940734863, 0.10691616535186768, 0.10304410457611084, 0.10833476781845093, 0.1156226396560669, 0.11494566202163696, 0.1070605993270874, 0.10160807371139527, 0.10285239219665528, 0.10864757299423218, 0.10049225091934204, 0.11946971416473388, 0.1079750657081604, 0.10677578449249267, 0.09621773958206177, 0.10148444175720214, 0.11601593494415283, 0.107056725025177, 0.10958287715911866, 0.11740615367889404, 0.10275245904922485, 0.11140360832214355, 0.1027540922164917, 0.10382088422775268, 0.10126755237579346, 0.11653224229812623, 0.11341418027877807, 0.12300323247909546, 0.10967042446136474, 0.11038950681686402, 0.10367780923843384, 0.10310680866241455, 0.10826666355133056, 0.11108502149581909, 0.10974547863006592, 0.09669051766395569, 0.12120649814605713, 0.10264800786972046, 0.11193501949310303, 0.1245578408241272, 0.11056867837905884, 0.10295436382293702, 0.09961979985237121, 0.1038424015045166, 0.1314638614654541, 0.1081659436225891, 0.12206075191497803, 0.10023260116577148, 0.10677137374877929, 0.11768461465835571, 0.0975055754184723, 0.12759020328521728, 0.10738701820373535, 0.10603252649307252, 0.10519272089004517, 0.10937784910202027, 0.10563117265701294, 0.11594641208648682, 0.1399181842803955, 0.12711052894592284, 0.11566916704177857, 0.10870159864425659, 0.10695381164550781, 0.10942606925964356, 0.10737798213958741]}