{"loss": [0.3722147623697917, 0.15460596084594727, 0.07493090099758572, 0.05413521660698785, 0.04695165952046712, 0.04363998572031657, 0.03815430005391439, 0.034846093919542104, 0.03132987287309435, 0.029614594247606065, 0.025915357801649306, 0.023467903667026096, 0.021392099062601724, 0.017943893538581, 0.01538431511984931, 0.013586978117624918, 0.011408572726779514, 0.010093130005730522, 0.010718727774090237, 0.006851517491870456, 0.004985035790337457, 0.005198648571968079, 0.0036561975876490274, 0.0038646916548411053, 0.0031675428152084352, 0.003647454579671224, 0.0036368019051022, 0.0025891130169232684, 0.0037018014325035944, 0.0032258927822113037, 0.002363554967774285, 0.0016087250577078926, 0.006048829687966241, 0.0016158853967984518, 0.0015826038188404507, 0.0028743310107125176, 0.0032769858837127684, 0.002559784882598453, 0.0023678811060057745, 0.0018177116910616557, 0.0012872785329818726, 0.0014732244941923352, 0.0019413318898942736, 0.003921824362542894, 0.0024515709943241544, 0.0016534854968388876, 0.0027089966668023004, 0.0021750430266062417, 0.0016581475734710692, 0.0017363975445429485, 0.0019782122638490464, 0.0017624270584848192, 0.001446073916223314, 0.0011446574495898353, 0.0021589231159951953, 0.0017181025611029731, 0.0019322064187791612, 0.0011277091999848685, 0.0017326080136828952, 0.0019209234250916374, 0.0014683930410279169, 0.0024592040313614737, 0.0024738023678461713, 0.002062115404340956, 0.0029761016368865965, 0.0011189169353908962, 0.0017053016357951693, 0.001144648508893119, 0.002587787475850847, 0.0015178806251949734, 0.0029716968536376955, 0.003336437874370151, 0.0029722710450490316, 0.0020856680141554938, 0.0034989148378372194, 0.0038853916856977674, 0.004041844275262621, 0.0037309908204608494, 0.0035049372249179415, 0.002214580939875709, 0.0015213817358016967, 0.003163210219807095, 0.0018827779425515069, 0.003891573018497891, 0.004045589102639092, 0.0035692532857259113, 0.0014516505930158828, 0.00105561978287167, 0.0016688519053988987, 0.004410290386941698, 0.0019666951563623216, 0.002466745012336307, 0.0015820483366648355, 0.0016205895278188916, 0.005391866630978055, 0.0009669448766443465, 0.005087114704979791, 0.0033533967203564115, 0.001819925672478146, 0.00211355404721366, 0.0017210683888859218, 0.0021007662018140156, 0.006805587477154202, 0.006738532251781887, 0.007180527846018473, 0.004885099000400967, 0.0034425169229507445, 0.002737843328052097, 0.003213804629113939, 0.0015335700578159757], "mae": [0.5355267842610677, 0.31712540520562066, 0.18176653120252823, 0.15970954895019532, 0.14585565990871854, 0.14101438522338866, 0.1271402570936415, 0.12124427159627278, 0.1129370371500651, 0.1124734984503852, 0.10228745142618816, 0.09818370607164172, 0.09796573850843641, 0.08464056650797526, 0.07777829700046116, 0.0741356372833252, 0.0692944155799018, 0.06777564154730903, 0.08322161568535699, 0.06303902202182346, 0.04933971828884549, 0.05164216889275445, 0.04230080180697971, 0.04748249583774143, 0.03955019579993354, 0.044897275500827366, 0.048905701107449004, 0.03805587291717529, 0.04728827476501465, 0.045812527338663735, 0.03700210518307156, 0.028371604283650716, 0.0653826395670573, 0.029132636388142903, 0.026688983705308703, 0.04255317052205403, 0.04719167285495334, 0.03320932918124729, 0.031789114740159774, 0.03385055859883626, 0.025406614939371745, 0.029830993546379938, 0.032130294375949435, 0.04224078920152452, 0.040789757834540474, 0.031591007444593644, 0.036881801817152234, 0.029842615127563477, 0.029071293936835396, 0.03344563908047146, 0.038273127873738606, 0.034138470225863984, 0.026169498761494953, 0.0258004003100925, 0.03320142428080241, 0.028720071580674914, 0.03645674917432997, 0.024110780821906194, 0.02932619253794352, 0.028719062275356717, 0.02787685659196642, 0.04036084281073676, 0.03234114646911621, 0.03604602283901638, 0.04700987074110243, 0.024859309196472168, 0.03127009868621826, 0.026412055227491592, 0.03522544966803657, 0.02820287545522054, 0.04623735745747884, 0.05124983787536621, 0.0472814506954617, 0.038559328185187446, 0.05183993975321452, 0.046679284837510854, 0.03893029954698351, 0.04747975137498644, 0.04217983351813422, 0.03403378592597114, 0.02605376508500841, 0.04556605021158854, 0.034043420685662164, 0.04578925768534343, 0.05249112447102865, 0.049216302235921223, 0.02663259506225586, 0.022744554943508574, 0.030512531598409016, 0.05872155825297038, 0.03144156667921278, 0.039694910579257545, 0.02454777823554145, 0.029989518059624565, 0.06219319767422146, 0.02095543278588189, 0.06538904507954915, 0.03995331128438314, 0.029167034890916613, 0.032450048128763835, 0.031440146764119464, 0.03470146126217312, 0.05579972267150879, 0.07127827538384332, 0.0710599422454834, 0.05639145639207628, 0.04564236534966363, 0.03813411394755046, 0.04491872787475586, 0.028481173515319824]}