target,prediction
-0.3714298903942108, -0.3742330074310303
-0.18832270801067352, 0.020833097398281097
-0.7139156460762024, -0.5065705180168152
-0.24718499183654785, 0.210304394364357
0.013177670538425446, -0.4882643222808838
0.14483636617660522, 0.30756133794784546
-0.366875559091568, 0.21211561560630798
-0.3011285364627838, -0.4152171015739441
-0.6789003610610962, -0.4829823076725006
