target,prediction
-0.7721790671348572, -0.9528473019599915
-0.902572512626648, -0.9778019785881042
-0.8187456130981445, -0.9350743293762207
-1.120414137840271, -0.8988755941390991
-1.0539517402648926, -0.9978962540626526
-1.2268102169036865, -0.9313746690750122
-1.1964768171310425, -0.9833151698112488
-1.3978271484375, -0.9360173940658569
-1.3665556907653809, -0.9751904010772705
