target,prediction
-0.8951490521430969, -0.9528473019599915
-0.7907955050468445, -0.9778019785881042
-0.7624263763427734, -0.9350743293762207
-0.6902151107788086, -0.8988755941390991
-0.8647404313087463, -0.9978962540626526
-0.47612065076828003, -0.9313746690750122
-0.8572564125061035, -0.9833151698112488
-0.5530851483345032, -0.9360173940658569
-0.6838715672492981, -0.9751904010772705
