target,prediction
-0.5889491438865662, -0.9666519165039062
-0.2870565354824066, -0.9559298157691956
-0.7297338843345642, -0.9948722124099731
-0.41899731755256653, -0.6135348081588745
-0.7419296503067017, -0.998160183429718
-0.5133922696113586, -0.9916234612464905
-1.0421396493911743, -0.9967668056488037
-0.5818154811859131, -0.999636709690094
-0.750891387462616, -0.992731511592865
