target,prediction
0.3632272481918335, 0.38856270909309387
-0.22163580358028412, -0.5583403706550598
-0.7751070857048035, -0.3716297447681427
-0.28697821497917175, -0.6598514318466187
0.23905177414417267, -0.7445086240768433
-0.7557532787322998, -0.19084984064102173
0.5065591335296631, 0.362287312746048
0.15464474260807037, 0.27558356523513794
-1.196592926979065, -0.3813003599643707
