target,prediction
-0.12271331250667572, -1.0
-2.0899646282196045, -1.0
-2.133378744125366, -1.0
0.15889306366443634, -0.6700854897499084
-2.905723810195923, -0.6376068592071533
-0.32248878479003906, -1.0
-2.9097235202789307, -0.5811966061592102
-0.8103234767913818, -0.3504273593425751
-1.2054495811462402, -0.5897436141967773
