target,prediction
0.027365637943148613, 0.38856270909309387
0.7537703514099121, -0.5583403706550598
-0.5672956109046936, -0.3716297447681427
-0.600429117679596, -0.6598514318466187
0.051643237471580505, -0.7445086240768433
-0.8739579319953918, -0.19084984064102173
1.0985445976257324, 0.362287312746048
-0.2634817063808441, 0.27558356523513794
-0.9249155521392822, -0.3813003599643707
