{"loss": [0.05508855713738336, 0.03836105664571126, 0.03115637567308214, 0.028147726588779027, 0.02765207290649414, 0.021873051590389676, 0.01888734367158678, 0.017528900835249158, 0.014657657676272922, 0.016551669438680014, 0.017585236496395536, 0.014386453893449572, 0.012520188755459256, 0.009188113609949748, 0.009954690933227539, 0.01449993716345893, 0.011042810148662992, 0.0107102546426985, 0.009553760952419705, 0.009132694535785251, 0.013363712363772921, 0.013955532179938421, 0.007018839650683933, 0.007214219702614678, 0.007741736703448825, 0.005512466364436679, 0.006220508284038967, 0.007253660758336385, 0.007283104128307767, 0.011301506890190972, 0.014226328002081977, 0.013381339444054497, 0.008546590805053711, 0.013262890444861519, 0.0076966424783070884, 0.007142008013195462, 0.010731899738311767, 0.005850642257266574, 0.005673651562796699, 0.011167448096805149, 0.005805763933393691, 0.004983222153451708, 0.00569280121061537, 0.0155829562081231, 0.008332180314593846, 0.008202847507264879, 0.01225781175825331, 0.01854235463672214, 0.019141460789574516, 0.03892545964982774, 0.009126501613193089, 0.01027580632103814, 0.008685061004426745, 0.009688046905729506, 0.006234810749689738, 0.008906975057390002, 0.007717094156477186, 0.011713883611891004, 0.01620647774802314, 0.00979535977045695, 0.013993880483839247, 0.008763591448465982, 0.010243772135840521, 0.01170757876502143, 0.0053139878643883596, 0.009497633907530043, 0.016920220851898194, 0.0119634919696384, 0.02403403917948405, 0.013929025332132975, 0.014406100908915202, 0.027613321940104168, 0.032442733976576064, 0.04433234002855089, 0.03396806452009413, 0.020476451185014514, 0.020898973941802977, 0.031049362818400063, 0.018501522805955677, 0.039247504870096844, 0.02713548607296414, 0.0332680172390408, 0.015609055095248752, 0.02295256190829807, 0.013692420058780247, 0.013271053632100424, 0.0183517853418986, 0.010044160154130724, 0.008333873748779298, 0.027442158593071832, 0.01199882427851359, 0.011083904239866469, 0.032451319694519046, 0.0297001043955485, 0.017894616391923693, 0.015931255287594266, 0.04204285939534505, 0.01311383909649319, 0.012508058547973632, 0.019283342361450195, 0.010676236285103693, 0.017447151078118218, 0.013928201463487413, 0.014298081398010254, 0.04416985511779785, 0.017105702559153238, 0.010131206115086873, 0.046934752994113496, 0.02947880956861708], "mae": [0.17297851774427625, 0.1448727183871799, 0.13181243472629123, 0.12687933180067273, 0.12657738791571724, 0.11092455122205946, 0.10330882602267795, 0.09788795047336155, 0.08998150295681423, 0.09802059597439236, 0.09808007346259223, 0.0889995257059733, 0.08669528431362576, 0.07090602980719672, 0.0729475286271837, 0.09155205620659722, 0.08129235373602973, 0.07891801198323568, 0.07699679798550076, 0.07359516355726455, 0.09286775588989257, 0.09728203879462348, 0.06530499988132053, 0.06785774230957031, 0.0668578306833903, 0.05838559468587239, 0.06232087877061632, 0.06961828337775336, 0.06834189097086589, 0.09004962709214952, 0.09100099139743381, 0.08420455720689561, 0.07315784030490452, 0.08661277559068468, 0.06592395570543078, 0.06760629547966851, 0.08619937896728516, 0.06297986772325304, 0.055323722627427845, 0.08557123608059353, 0.056649102105034724, 0.05550107955932617, 0.05580875608656141, 0.08718584908379448, 0.07148022651672363, 0.0725332154168023, 0.0909642219543457, 0.10069495307074652, 0.11173170937432184, 0.16635402043660483, 0.07376252280341254, 0.06862903171115452, 0.07285633087158203, 0.07629341549343532, 0.05902996063232422, 0.07400533888075086, 0.06375485526190863, 0.0787355105082194, 0.09573257234361436, 0.07653513484530979, 0.0981997701856825, 0.07432221836513943, 0.07283461888631185, 0.08922370274861653, 0.05748682022094727, 0.0658390892876519, 0.10615403917100695, 0.0819376892513699, 0.10969021055433485, 0.09609089957343207, 0.08898359934488932, 0.1337612575954861, 0.13336942460801865, 0.1461358494228787, 0.14086187150743273, 0.1140504519144694, 0.10560068554348416, 0.14873491923014323, 0.10969987445407443, 0.15632813771565754, 0.1125525050693088, 0.1588655047946506, 0.10115996466742622, 0.11670635011461046, 0.08507901297675238, 0.0915331310696072, 0.09460821151733398, 0.0851295895046658, 0.07042696211073134, 0.15319153467814128, 0.08829630745781793, 0.08601333300272623, 0.16092628902859157, 0.15134122636583117, 0.1096996201409234, 0.08375976880391439, 0.17642927169799805, 0.09215771357218425, 0.08686788347032336, 0.1101989852057563, 0.08331647978888618, 0.10085687637329102, 0.0780932108561198, 0.0984635141160753, 0.18563404083251953, 0.10002800623575846, 0.07582452032301161, 0.15695998933580185, 0.13550339804755318]}