{"loss": [0.04689188003540039, 0.04214718341827393, 0.03305512964725495, 0.03910831809043884, 0.04581830203533173, 0.03417243659496307, 0.02974768877029419, 0.022426187992095947, 0.02114586979150772, 0.031014284491539, 0.027994567155838014, 0.03080236613750458, 0.02420702576637268, 0.01939060539007187, 0.017238926887512208, 0.03445838093757629, 0.027029702067375184, 0.024491922557353975, 0.015721860527992248, 0.016163867712020875, 0.031418347358703615, 0.031329947710037234, 0.015768933296203613, 0.01161714494228363, 0.015881112217903136, 0.014216525852680207, 0.013801351189613342, 0.011874143034219742, 0.018255157768726347, 0.012555743753910064, 0.029007342457771302, 0.01699957549571991, 0.021156583726406098, 0.02200061231851578, 0.015403901040554047, 0.013797330856323241, 0.0068345144391059875, 0.008063516020774842, 0.009788395464420318, 0.017615059018135072, 0.008864355087280274, 0.010486751049757003, 0.008210012316703796, 0.010811211168766021, 0.012661507725715638, 0.00569739043712616, 0.017699536681175233, 0.01676049828529358, 0.026663440465927123, 0.03648621141910553, 0.01414649337530136, 0.0066001549363136295, 0.00921086072921753, 0.012128087878227233, 0.006197905167937279, 0.016128839552402498, 0.006569603830575943, 0.010644084215164185, 0.0047499299049377445, 0.018042179942131042, 0.015897244215011597, 0.022129008173942567, 0.015804509818553924, 0.007119201123714447, 0.01549793928861618, 0.011393976211547852, 0.026754745841026308, 0.012392346560955048, 0.004412708431482315, 0.01619355082511902, 0.02321813702583313, 0.017389148473739624, 0.011187675595283508, 0.02789086401462555, 0.06899664998054504, 0.021353879570961, 0.014273835718631745, 0.022983001172542573, 0.006686119735240937, 0.06840748190879822, 0.008617549389600753, 0.02541344165802002, 0.021409879624843597, 0.03566232919692993, 0.020025070011615752, 0.020620155334472656, 0.006358009576797485, 0.009718593209981918, 0.017361739277839662, 0.03404751121997833, 0.027798545360565186, 0.007629412412643433, 0.04595040380954742, 0.028189748525619507, 0.03662051558494568, 0.01408156454563141, 0.03433394730091095, 0.021956238150596618, 0.009081126749515533, 0.01665625274181366, 0.005604473873972893, 0.014332345128059388, 0.025316667556762696, 0.014687904715538025, 0.022280950844287873, 0.03778015077114105, 0.01800420731306076, 0.012160070240497589, 0.025562524795532227], "mae": [0.16483234167098998, 0.16182869672775269, 0.14180262088775636, 0.15699070692062378, 0.1639256238937378, 0.14696907997131348, 0.1395878791809082, 0.12154145240783691, 0.1200598120689392, 0.1355419635772705, 0.1302889585494995, 0.13673516511917114, 0.12346094846725464, 0.11214309930801392, 0.10486724376678466, 0.14264527559280396, 0.12807090282440187, 0.12262157201766968, 0.0989192247390747, 0.0980228304862976, 0.13174788951873778, 0.12775101661682128, 0.10598851442337036, 0.09483705759048462, 0.09971129894256592, 0.10049698352813721, 0.09698238372802734, 0.08812218904495239, 0.09756371974945069, 0.09205968379974365, 0.1214750051498413, 0.09137891530990601, 0.1082424283027649, 0.09762985706329345, 0.09630597829818725, 0.10133960247039794, 0.07555958032608032, 0.07642196416854859, 0.08306114673614502, 0.10366798639297485, 0.07130649089813232, 0.08519389629364013, 0.06353352665901184, 0.08147460818290711, 0.10005519390106202, 0.06257935166358948, 0.09441285133361817, 0.08795491456985474, 0.12743569612503053, 0.1728987216949463, 0.09785797595977783, 0.06539186239242553, 0.07754299640655518, 0.09347535371780395, 0.06126396656036377, 0.11022346019744873, 0.06720281839370727, 0.090389883518219, 0.05429646372795105, 0.11088069677352905, 0.1059147596359253, 0.1294948697090149, 0.11736804246902466, 0.064064621925354, 0.10056359767913818, 0.0851987361907959, 0.14524894952774048, 0.08856480121612549, 0.06223117709159851, 0.10205298662185669, 0.13684016466140747, 0.11636825799942016, 0.08274201154708863, 0.10999689102172852, 0.2314969301223755, 0.1280604124069214, 0.08812367916107178, 0.1263846278190613, 0.06131870150566101, 0.21671993732452394, 0.0768521785736084, 0.11880967617034913, 0.11962918043136597, 0.16055289506912232, 0.12478320598602295, 0.11160814762115479, 0.06510010957717896, 0.07516716122627258, 0.10712180137634278, 0.1784587860107422, 0.12916219234466553, 0.07747838497161866, 0.19246673583984375, 0.13575743436813353, 0.14598026275634765, 0.10615370273590088, 0.1662010669708252, 0.10160484313964843, 0.07921372652053833, 0.09539739489555359, 0.05452076196670532, 0.08491233587265015, 0.10988011360168456, 0.09455076456069947, 0.11813405752182007, 0.15502320528030394, 0.11345964670181274, 0.09997905492782592, 0.14428969621658325]}