target,prediction
-1.107802391052246, -0.9528473019599915
-1.061875343322754, -0.9778019785881042
-1.0628564357757568, -0.9350743293762207
-1.081437587738037, -0.8988755941390991
-1.0250661373138428, -0.9978962540626526
-1.22553551197052, -0.9313746690750122
-1.0561792850494385, -0.9833151698112488
-1.195508599281311, -0.9360173940658569
-1.0677313804626465, -0.9751904010772705
