target,prediction
-0.5609883666038513, -0.9921730756759644
-0.8963704705238342, -0.8899502754211426
-0.5616607069969177, -0.5835279822349548
-0.79800945520401, -0.9991704225540161
-0.766136646270752, -0.89494389295578
-0.9992843866348267, -0.969939112663269
-0.5298414826393127, -0.9870376586914062
-0.5291820168495178, -0.9881988763809204
-0.6839309334754944, -0.9948689341545105
