target,prediction
-0.316476434469223, -0.9921730756759644
-0.8378570079803467, -0.8899502754211426
-0.50106281042099, -0.5835279822349548
-0.49796849489212036, -0.9991704225540161
-0.5447862148284912, -0.89494389295578
-0.8459652066230774, -0.969939112663269
-0.124001644551754, -0.9870376586914062
-0.5346843004226685, -0.9881988763809204
-0.593460202217102, -0.9948689341545105
