target,prediction
-1.1457575559616089, -0.9528473019599915
-1.2095335721969604, -0.9778019785881042
-0.9880564212799072, -0.9350743293762207
-1.1204506158828735, -0.8988755941390991
-1.0246847867965698, -0.9978962540626526
-1.0245544910430908, -0.9313746690750122
-1.2013956308364868, -0.9833151698112488
-1.0010600090026855, -0.9360173940658569
-0.9180278182029724, -0.9751904010772705
