target,prediction
-0.9250887632369995, -0.6410256624221802
-1.162905216217041, -0.8461538553237915
-1.1890696287155151, -1.0
-0.16637876629829407, -1.0
-1.4767225980758667, -0.9606837630271912
-0.9411437511444092, -0.6666666865348816
-1.191544771194458, -0.916239321231842
-1.2576500177383423, -1.0
-1.0506943464279175, -1.0
