target,prediction
-0.9739633202552795, -0.9954615235328674
-0.8625825047492981, -0.9981775879859924
-1.2449597120285034, -0.9981014132499695
-1.0642739534378052, -0.9718270897865295
-0.7480440735816956, -0.9956896305084229
-0.8504273891448975, -0.9583202004432678
-0.8962137699127197, -0.8246792554855347
-0.5856536626815796, -0.8119339346885681
-0.9290398359298706, -0.9829331040382385
