target,prediction
-0.8516741394996643, -0.8874830007553101
0.10998751223087311, -1.0
-0.401183158159256, -0.4490186274051666
-0.7698970437049866, -1.0
-0.31517890095710754, -0.32222360372543335
-0.8065351843833923, -1.0
-0.7807773351669312, -0.9991564750671387
-0.5788809061050415, -0.825042188167572
-0.49318408966064453, -0.6010986566543579
