target,prediction
0.27911442518234253, -0.3355972468852997
1.7714959383010864, 0.7511199116706848
0.7252129316329956, 0.07588529586791992
0.8755610585212708, 0.015420551411807537
0.19367925822734833, 0.028463594615459442
1.3128342628479004, 0.4232093095779419
0.7632622718811035, 0.06467325985431671
0.4108348488807678, 0.08671718835830688
0.9109269976615906, 0.10733789950609207
