{"loss": [0.03909357123904758, 0.019266074233584934, 0.01706415812174479, 0.016409912374284533, 0.01355325248506334, 0.013194202052222357, 0.012942961851755778, 0.012585364447699653, 0.014409920904371473, 0.009734485546747844, 0.009496323267618815, 0.008351223998599583, 0.01007050805621677, 0.00843923290570577, 0.009193260139889187, 0.008134892251756455, 0.014087729983859591, 0.005706969234678481, 0.008489676978853014, 0.005010031660397847, 0.005470422241422865, 0.017900274859534368, 0.00612564484278361, 0.010904657840728759, 0.005329467190636529, 0.006415980392032199, 0.016180312633514403, 0.007290940152274238, 0.004557870162857904, 0.008157879776424832, 0.005013070503870646, 0.011363104979197184, 0.005713786019219292, 0.00872344175974528, 0.005392951766649882, 0.007410797145631578, 0.009842570622762043, 0.00939530332883199, 0.004252481129434374, 0.007027793592876858, 0.016132843494415284, 0.007816163036558363, 0.004708335134718153, 0.012254149383968778, 0.013555363814036051, 0.010609466499752468, 0.006811477740605672, 0.006826747126049465, 0.01517954534954495, 0.010441095961464777, 0.01199744012620714, 0.07861504554748536, 0.02869083881378174, 0.049328449037339954, 0.017904754479726157, 0.04132655461629232, 0.018470263481140135, 0.017211363050672744, 0.02663468254937066, 0.04169878429836697, 0.030930124388800728, 0.013972128762139215, 0.029192492696974014, 0.03382420539855957, 0.020788615279727512, 0.01364370584487915, 0.013923025131225586, 0.015365176730685763, 0.057476207945081924, 0.08003652890523275, 0.04120253721872966, 0.11783794826931424, 0.017737000518374974, 0.02037618425157335, 0.03503369755215115, 0.06201326052347819, 0.025133580631679957, 0.02760039965311686, 0.026321326361762154, 0.03265896373324924, 0.018633830547332763, 0.03235647678375244, 0.029303129514058432], "mae": [0.16027295854356555, 0.08348037401835123, 0.07751824061075846, 0.07255268096923828, 0.06882182227240669, 0.07441187964545357, 0.07960096995035808, 0.07783336639404297, 0.09030754301283095, 0.05764747725592719, 0.06604314910040962, 0.05845209757486979, 0.06377852227952745, 0.057827626334296334, 0.06522194544474284, 0.05502892600165473, 0.09646326700846354, 0.048752239015367294, 0.06159497367011176, 0.04783664279513889, 0.04922809600830078, 0.09213510089450412, 0.06127919620937771, 0.08461223708258735, 0.05614736874898275, 0.06623027589586046, 0.11211591296725804, 0.06637836032443577, 0.05126356548733181, 0.0783400747511122, 0.05931814511617025, 0.09528565936618381, 0.0532497141096327, 0.07529789606730143, 0.059008587731255426, 0.06685696707831489, 0.07156735526190863, 0.06651665369669596, 0.04711374706692166, 0.06626235114203559, 0.10912117428249783, 0.0663408014509413, 0.05064952638414171, 0.07375820477803548, 0.09625562032063802, 0.06803802914089627, 0.06046014891730415, 0.0655515087975396, 0.09529749552408855, 0.07309283150566949, 0.08360215293036567, 0.25888934665256075, 0.14607743157280817, 0.17233944998847114, 0.11193808449639214, 0.18076608445909287, 0.10374134911431207, 0.10948636796739367, 0.1166155285305447, 0.16835827297634548, 0.1368644502427843, 0.09791648652818467, 0.1365351570977105, 0.1433203485276964, 0.11177444458007812, 0.08566970295376247, 0.08673858642578125, 0.09762772454155816, 0.1961815940009223, 0.2530146280924479, 0.15279352400037977, 0.30569203694661456, 0.10224224726359049, 0.11454657448662652, 0.151135868496365, 0.21018021901448566, 0.12414257261488172, 0.1374955283270942, 0.12253270679050021, 0.1464461220635308, 0.10324677361382378, 0.1339130507575141, 0.13598853217230902]}