{"loss": [0.045929521322250366, 0.010710372030735016, 0.009024657309055328, 0.011975148320198059, 0.01382393091917038, 0.009111164510250092, 0.01629953533411026, 0.017330965399742125, 0.02885690927505493, 0.008888232707977294, 0.016523143649101256, 0.013573694229125976, 0.02104158401489258, 0.011447158455848695, 0.01941019296646118, 0.017083270847797392, 0.03930011987686157, 0.010477502644062043, 0.011451248824596406, 0.011308494210243224, 0.012835818529129028, 0.013778160512447356, 0.007564231753349304, 0.005394168943166733, 0.017350873351097106, 0.022444042563438415, 0.048870441317558286, 0.009404510259628296, 0.012288059294223785, 0.018004387617111206, 0.01458066701889038, 0.035707151889801024, 0.007760140299797058, 0.028737783432006836, 0.015235139429569245, 0.01322062462568283, 0.008302601426839829, 0.009516024589538574, 0.012969550490379334, 0.011363198608160019, 0.0135874405503273, 0.010181865096092224, 0.014928688108921052, 0.009834466874599457, 0.02110772430896759, 0.011637572944164277, 0.013139380514621735, 0.009384647011756897, 0.015251487493515015, 0.010094504058361053, 0.013869944214820861, 0.0932269811630249, 0.057992398738861084, 0.020385991036891937, 0.009188959002494812, 0.07131633758544922, 0.014748623967170716, 0.012818042933940888, 0.011868788301944733, 0.03471782207489014, 0.02670314908027649, 0.015200567245483399, 0.050095903873443606, 0.06656140685081482, 0.013264395296573639, 0.010950566828250885, 0.015143002569675445, 0.021352560818195344, 0.0519184947013855, 0.06606690883636475, 0.037139892578125, 0.09129246473312377, 0.02802011966705322, 0.026728832721710206, 0.014520373940467835, 0.05294795036315918, 0.026297342777252198, 0.041419589519500734, 0.01647372841835022, 0.045856434106826785, 0.020723897218704223, 0.02363012433052063, 0.0375906765460968], "mae": [0.19813230037689208, 0.07746237516403198, 0.07184178829193115, 0.07769168615341186, 0.0866262972354889, 0.07818207740783692, 0.09916679263114929, 0.10588321685791016, 0.14246753454208375, 0.06174823045730591, 0.10032944679260254, 0.08733174800872803, 0.1087274432182312, 0.07883458137512207, 0.10480902194976807, 0.09474526643753052, 0.1616552948951721, 0.07381726503372192, 0.07477179765701295, 0.07715765237808228, 0.07886049747467042, 0.09005717635154724, 0.06714075803756714, 0.0623534619808197, 0.10650681257247925, 0.12281047105789185, 0.19988205432891845, 0.07234378457069397, 0.08524026870727539, 0.11398794651031494, 0.09231527447700501, 0.16583086252212526, 0.05942875146865845, 0.1402200698852539, 0.08992809653282166, 0.08483278155326843, 0.07533702254295349, 0.07881177067756653, 0.08335069417953492, 0.07765326499938965, 0.10739357471466064, 0.08067493438720703, 0.08973450660705566, 0.07298935055732728, 0.12119085788726806, 0.07025458216667176, 0.09006242752075196, 0.08186646699905395, 0.10581412315368652, 0.07481176853179931, 0.0943204939365387, 0.27038986682891847, 0.22230591773986816, 0.1140662431716919, 0.07507368922233582, 0.24502553939819335, 0.09772834777832032, 0.09921145439147949, 0.08499889373779297, 0.1566663146018982, 0.14103169441223146, 0.11676326990127564, 0.15848408937454223, 0.18675904273986815, 0.09260355234146118, 0.09424378275871277, 0.10556021928787232, 0.12045441865921021, 0.1806889772415161, 0.2125763177871704, 0.16919519901275634, 0.257435941696167, 0.13831689357757568, 0.15173447132110596, 0.09330278038978576, 0.20529577732086182, 0.12606714963912963, 0.17713180780410767, 0.11277415752410888, 0.15584441423416137, 0.11049041748046876, 0.14039573669433594, 0.15625417232513428]}