target,prediction
-0.256577730178833, -0.3742330074310303
-0.46361488103866577, 0.020833097398281097
-0.10143239796161652, -0.5065705180168152
-0.5310608148574829, 0.210304394364357
-0.2221292406320572, -0.4882643222808838
-0.0012342184782028198, 0.30756133794784546
-0.5512843132019043, 0.21211561560630798
-0.26032817363739014, -0.4152171015739441
-0.3409186005592346, -0.4829823076725006
