target,prediction
-0.37356001138687134, -0.3355972468852997
1.166435956954956, 0.7511199116706848
0.70322585105896, 0.07588529586791992
0.3863937556743622, 0.015420551411807537
-0.5830936431884766, 0.028463594615459442
0.7190997004508972, 0.4232093095779419
0.11060093343257904, 0.06467325985431671
0.18686701357364655, 0.08671718835830688
0.3311213552951813, 0.10733789950609207
