target,prediction
-0.9688329100608826, -0.951178789138794
-0.831787645816803, -0.9368153810501099
-0.6465991139411926, -0.8494740724563599
-0.8679956793785095, -0.9773666858673096
-0.9840101599693298, -0.9245556592941284
-0.38744932413101196, -0.9505259394645691
-0.8971214890480042, -0.9788901209831238
-1.2739927768707275, -0.9301414489746094
-1.07062566280365, -0.8605731129646301
