target,prediction
11.249308586120605, -0.2643006145954132
0.5249828696250916, 0.04099501296877861
4.186612606048584, 0.33375921845436096
-0.4912518560886383, 0.2685486972332001
-0.1837107241153717, 0.4959885776042938
-0.3561951220035553, -0.15679432451725006
-0.4647118151187897, 0.2917960286140442
-0.6561949253082275, 0.12670809030532837
-0.3066015839576721, 0.4713987410068512
