target,prediction
-1.0720367431640625, -0.7304806113243103
-0.9014915227890015, -0.7985579967498779
-1.0417288541793823, -0.6685413718223572
-0.40931814908981323, -0.6060441732406616
-0.5111481547355652, -0.8392928242683411
-0.5359746217727661, -0.6250165104866028
-0.5192754864692688, -0.9531270861625671
-0.5228589773178101, -0.9497789740562439
-0.4628349542617798, -0.9341546893119812
