{"loss": [0.055311623960733414, 0.04471274092793465, 0.02771146595478058, 0.022003047168254852, 0.019865144044160843, 0.018329262733459473, 0.016281887888908386, 0.0205361507833004, 0.019202150404453278, 0.019522307440638542, 0.020139947533607483, 0.01903645135462284, 0.02213059924542904, 0.019313251599669456, 0.020180076360702515, 0.02337747812271118, 0.022728458046913147, 0.020662905648350716, 0.021772898733615875, 0.02291300892829895, 0.01652386225759983, 0.0271101463586092, 0.01687851920723915, 0.02380073070526123, 0.020494375377893448, 0.024235224351286888, 0.02094871923327446, 0.023280557245016098, 0.02017521858215332, 0.021152302622795105, 0.019417332485318184, 0.021177202463150024, 0.018632948398590088, 0.018863214179873466, 0.021133659407496452, 0.0208306685090065, 0.018520982936024666, 0.022646237164735794, 0.0201413631439209, 0.017431341111660004, 0.022907957434654236, 0.022168464958667755, 0.017822114750742912, 0.016600316390395164, 0.014469743706285954, 0.019519105553627014, 0.02169671654701233, 0.026152998208999634, 0.01743275672197342, 0.028556155040860176, 0.0314314179122448, 0.023183569312095642, 0.019971460103988647, 0.01633249595761299, 0.020890096202492714, 0.01912664622068405, 0.02149679884314537, 0.02069132961332798, 0.01739327795803547, 0.021203715354204178, 0.019205298274755478, 0.02862185426056385, 0.02039208821952343, 0.021012064069509506, 0.01826813817024231, 0.02632722444832325, 0.04267742484807968, 0.02959911897778511, 0.02407923899590969, 0.028704289346933365, 0.026418376713991165, 0.03620970994234085, 0.034933287650346756, 0.02181883528828621, 0.02196943387389183, 0.06012456864118576, 0.06518298387527466, 0.014253634959459305, 0.026368889957666397, 0.04170108586549759, 0.01914142444729805, 0.035057466477155685, 0.02187676914036274, 0.016256652772426605, 0.032700568437576294, 0.019771840423345566, 0.021378230303525925, 0.031201370060443878, 0.020443003624677658, 0.020766550675034523, 0.03806621581315994, 0.020812571048736572, 0.030769122764468193, 0.017793990671634674, 0.027330366894602776], "mae": [0.18729624152183533, 0.17082463204860687, 0.1218385174870491, 0.10176131129264832, 0.0934520810842514, 0.08675508201122284, 0.08486205339431763, 0.09856918454170227, 0.09575527906417847, 0.0964580625295639, 0.09975965321063995, 0.09463704377412796, 0.10818798094987869, 0.09536575525999069, 0.09810762107372284, 0.11145719140768051, 0.10641598701477051, 0.0970369279384613, 0.10039885342121124, 0.10485146194696426, 0.07833181321620941, 0.12556278705596924, 0.08059778809547424, 0.11164499819278717, 0.09409944713115692, 0.11170877516269684, 0.09477189928293228, 0.10274910181760788, 0.09124954789876938, 0.09446839988231659, 0.08612234145402908, 0.09614327549934387, 0.08786569535732269, 0.0869583934545517, 0.0946725532412529, 0.09519125521183014, 0.08544966578483582, 0.09948711097240448, 0.08781015872955322, 0.08457741141319275, 0.10717073082923889, 0.09851780533790588, 0.078432098031044, 0.0776006206870079, 0.07447932660579681, 0.09136398136615753, 0.1028788760304451, 0.12158794701099396, 0.08304166048765182, 0.12844455242156982, 0.13562265038490295, 0.11042162775993347, 0.09791605919599533, 0.08637155592441559, 0.08666103333234787, 0.08631463348865509, 0.09543778002262115, 0.08369335532188416, 0.07800418138504028, 0.11041083931922913, 0.09289457648992538, 0.11734576523303986, 0.08691006898880005, 0.08630536496639252, 0.08169130980968475, 0.10684500634670258, 0.1601375937461853, 0.12069590389728546, 0.08733943849802017, 0.1181875690817833, 0.1045815646648407, 0.15624307096004486, 0.13322041928768158, 0.10501877218484879, 0.09078611433506012, 0.20827564597129822, 0.21714602410793304, 0.0907413512468338, 0.09902896732091904, 0.1452999711036682, 0.09944134950637817, 0.15018188953399658, 0.10136228799819946, 0.09143374860286713, 0.11710885167121887, 0.08407432585954666, 0.1034701019525528, 0.12744247913360596, 0.11257167160511017, 0.08518609404563904, 0.1408115029335022, 0.1161685436964035, 0.12912291288375854, 0.10334925353527069, 0.12993159890174866]}