{"loss": [0.0670087445865978, 0.042840778827667236, 0.027752911502664738, 0.01898425817489624, 0.013985480774532665, 0.009857219728556547, 0.006142983382398432, 0.005320899527181278, 0.003811632367697629, 0.0028637776320630855, 0.002130938524549658, 0.0015418604016304016, 0.0014408276501027021, 0.0009000183675776829, 0.0007074950262904167, 0.0010064779357476668, 0.0006098006428642707, 0.0004943867044692689, 0.0005462021905590187, 0.0006259768269956112, 0.0019026557830247011, 0.0020258711142973466, 0.0022016536783088336, 0.0015011277388442647, 0.0008167091079733589, 0.0013139403679154136, 0.00036045578731731934, 0.0007816851139068604, 0.0004245564341545105, 0.00038579063998027283, 0.0005001893944360993, 0.0006018229336901145, 0.000451524614949118, 0.0004376980306749994, 0.000620706303214485, 0.0004034975374286825, 0.000503700395876711, 0.000611799345775084, 0.0005788842046802694, 0.0005407374436882409, 0.0017227584665471857, 0.0007188800214366479, 0.001348990269682624, 0.000998265025290576, 0.001538342372937636, 0.0007576063613999974, 0.001244915310632099, 0.0031774294647303495, 0.0008814928375861862, 0.005450878630984913, 0.006098602983084592, 0.0033144134689461102, 0.001286476342515512, 0.00740831887180155, 0.00169877674091946, 0.001390365037051114, 0.0014720118858597496, 0.0016768400303342125, 0.0010613275014541366, 0.004097119651057504, 0.0019151930781927977, 0.003834603185003454, 0.0012546549974517388, 0.0016862966797568581, 0.0009013271297920834, 0.0024554612623019652, 0.010336135598746214, 0.004063879901712591, 0.0031706650148738513, 0.006773225963115692, 0.002993285655975342, 0.009325373579155315, 0.00565763766115362, 0.0077156519347971134, 0.00577512722123753, 0.04285661198876121, 0.07055439732291481, 0.011832283301786943, 0.010758231309327211, 0.01864674280990254, 0.013636677102609114, 0.03863416205752979, 0.00851129334081303, 0.0069670602679252625, 0.01098334247415716, 0.0030611275949261403, 0.00955589996142821, 0.009685201401060278, 0.00838897851380435, 0.0018722948364236138, 0.010727923024784435, 0.013581865213134071, 0.006577467376535589, 0.008749293332750147, 0.007963135838508606], "mae": [0.1806360591541637, 0.13930915702473035, 0.10378069227392023, 0.08373052423650568, 0.07242850281975487, 0.06217619505795566, 0.05417278679934415, 0.04836374521255493, 0.043220276182348076, 0.038808161562139336, 0.035158379511399704, 0.03002630038694902, 0.03086645765738054, 0.022011580792340366, 0.019345081665299156, 0.025732839649373836, 0.019234047694639725, 0.01707900654185902, 0.018361812288110905, 0.020148485898971558, 0.03365525061433965, 0.04016848043961958, 0.0363936803557656, 0.03135968338359486, 0.019132928414778275, 0.03178572383793918, 0.014487420970743353, 0.02236561341719194, 0.014620599421587858, 0.015127718448638916, 0.015634433789686722, 0.01936212588440288, 0.016991046341982754, 0.015494342554699291, 0.019355206327004867, 0.01571833003651012, 0.015895873308181763, 0.0202311480587179, 0.016694589094682175, 0.014642287384379993, 0.03669609264893965, 0.022061263973062687, 0.028789642182263462, 0.026975409551100296, 0.0322963839227503, 0.021122386509721928, 0.03154840794476596, 0.05169349366968328, 0.021477175029841335, 0.066001680764285, 0.07082909345626831, 0.04948839274319736, 0.02961022745479237, 0.07207183946262706, 0.024908659133044155, 0.0274073833769018, 0.02961172569881786, 0.02713886174288663, 0.02402494712309404, 0.04555402560667558, 0.03158740834756331, 0.050567719069394196, 0.02677070823582736, 0.028606888922778042, 0.02197572182525288, 0.041998413476076996, 0.09527526118538597, 0.05603358962319114, 0.03991801901297136, 0.06698353724046187, 0.040161812847310845, 0.08549077944322066, 0.05999097498980435, 0.07391366091641513, 0.059345478361303154, 0.18115962635387073, 0.23107760602777655, 0.08760020407763394, 0.08213939991864291, 0.11045061458240855, 0.088495211167769, 0.18219960819591174, 0.0695057673887773, 0.06647590073672208, 0.08901829611171376, 0.041808653961528434, 0.07523867216977206, 0.08821180733767423, 0.0840871117331765, 0.03422777490182356, 0.0951417467810891, 0.110712008042769, 0.07372411272742531, 0.08040427077900279, 0.07813931595195424]}