target,prediction
-0.44720402359962463, -1.0
-0.5731344819068909, -1.0
-1.2631151676177979, -1.0
-0.6607866287231445, -0.6700854897499084
-0.7549826502799988, -0.6376068592071533
-0.7731878161430359, -1.0
-0.4050602912902832, -0.5811966061592102
-0.4691693186759949, -0.3504273593425751
-1.3130987882614136, -0.5897436141967773
