target,prediction
-0.02764098346233368, -0.1407439410686493
-0.35076314210891724, -1.0
0.09215481579303741, -1.0
-0.4011121392250061, -0.7937497496604919
0.5055454969406128, -0.8054355382919312
-0.7177503108978271, -1.0
-0.099643275141716, 0.03954244405031204
-0.5558239817619324, -0.7793070673942566
-1.4345537424087524, -1.0
