{"loss": [0.258654424879286, 0.18285969628228083, 0.1393702189127604, 0.13361338509453669, 0.11524330774943034, 0.10490812725490994, 0.09116153717041016, 0.07893327077229818, 0.07689231766594781, 0.06323255432976617, 0.04544784228006999, 0.06593285666571723, 0.054633569717407224, 0.0617112742529975, 0.05158982806735569, 0.06016017066107856, 0.05861193868849013, 0.03629372914632161, 0.04819502300686306, 0.02901645236545139, 0.030943388409084744, 0.03421167267693414, 0.029981361495123968, 0.02610789140065511, 0.03694107532501221, 0.032649445533752444, 0.030253100395202636, 0.02795884609222412, 0.0341490454143948, 0.04881212976243761, 0.02980829609764947, 0.03218779828813341, 0.02383652793036567, 0.064130613538954, 0.06068493525187175, 0.04125608603159587, 0.02606889141930474, 0.023321890830993654, 0.03781465159522163, 0.023670495880974664, 0.026825335290696885, 0.020707592699262832, 0.03405441443125407, 0.03845518430074056, 0.023917767736646865, 0.028330601586235894, 0.023350705040825738, 0.025563213560316298, 0.029451174206203884, 0.024599509769015843, 0.03290661176045736, 0.04070488346947564, 0.05593428611755371, 0.028855125109354656, 0.028036949369642468, 0.03321275975969103, 0.05810508198208279, 0.048205762439303926, 0.039996287557813856, 0.04788244565327962, 0.02224463621775309, 0.0229929076300727, 0.035590598318311906, 0.028460031085544162, 0.0302806642320421, 0.09336331685384115, 0.24562303755018447, 0.08571842511494955, 0.10114897622002496, 0.03051444954342312, 0.02858287493387858, 0.032496102650960285, 0.03767616748809814, 0.04679278267754449, 0.04298299418555366, 0.024579898516337077, 0.020380593670739067, 0.018775929345024957, 0.042142939567565915], "mae": [0.4496301862928602, 0.3355166541205512, 0.30514341990152993, 0.30900940365261503, 0.27818060980902776, 0.2689984639485677, 0.24323355356852214, 0.2236788855658637, 0.236439577738444, 0.20645728641086156, 0.17065603468153212, 0.22155306074354383, 0.18452303144666884, 0.2054796642727322, 0.1866806666056315, 0.20897776285807293, 0.20797799428304037, 0.1461846457587348, 0.17769396040174695, 0.12674012713962132, 0.1397528224521213, 0.14953475528293186, 0.12533126407199435, 0.12165505091349284, 0.1530461099412706, 0.14141671922471788, 0.1368487040201823, 0.12951352861192492, 0.12469398710462783, 0.1911926481458876, 0.13512164221869574, 0.1377511872185601, 0.11764691670735677, 0.22302534315321182, 0.21822410159640843, 0.18036185370551217, 0.12331089443630643, 0.119040224287245, 0.13391921785142685, 0.10010072920057508, 0.12410008112589518, 0.10192962222629123, 0.1465642399258084, 0.15252265930175782, 0.11197677188449436, 0.12453933291965061, 0.11881611082288954, 0.12852048873901367, 0.13315969043307835, 0.11604439417521159, 0.13062666787041557, 0.14958923127916124, 0.2021754582722982, 0.14097262488471138, 0.12850304709540472, 0.15447664260864258, 0.19159520467122396, 0.18724772135416667, 0.15327826605902778, 0.18960643344455294, 0.12140951156616211, 0.12132212320963541, 0.15605132844713, 0.1317088974846734, 0.13515743679470485, 0.24699393378363715, 0.4000389099121094, 0.2086131837632921, 0.25669214460584855, 0.13726193110148113, 0.1335025469462077, 0.13214708964029948, 0.14370926751030816, 0.17610899607340494, 0.16005838182237414, 0.12105432086520725, 0.11410025490654839, 0.11054968304104275, 0.1527298397488064]}