{"loss": [0.18729900121688842, 0.08857404589653015, 0.07811706066131592, 0.07969235181808472, 0.06007535457611084, 0.055036681890487674, 0.04488140344619751, 0.03743793368339539, 0.05020248889923096, 0.034559938311576846, 0.028176572918891907, 0.05264045000076294, 0.026992183923721314, 0.03701466023921966, 0.03617582619190216, 0.047808212041854856, 0.04640258252620697, 0.01945246458053589, 0.03463394343852997, 0.017725956439971925, 0.025122594833374024, 0.03251072466373443, 0.016965596377849577, 0.02232128381729126, 0.032892423868179324, 0.0272892564535141, 0.029129761457443237, 0.022815556824207307, 0.01024942696094513, 0.05250824689865112, 0.028002694249153137, 0.03159247934818268, 0.02708134949207306, 0.07577897906303406, 0.0633260190486908, 0.0463079571723938, 0.025739717483520507, 0.026799961924552917, 0.023384276032447814, 0.019476892054080965, 0.037113964557647705, 0.027739816904067995, 0.03426275849342346, 0.03854072391986847, 0.0364910900592804, 0.035024768114089964, 0.051401710510253905, 0.02896108627319336, 0.019946208596229552, 0.02115575671195984, 0.019194456934928893, 0.012632682919502258, 0.0841469407081604, 0.053433573246002196, 0.01945420652627945, 0.05348575711250305, 0.025402283668518065, 0.043226543068885806, 0.011773628741502761, 0.028952935338020326, 0.03188086450099945, 0.030782988667488097, 0.042811617255210876, 0.018049198389053344, 0.03448602557182312, 0.09136916995048523, 0.32249913215637205, 0.05566189885139465, 0.06903764009475707, 0.04810957312583923, 0.02228218913078308, 0.02824590802192688, 0.020544177293777464, 0.05609484910964966, 0.036119526624679564, 0.03880845904350281, 0.03278893828392029, 0.017715586721897124, 0.01778791695833206], "mae": [0.383137845993042, 0.25611412525177, 0.23486430644989015, 0.23116540908813477, 0.2055048704147339, 0.19403496980667115, 0.18268061876296998, 0.1687014579772949, 0.17874566316604615, 0.15227479934692384, 0.14184446334838868, 0.19587256908416747, 0.1360926151275635, 0.1512637495994568, 0.15233863592147828, 0.18179898262023925, 0.17745320796966552, 0.09996142387390136, 0.14466408491134644, 0.10946931838989257, 0.13710633516311646, 0.16312544345855712, 0.10869398117065429, 0.12670761346817017, 0.15406333208084105, 0.136734676361084, 0.14503638744354247, 0.1267469644546509, 0.08488001227378845, 0.2053534984588623, 0.14732295274734497, 0.15325745344161987, 0.14274441003799437, 0.2514250993728638, 0.22299177646636964, 0.1867811679840088, 0.14726253747940063, 0.14061317443847657, 0.1247676134109497, 0.12005963325500488, 0.175450336933136, 0.13458253145217897, 0.16074564456939697, 0.15387927293777465, 0.16200361251831055, 0.1604183554649353, 0.18788368701934816, 0.14450110197067262, 0.11360135078430175, 0.11993420124053955, 0.11244388818740844, 0.09420279264450074, 0.24739742279052734, 0.17524019479751587, 0.11179695129394532, 0.17960669994354247, 0.09974329471588135, 0.16065516471862792, 0.09155136346817017, 0.13003063201904297, 0.13349820375442506, 0.14816341400146485, 0.18276488780975342, 0.11615393161773682, 0.16473939418792724, 0.258404541015625, 0.5171060562133789, 0.20482792854309081, 0.24288525581359863, 0.1462559461593628, 0.13864622116088868, 0.13266890048980712, 0.1008275032043457, 0.21704039573669434, 0.11555713415145874, 0.15705375671386718, 0.15847413539886473, 0.10845919847488403, 0.12070925235748291]}