target,prediction
2.2006211280822754, -0.2643006145954132
-0.21942786872386932, 0.04099501296877861
1.2463620901107788, 0.33375921845436096
-0.6894944310188293, 0.2685486972332001
-0.1149684339761734, 0.4959885776042938
-0.3937031626701355, -0.15679432451725006
-0.0421818345785141, 0.2917960286140442
-0.2305970937013626, 0.12670809030532837
0.011432603001594543, 0.4713987410068512
