target,prediction
-0.3327769935131073, -1.0
-0.8684229850769043, -0.8666666746139526
-0.6240344047546387, -1.0
-0.8583391904830933, -0.8358974456787109
-0.49472132325172424, -0.44273504614830017
-0.521976888179779, -0.7982906103134155
-0.6766862869262695, -0.5726495981216431
-0.49030202627182007, -1.0
-0.40228626132011414, -1.0
