target,prediction
-0.4997275769710541, -0.8231104612350464
-0.655764639377594, -0.8376187682151794
-0.3292030394077301, -0.9854916930198669
-0.2859802544116974, -0.6484529972076416
-0.446059912443161, -0.9296905994415283
-0.3099203407764435, -0.9088581800460815
-0.4103960692882538, -0.8716574311256409
-0.4235510528087616, -0.6121822595596313
-0.2384365350008011, -0.7182043790817261
