target,prediction
-0.5586337447166443, -0.7851657271385193
-0.5075016021728516, -0.6501270532608032
-0.9529199600219727, -0.9410796761512756
-0.8562307953834534, -0.860497236251831
-0.9394793510437012, -0.9140663146972656
-0.05203215405344963, -0.40962421894073486
-0.4846775233745575, -0.8487789630889893
-0.6431831121444702, -0.8900718092918396
-0.6018896698951721, -0.5602872371673584
