target,prediction
0.29527345299720764, -0.2643006145954132
0.5779361724853516, 0.04099501296877861
8.284356117248535, 0.33375921845436096
0.8259576559066772, 0.2685486972332001
0.04826870188117027, 0.4959885776042938
0.5212750434875488, -0.15679432451725006
0.3226082921028137, 0.2917960286140442
0.5498351454734802, 0.12670809030532837
0.2703382670879364, 0.4713987410068512
