{"loss": [0.01933689382341173, 0.014375468095143637, 0.010226219892501831, 0.008426477511723837, 0.006519097089767456, 0.004881409141752455, 0.004055032796329922, 0.0030187232626809014, 0.00224109689394633, 0.0024931199020809596, 0.0020068137182129753, 0.0014991061555014716, 0.001129875249332852, 0.0009508952498435974, 0.0009716291394498613, 0.0010834749374124739, 0.001445731520652771, 0.0006602676378356086, 0.0006844773060745663, 0.0005061025006903542, 0.0006555188447237015, 0.0009961490001943376, 0.000709861268599828, 0.000923033058643341, 0.0018011551764276293, 0.0008958311544524298, 0.0009253830545478397, 0.0006534786274035772, 0.0009086653590202332, 0.001044149034553104, 0.0009838365018367766, 0.0007607508864667681, 0.0008347510463661618, 0.0021968750490082636, 0.0016881558630201551, 0.003207893172899882, 0.001982547839482625, 0.00339271260632409, 0.017629351880815294, 0.014353822337256537, 0.004735702607366774, 0.005054713951216804, 0.0023385326067606607, 0.0031411045127444797, 0.003217708733346727, 0.002942341897222731, 0.0011672870152526433, 0.0019624355766508315, 0.0014270663261413575, 0.002788511249754164, 0.004873203568988376], "mae": [0.0755587100982666, 0.06727949778238933, 0.05838965839809841, 0.05718598895602756, 0.04816522068447537, 0.045666705237494574, 0.041296389367845326, 0.036650681495666505, 0.03178524176279704, 0.03514305485619439, 0.032626136144002275, 0.03003846804300944, 0.0232970396677653, 0.023615392049153645, 0.023002574178907605, 0.02400732305314806, 0.0324436452653673, 0.01824177238676283, 0.01798853741751777, 0.01606226232316759, 0.017240545484754774, 0.024270094765557183, 0.018241462442609997, 0.02448444101545546, 0.0327470514509413, 0.020360493659973146, 0.022759736908806696, 0.017583441734313966, 0.025209681193033854, 0.025031299061245387, 0.023376438352796767, 0.020720781220330133, 0.021514137585957844, 0.03805140654246012, 0.0315852959950765, 0.04794098006354438, 0.031152325206332737, 0.037470038731892905, 0.11561940511067709, 0.10158089531792534, 0.043555296791924374, 0.053371026780870225, 0.032956435945298936, 0.03957129849327935, 0.03689497047000461, 0.03773124482896593, 0.025061726570129395, 0.0315733618206448, 0.02859609921773275, 0.041426682472229005, 0.05897706349690755]}