{"loss": [0.021675123274326323, 0.021812354028224946, 0.024038578569889068, 0.02563199996948242, 0.025135281682014465, 0.02821928858757019, 0.026592394709587096, 0.026600486040115355, 0.02746310830116272, 0.026286572217941284, 0.026115304231643675, 0.027176600694656373, 0.026813751459121703, 0.02879389524459839, 0.02548774778842926, 0.026359596848487855, 0.028786885738372802, 0.026327964663505555, 0.02515387535095215, 0.02563699781894684, 0.024093319475650788, 0.029392561316490172, 0.023501697182655334, 0.027045413851737976, 0.026134946942329408, 0.02508581578731537, 0.024852506816387177, 0.023417314887046813, 0.02791978418827057, 0.025508609414100648, 0.027741396427154542, 0.024666088819503783, 0.02435767203569412, 0.026205983757972718, 0.026160281896591187, 0.03030799627304077, 0.026986253261566163, 0.02230106294155121, 0.0387073278427124, 0.025484025478363037, 0.026092827320098877, 0.022954061627388, 0.02385334372520447, 0.026563683152198793, 0.02715623378753662, 0.028996029496192934, 0.024933114647865295, 0.026015573740005495, 0.023875585198402403, 0.024152693152427674, 0.028765153884887696], "mae": [0.07719759345054626, 0.0792931616306305, 0.08134880661964417, 0.08617266416549682, 0.08044270873069763, 0.08501866459846497, 0.08692976236343383, 0.08432595133781433, 0.08310723900794983, 0.0871706485748291, 0.08694770932197571, 0.08770493268966675, 0.08631250858306885, 0.08873605728149414, 0.0865086555480957, 0.08437270522117615, 0.09609429240226745, 0.08445469737052917, 0.08233311176300048, 0.08281347751617432, 0.08144496083259582, 0.08683380484580994, 0.08098167181015015, 0.08549517393112183, 0.08870034217834473, 0.0794871687889099, 0.0825103759765625, 0.07905426025390624, 0.0849161148071289, 0.08481416702270508, 0.08327277898788452, 0.0792661428451538, 0.07997689247131348, 0.09101794958114624, 0.082697194814682, 0.09676237106323242, 0.08222392201423645, 0.08108195066452026, 0.13114449977874756, 0.12742842435836793, 0.09108354449272156, 0.09575659036636353, 0.08745848536491393, 0.08609232902526856, 0.08971693515777587, 0.09443424344062805, 0.08367621302604675, 0.08738502264022827, 0.08321450352668762, 0.08916622996330262, 0.09504680633544922]}