target,prediction
-0.6531798839569092, -0.3742330074310303
-1.4212125539779663, 0.020833097398281097
-0.40039435029029846, -0.5065705180168152
0.06948049366474152, 0.210304394364357
-0.3777489960193634, -0.4882643222808838
-0.23918864130973816, 0.30756133794784546
-0.7345335483551025, 0.21211561560630798
-0.413248747587204, -0.4152171015739441
-0.8181426525115967, -0.4829823076725006
