target,prediction
-0.7467451095581055, -0.9954615235328674
-1.0518077611923218, -0.9981775879859924
-1.0499098300933838, -0.9981014132499695
-0.9907799363136292, -0.9718270897865295
-1.1505842208862305, -0.9956896305084229
-0.7489266991615295, -0.9583202004432678
-1.1318467855453491, -0.8246792554855347
-0.4516596496105194, -0.8119339346885681
-0.9339749217033386, -0.9829331040382385
