target,prediction
-0.46316948533058167, -0.9921730756759644
-1.1132044792175293, -0.8899502754211426
-0.7090880274772644, -0.5835279822349548
-0.8112968802452087, -0.9991704225540161
-0.7172166705131531, -0.89494389295578
-0.9239068031311035, -0.969939112663269
-0.3240916430950165, -0.9870376586914062
-0.42545077204704285, -0.9881988763809204
-0.46349072456359863, -0.9948689341545105
