target,prediction
-0.7251641750335693, -1.0
-1.3579281568527222, -1.0
-0.44608795642852783, -0.7119079828262329
-0.2770397961139679, -0.5273423194885254
0.1467503160238266, 0.08610048145055771
-1.185044527053833, -0.73801589012146
-0.728948175907135, -0.9796527028083801
-0.29008257389068604, -1.0
0.5766251683235168, -0.27076902985572815
