target,prediction
-0.9422902464866638, -0.9742664098739624
-0.5064765214920044, -0.9021643400192261
-0.8891645669937134, -0.9812618494033813
-0.6080553531646729, -0.9987353682518005
-0.49839746952056885, -0.9684217572212219
-0.6088346242904663, -0.9633339643478394
-0.5801116228103638, -0.9731748700141907
-0.5759468674659729, -0.996860921382904
-0.8775880336761475, -0.9991080164909363
