target,prediction
-0.6937325596809387, -0.9666519165039062
-0.6627505421638489, -0.9559298157691956
-0.9577447175979614, -0.9948722124099731
-0.8637054562568665, -0.6135348081588745
-1.0056464672088623, -0.998160183429718
-1.0695106983184814, -0.9916234612464905
-0.812041699886322, -0.9967668056488037
-0.8916234374046326, -0.999636709690094
-1.051168441772461, -0.992731511592865
