target,prediction
-0.8945066928863525, -0.7304806113243103
-0.939236044883728, -0.7985579967498779
-1.114249348640442, -0.6685413718223572
-0.6347971558570862, -0.6060441732406616
-0.05443260073661804, -0.8392928242683411
-0.21447977423667908, -0.6250165104866028
-0.29777055978775024, -0.9531270861625671
-0.030581343919038773, -0.9497789740562439
0.026888933032751083, -0.9341546893119812
