target,prediction
-0.690943717956543, -0.9666519165039062
-0.6425689458847046, -0.9559298157691956
-0.9540802836418152, -0.9948722124099731
-1.2663187980651855, -0.6135348081588745
-0.4014822542667389, -0.998160183429718
-0.5122189521789551, -0.9916234612464905
-0.42033150792121887, -0.9967668056488037
-0.5547410249710083, -0.999636709690094
-0.5427835583686829, -0.992731511592865
