target,prediction
-0.9832272529602051, -0.31945016980171204
-0.7685747146606445, -0.34761562943458557
-0.9269473552703857, -0.38641995191574097
0.5281141400337219, 0.24695047736167908
0.23167584836483002, 0.017631417140364647
-0.7775292992591858, -0.09679259359836578
0.5520473122596741, 0.2477288693189621
-0.9564105272293091, -0.3944125175476074
-0.8307247161865234, -0.39101624488830566
