target,prediction
-0.011680681258440018, -0.7851657271385193
-0.33096981048583984, -0.6501270532608032
-0.867920994758606, -0.9410796761512756
-0.9199435114860535, -0.860497236251831
-0.6865943670272827, -0.9140663146972656
-0.3028751313686371, -0.40962421894073486
-0.21001945436000824, -0.8487789630889893
-0.20343975722789764, -0.8900718092918396
-0.4365907609462738, -0.5602872371673584
