{"loss": [0.016657276079058647, 0.009935486130416393, 0.009613954462110996, 0.015896130353212357, 0.021716278046369553, 0.022963931784033775, 0.01963096670806408, 0.013541371561586857, 0.018671926110982895, 0.02609531581401825, 0.024911344051361084, 0.019832780584692955, 0.02607325278222561, 0.02394864708185196, 0.016823142766952515, 0.02725302428007126, 0.024165160953998566, 0.028675857931375504, 0.02838546223938465, 0.00985155999660492, 0.034371018409729004, 0.023547839373350143, 0.021854611113667488, 0.024606086313724518, 0.023130174726247787, 0.017310550436377525, 0.02645127661526203, 0.029099762439727783, 0.017297253012657166, 0.030481228604912758, 0.019700510427355766, 0.020744960755109787, 0.0340067520737648, 0.018523598089814186, 0.020735997706651688, 0.027041761204600334, 0.02148735150694847, 0.02836747094988823, 0.023491529747843742, 0.02405058965086937, 0.03127972409129143, 0.023358339443802834, 0.05056427791714668, 0.011141178198158741, 0.03986216336488724, 0.01582092046737671, 0.03298459202051163, 0.04121200367808342, 0.024054287001490593, 0.04283684119582176, 0.01702863723039627, 0.042854659259319305, 0.017525523900985718], "mae": [0.12906306982040405, 0.09967690706253052, 0.09805077314376831, 0.12607985734939575, 0.14736443758010864, 0.15153855085372925, 0.1401105523109436, 0.1163673996925354, 0.13664525747299194, 0.1615404486656189, 0.1578332781791687, 0.1408289074897766, 0.1614721417427063, 0.15475350618362427, 0.1297040581703186, 0.16508489847183228, 0.1554514765739441, 0.16933947801589966, 0.16847985982894897, 0.0992550253868103, 0.18539422750473022, 0.1534530520439148, 0.14783304929733276, 0.156863272190094, 0.152086079120636, 0.13156956434249878, 0.16263848543167114, 0.17058652639389038, 0.13151901960372925, 0.17458873987197876, 0.14035850763320923, 0.1440311074256897, 0.18440920114517212, 0.13610142469406128, 0.14399999380111694, 0.16444379091262817, 0.1465856432914734, 0.16842645406723022, 0.1532694697380066, 0.15508252382278442, 0.1768607497215271, 0.15283435583114624, 0.22486501932144165, 0.10555177927017212, 0.19965511560440063, 0.12578123807907104, 0.18161660432815552, 0.20300740003585815, 0.1550944447517395, 0.20697063207626343, 0.13049381971359253, 0.20701366662979126, 0.13238400220870972]}