{"loss": [0.028819739818572998, 0.03060006433063083, 0.027594971987936232, 0.028643210728963215, 0.03229549858305189, 0.031900359524620905, 0.028933372762468126, 0.030409577820036147, 0.032049334711498685, 0.031092709965176053, 0.03338786959648132, 0.03158256411552429, 0.03251064485973782, 0.03215337461895413, 0.02874166104528639, 0.03138554758495755, 0.03262987732887268, 0.03245968951119317, 0.03302106923527188, 0.031047400501039293, 0.03534206748008728, 0.031818396515316434, 0.029830359750323825, 0.03207293483946058, 0.031056827969021268, 0.029707941744062636, 0.03270538316832648, 0.03281519479221768, 0.029621250099605985, 0.033411360449261136, 0.03163460228178236, 0.030466768476698134, 0.03295376896858215, 0.0299430423312717, 0.029676553275850084, 0.0313240819507175, 0.03088378243976169, 0.03369700246387058, 0.03287001119719611, 0.032243675655788846, 0.030949476692411635, 0.030257864130867854, 0.04078675972090827, 0.031171345048480563, 0.035261177354388766, 0.028659794065687392, 0.028214967913097806, 0.030623247226079304, 0.026173386308881972, 0.03127407365375095, 0.026399446858300105, 0.029450797372394137, 0.02691989971531762], "mae": [0.1388645437028673, 0.14208698272705078, 0.13584068086412218, 0.14108353190951878, 0.14874264929029676, 0.14871353573269314, 0.14353201124403211, 0.14525952604081896, 0.14883878495958117, 0.14875940481821695, 0.15547896756066215, 0.15264723036024305, 0.15302136209275988, 0.1507012579176161, 0.14339380794101292, 0.14803118175930446, 0.1542850070529514, 0.1546010971069336, 0.15418851375579834, 0.1448455916510688, 0.15849489635891384, 0.14857485559251574, 0.1437170770433214, 0.14849156803554958, 0.14657184812757704, 0.1445560720231798, 0.15462501843770346, 0.1521031061808268, 0.1453938749101427, 0.15557351377275255, 0.15225140253702799, 0.1497478485107422, 0.15913520918952095, 0.1463831000857883, 0.14753641022576225, 0.14912364217970106, 0.14896048439873588, 0.15788480970594618, 0.15516184435950386, 0.1531062920888265, 0.15194331275092232, 0.1530364089541965, 0.1701052321328057, 0.1481927235921224, 0.1581625541051229, 0.13987522655063206, 0.1387511756685045, 0.14089772436353895, 0.13406264781951904, 0.14457803302341038, 0.1270357237921821, 0.1411384211646186, 0.1228330930074056]}