{"loss": [0.04963281750679016, 0.05046434700489044, 0.04996137693524361, 0.05294397100806236, 0.05325166881084442, 0.05225225165486336, 0.051006391644477844, 0.05396759882569313, 0.05366595461964607, 0.05261136591434479, 0.05246865749359131, 0.054266076534986496, 0.05473445728421211, 0.05489375442266464, 0.05729107931256294, 0.05790215730667114, 0.053901903331279755, 0.05439634248614311, 0.054619528353214264, 0.05704237520694733, 0.054374054074287415, 0.055023618042469025, 0.055609602481126785, 0.05593089014291763, 0.05275998264551163, 0.0554337315261364, 0.05367022380232811, 0.05975571274757385, 0.05526766926050186, 0.05978233739733696, 0.06156892329454422, 0.054616719484329224, 0.05464857071638107, 0.07318186014890671, 0.06219467893242836, 0.05774327367544174, 0.06119903177022934, 0.06057959049940109, 0.058844488114118576, 0.05859506502747536, 0.06971794366836548, 0.060761503875255585, 0.06705165654420853, 0.05503406375646591, 0.06557178497314453, 0.06270535290241241, 0.07296403497457504, 0.05542508512735367, 0.05675730109214783, 0.057301949709653854, 0.06460314989089966, 0.07654419541358948, 0.05140915513038635], "mae": [0.14755785465240479, 0.14710140228271484, 0.14428727328777313, 0.1491108387708664, 0.14969751238822937, 0.14890727400779724, 0.14730915427207947, 0.1547567993402481, 0.152215838432312, 0.14852121472358704, 0.1497412919998169, 0.15112686157226562, 0.15269695222377777, 0.15350279211997986, 0.15653321146965027, 0.15730801224708557, 0.15745247900485992, 0.15507230162620544, 0.15604904294013977, 0.15920640528202057, 0.1560584008693695, 0.1547369658946991, 0.15624894201755524, 0.15870733559131622, 0.15631431341171265, 0.15907365083694458, 0.15391142666339874, 0.16161058843135834, 0.15902051329612732, 0.1621202677488327, 0.17099657654762268, 0.16381600499153137, 0.15775078535079956, 0.19423502683639526, 0.16447648406028748, 0.15512780845165253, 0.162417933344841, 0.16250541806221008, 0.15724608302116394, 0.16195279359817505, 0.1748056709766388, 0.16472604870796204, 0.1700243502855301, 0.1540279984474182, 0.17340028285980225, 0.16725756227970123, 0.18364977836608887, 0.15544584393501282, 0.1603699028491974, 0.17452819645404816, 0.19034378230571747, 0.18083801865577698, 0.14627718925476074]}