{"loss": [0.031223218549381603, 0.022307929667559536, 0.0166321721943942, 0.013107245618646795, 0.0101027712225914, 0.007901659066026861, 0.006286305460062894, 0.0051319331608035345, 0.004042753780430014, 0.002759236673062498, 0.002138283781029961, 0.001480423252690922, 0.0010833107781681147, 0.0008671349761160938, 0.0007597064091400666, 0.0005846725438128818, 0.0008097604255784642, 0.000375277828425169, 0.0003377291881902651, 0.0003591347062452273, 0.00036989609626206487, 0.00045783800834959203, 0.00041343216699632734, 0.00030429932204159826, 0.0007105532356283882, 0.000546389598060738, 0.0005320668305185708, 0.0004321174188093706, 0.0010692246935584328, 0.0005580507303503426, 0.0015921826389702883, 0.0019419382918964732, 0.0014366233213381333, 0.004891996695236726, 0.0009238365190950307, 0.0010477341711521149, 0.0012556164610114965, 0.0011357212947173552, 0.0011450158940120177, 0.0007954321124336936, 0.0018466538326306777, 0.00194952975619923, 0.0007137964394959537, 0.0029471398077227855, 0.0018554143607616425, 0.0011212422766468742, 0.003168577497655695, 0.0013564041900363836, 0.0017375861379233274, 0.008313232524828478, 0.015537966381419788, 0.004309600049799139, 0.003907400098713962], "mae": [0.10147272456776012, 0.08518222245303067, 0.07407024773684415, 0.06755279410969127, 0.05904051932421597, 0.05333155393600464, 0.046837568283081055, 0.04718710075725208, 0.04219665310599587, 0.032688934694636955, 0.029374149712649258, 0.0284285382790999, 0.022241761738603764, 0.019838828932155262, 0.02091837606646798, 0.017065911130471664, 0.02266612919894132, 0.013506988232786005, 0.011894440109079535, 0.014869436621665955, 0.012665416706692089, 0.015410236336968162, 0.01359220255504955, 0.012340266596187244, 0.020331263542175293, 0.019649870016358116, 0.016555798324671658, 0.015198351307348772, 0.02607480233365839, 0.017827413298866966, 0.03441853414882313, 0.03937172889709473, 0.025571828538721256, 0.06533164869655263, 0.021198160269043663, 0.024746163324876266, 0.028501700271259655, 0.028581611134789207, 0.024763895706696945, 0.020488045432350853, 0.03574362397193909, 0.03678299351172014, 0.019938734444704922, 0.04571573842655529, 0.03782498836517334, 0.028008325533433395, 0.047116252509030426, 0.0248744243925268, 0.031259403987364334, 0.07816768776286732, 0.11364666982130571, 0.0439721941947937, 0.045212052085182884]}