target,prediction
-0.6950715780258179, -0.8874830007553101
-0.13696415722370148, -1.0
-0.3255745470523834, -0.4490186274051666
-0.5435855388641357, -1.0
-0.6489784717559814, -0.32222360372543335
-1.3205238580703735, -1.0
-0.519249439239502, -0.9991564750671387
-0.5382612943649292, -0.825042188167572
-0.3044552505016327, -0.6010986566543579
