{"loss": [0.017878705635666847, 0.11311028897762299, 0.36704906821250916, 0.624325156211853, 1.051345944404602, 1.074769377708435, 1.0657402276992798, 1.4301165342330933, 1.5083065032958984, 1.1475008726119995, 1.1075482368469238, 0.9018598794937134, 0.7982346415519714, 0.890827476978302, 0.9525703191757202, 0.9328238368034363, 0.9614198207855225, 0.9000372290611267, 0.9707667827606201, 0.9176592826843262, 1.0885779857635498, 1.3570915460586548, 1.1870553493499756, 1.781898856163025, 1.908743143081665, 1.2618790864944458, 1.3199663162231445, 1.5529308319091797, 1.1885442733764648, 1.4849454164505005, 1.459320306777954, 1.418402075767517, 1.5036333799362183, 1.4935930967330933, 1.459415316581726, 1.8909305334091187, 2.269395351409912, 2.1352293491363525, 2.5220091342926025, 2.7600433826446533, 2.1854302883148193, 1.8861289024353027, 2.8692846298217773, 2.9124858379364014, 3.6784989833831787, 2.2679011821746826, 2.72629714012146, 3.645953893661499, 4.025402069091797, 4.047079563140869, 4.729966163635254], "mae": [0.13371127843856812, 0.3363187313079834, 0.6058457493782043, 0.7901424765586853, 1.025351643562317, 1.0367108583450317, 1.0323469638824463, 1.195874810218811, 1.2281312942504883, 1.0712146759033203, 1.0524011850357056, 0.9496630430221558, 0.893439769744873, 0.9438365697860718, 0.9759970903396606, 0.9658280611038208, 0.9805201888084412, 0.9487029314041138, 0.9852749705314636, 0.9579453468322754, 1.0433493852615356, 1.164942741394043, 1.0895206928253174, 1.334877848625183, 1.3815727233886719, 1.1233339309692383, 1.1488978862762451, 1.246166467666626, 1.0902037620544434, 1.218583345413208, 1.2080233097076416, 1.1909668445587158, 1.2262272834777832, 1.2221264839172363, 1.2080626487731934, 1.3751111030578613, 1.5064512491226196, 1.461242437362671, 1.5880835056304932, 1.6613378524780273, 1.4783201217651367, 1.3733640909194946, 1.6938962936401367, 1.7066006660461426, 1.9179413318634033, 1.5059552192687988, 1.6511502265930176, 1.909438133239746, 2.006340503692627, 2.011735439300537, 2.1748485565185547]}