{"loss": [0.12481387456258138, 0.12523014015621609, 0.136848251024882, 0.15240543418460423, 0.19868103663126627, 0.1855891015794542, 0.19785590966542563, 0.2509789201948378, 0.2666006353166368, 0.21429367860158285, 0.20728900697496203, 0.17571667830149332, 0.15311904748280844, 0.16676759719848633, 0.17582930458916557, 0.16391676002078587, 0.1717054976357354, 0.16821722189585367, 0.1717964940600925, 0.16715357038709852, 0.17726927333407932, 0.21095147397783068, 0.1791146861182319, 0.2583274311489529, 0.2823057439592149, 0.19525200790829128, 0.19064809216393364, 0.20876595709058973, 0.16756803459591335, 0.1845411327150133, 0.18910246425204807, 0.19281462828318277, 0.21304897467295328, 0.19361424446105957, 0.18621656629774305, 0.2438026269276937, 0.25682126151190865, 0.2452476289537218, 0.268368403116862, 0.3003627459208171, 0.24744274881150988, 0.22355222702026367, 0.3110637929704454, 0.31335120730929905, 0.3395184675852458, 0.22981097963121203, 0.24642907248602974, 0.35120466020372176, 0.41480610105726456, 0.4095431433783637, 0.46987708409627277], "mae": [0.2995482020907932, 0.30378055572509766, 0.303549157248603, 0.3008716106414795, 0.33959900008307564, 0.32746828926934135, 0.34106985727945965, 0.3764137427012126, 0.3873702420128716, 0.35513149367438424, 0.3455607361263699, 0.31841792000664604, 0.30392641491360134, 0.307994630601671, 0.3233169979519314, 0.3109771940443251, 0.3133034176296658, 0.3104342884487576, 0.31267783376905656, 0.3101322121090359, 0.3204748895433214, 0.35420682695176864, 0.3249277538723416, 0.3830741246541341, 0.3994239966074626, 0.33617938889397514, 0.3275863594479031, 0.34699922137790257, 0.3116422759162055, 0.3243522644042969, 0.326260248819987, 0.3344707753923204, 0.3496231767866347, 0.3336332109239366, 0.3277541796366374, 0.3741504881117079, 0.3766147295633952, 0.36493651072184247, 0.38002390331692165, 0.39858484268188477, 0.37227940559387207, 0.3551952044169108, 0.40591372383965385, 0.4036124282413059, 0.41557084189520943, 0.3491676383548313, 0.36229827668931747, 0.42211482259962296, 0.44639046986897785, 0.44022878011067706, 0.4608082241482205]}