target,prediction
-0.9177277684211731, 0.2685486972332001
0.9704833626747131, 0.04099501296877861
3.251896858215332, 0.4713987410068512
1.6079778671264648, 0.2917960286140442
2.7371931076049805, -0.2643006145954132
0.12671034038066864, -0.15679432451725006
2.0212578773498535, 0.4959885776042938
4.025532245635986, 0.33375921845436096
2.555251359939575, 0.12670809030532837
