target,prediction
-0.6866933107376099, -0.05299145355820656
-0.029261399060487747, -0.5948718190193176
-0.5239794850349426, -0.6820513010025024
-0.6605924963951111, -0.9572649598121643
-1.496672511100769, -1.0
-1.0665147304534912, -1.0
-0.8424637913703918, -1.0
0.152248814702034, -0.5128205418586731
-0.7169150710105896, -0.8803418874740601
