target,prediction
2.343003034591675, 0.07051590830087662
0.9296204447746277, 0.27607858180999756
4.305935859680176, 0.09034882485866547
3.5884757041931152, -0.3225890100002289
0.9635553956031799, -0.05526835843920708
0.8914929628372192, 0.09135323017835617
-0.7117647528648376, -0.36626264452934265
1.0285862684249878, 0.1340722143650055
0.08181197941303253, -0.011566655710339546
