target,prediction
-0.8707927465438843, -0.9742664098739624
-0.7123192548751831, -0.9021643400192261
-0.9247139692306519, -0.9812618494033813
-0.9975664615631104, -0.9987353682518005
-0.7451326847076416, -0.9684217572212219
-0.9609978199005127, -0.9633339643478394
-0.6579921245574951, -0.9731748700141907
-0.8012048006057739, -0.996860921382904
-0.8257168531417847, -0.9991080164909363
