target,prediction
-0.7899463772773743, -0.7304806113243103
-0.8984239101409912, -0.7985579967498779
-0.42825159430503845, -0.6685413718223572
-0.6049339175224304, -0.6060441732406616
-0.27055367827415466, -0.8392928242683411
-0.49905744194984436, -0.6250165104866028
-0.39980214834213257, -0.9531270861625671
-0.42106807231903076, -0.9497789740562439
-0.04894733801484108, -0.9341546893119812
