target,prediction
-0.9188442230224609, -0.9666519165039062
-0.9661266207695007, -0.9559298157691956
-0.8499446511268616, -0.9948722124099731
-1.1555707454681396, -0.6135348081588745
-0.4365760385990143, -0.998160183429718
-0.4368220269680023, -0.9916234612464905
-0.7051671743392944, -0.9967668056488037
-0.5286592841148376, -0.999636709690094
-0.5992753505706787, -0.992731511592865
