{"loss": [0.44706296920776367, 0.1127340282712664, 0.06457078456878662, 0.04363060849053519, 0.03327577454703195, 0.026052534580230713, 0.020546423537390574, 0.018148481845855713, 0.015532162572656358, 0.013408191502094269, 0.01084193161555699, 0.009830454630511147, 0.00764837594968932, 0.006976403295993805, 0.005333054278578077, 0.004562677549464362, 0.00406322894351823, 0.004050259877528463, 0.003190380654164723, 0.0032488160899707247, 0.00349810320351805, 0.003798049475465502, 0.002782112519655909, 0.0024020980511392865, 0.0023020591054643902, 0.0020683338599545614, 0.0039088792566742215, 0.0017808271305901663, 0.0016894259357026645, 0.002388177439570427, 0.0017261068735803878, 0.0020722507366112302, 0.0021073216838496073, 0.003007718761052404, 0.0017553642392158508, 0.002134968393615314, 0.0015180190759045737, 0.002172037826052734, 0.0014028907088296755, 0.0017318729577319963, 0.0041376639689717975, 0.002133565821817943, 0.0017905529322368757, 0.0015326984492795809, 0.002242304916892733, 0.0016722072448049272, 0.0021012856491974424, 0.0037604530474969317, 0.0028262832867247717, 0.0030357568923916134, 0.0023932834821087973, 0.0027476783309664044, 0.0029522784586463657, 0.0023733672818967272, 0.0013987503147550992, 0.0017354726525289671, 0.002731183809893472, 0.002419957092830113, 0.00267650160406317, 0.004241676735026496, 0.002985824431691851, 0.0035445112735033035, 0.010032312146254949, 0.018005092229161943, 0.006095945302929197, 0.003214313249502863, 0.0035843210560934885, 0.005621487008673804, 0.00426386616059712, 0.009878574737480708, 0.00422281665461404, 0.010883382388523646, 0.012249203664915902, 0.010344427611146654, 0.009858482650348119, 0.005887942122561591, 0.0033407602459192276, 0.0215295319046293, 0.0041603076138666695, 0.003079971032483237, 0.004035680421761104, 0.0043381088014159885, 0.014740459620952606, 0.043910392693110874, 0.024540254047938755, 0.01387022648538862, 0.02742850567613329, 0.009529793901102883, 0.020988924162728444, 0.009712410824639457, 0.0038983789937836783, 0.004011387271540505, 0.003533218854240009, 0.01957105951649802, 0.008096940283264433], "mae": [0.6080589975629535, 0.27809928144727436, 0.1898442336491176, 0.1569498266492571, 0.13909839732306345, 0.12116298505238124, 0.10603491749082293, 0.09977806465966362, 0.09413425411496844, 0.08899609531675066, 0.0775893245424543, 0.07583596876689366, 0.06354763678142003, 0.062081766980034966, 0.050767724003110616, 0.04892648117882865, 0.04480640377317156, 0.04656060678618295, 0.042367556265422275, 0.04135208896228245, 0.0403577983379364, 0.04636658089501517, 0.038556022303445, 0.033504324299948554, 0.035029660378183634, 0.03260879857199533, 0.050904278244291036, 0.030603342822619846, 0.030027280960764204, 0.039059962545122416, 0.02839496944631849, 0.0303054792540414, 0.034569184694971354, 0.044638646500451226, 0.030263106737818037, 0.03772071855408805, 0.02772695677621024, 0.035503393837383816, 0.027231169598443166, 0.03070735718522753, 0.05262748258454459, 0.03703819853918893, 0.031072158898626055, 0.028669193387031555, 0.03365549445152283, 0.030758346830095564, 0.03559070399829319, 0.04413292237690517, 0.03583940863609314, 0.04174289958817618, 0.03676217794418335, 0.04218676686286926, 0.042980436767850606, 0.038281913314546855, 0.028165670377867564, 0.032489467944417684, 0.03850434507642474, 0.03703684040478298, 0.03848572288240705, 0.05261613641466413, 0.04414506469454084, 0.044645300933292935, 0.08199910606656756, 0.12226314204079765, 0.06059915678841727, 0.04226591757365635, 0.04501352139881679, 0.05908637387411935, 0.05144591416631426, 0.0831167187009539, 0.048884651490620205, 0.081930330821446, 0.08260565144675118, 0.08671070848192487, 0.07887548208236694, 0.05940623368535723, 0.04354563355445862, 0.1267303568976266, 0.04963145937238421, 0.04235271896634783, 0.04993853398731777, 0.05133865986551557, 0.10262035472052437, 0.19120570591517858, 0.13374019520623343, 0.09902194568089076, 0.14472506727491105, 0.08027370486940656, 0.1233849014554705, 0.08039944512503487, 0.046815680606024604, 0.04919600486755371, 0.0454296384538923, 0.11284490994044713, 0.06975999474525452]}