{"loss": [0.4731229941050212, 0.1290333072344462, 0.07540555795033772, 0.049894869327545166, 0.03624913593133291, 0.02944527566432953, 0.024302502473195393, 0.023685855170090992, 0.02243837962547938, 0.02154459059238434, 0.020469653109709423, 0.020628603796164196, 0.018817444642384846, 0.019434151550134022, 0.018833039949337643, 0.0189785398542881, 0.019467892746130627, 0.018672137210766476, 0.017743433515230816, 0.01991201067964236, 0.01999201625585556, 0.0204050379494826, 0.01785035679737727, 0.017622627317905426, 0.01977532108624776, 0.018304937829573948, 0.01871069272359212, 0.01899481068054835, 0.018789491305748623, 0.0192051703731219, 0.01772960772116979, 0.016837934652964275, 0.018572639673948288, 0.019435865183671314, 0.02143222838640213, 0.01898256316781044, 0.016868308186531067, 0.018117696046829224, 0.01821417361497879, 0.01846293732523918, 0.022630075613657635, 0.018595584978659947, 0.016569236914316814, 0.01751110702753067, 0.015795115381479263, 0.016372462113698322, 0.019088419775168102, 0.022073800365130108, 0.018631301820278168, 0.02023551861445109, 0.018232037623723347, 0.019543940822283428, 0.02049200360973676, 0.018852341920137405, 0.019458767026662827, 0.01757443944613139, 0.01888698587814967, 0.01734580968817075, 0.016513004899024963, 0.022324956953525543, 0.017923720180988312, 0.020304375638564427, 0.026375606656074524, 0.03375255068143209, 0.015688855201005936, 0.017836568256219227, 0.019637562334537506, 0.022062450647354126, 0.021924003958702087, 0.024938995639483135, 0.02113899091879527, 0.02632405360539754, 0.031481802463531494, 0.024415011207262676, 0.026322292784849804, 0.020884759724140167, 0.023061650494734447, 0.042718748251597084, 0.018167071044445038, 0.015593384703000387, 0.019715523968140285, 0.01911947379509608, 0.03308854500452677, 0.0584878126780192, 0.03571001688639323, 0.030323609709739685, 0.03874154885609945, 0.025737911462783813, 0.03510930389165878, 0.019387923181056976, 0.020024555424849193, 0.016333187619845074, 0.01723027229309082, 0.03778260201215744, 0.021007659534613293], "mae": [0.6174386342366537, 0.3083183964093526, 0.20999771356582642, 0.17484029134114584, 0.15054828921953836, 0.13196690877278647, 0.11836230754852295, 0.11952839295069377, 0.11864785353342693, 0.11627550919850667, 0.10922050476074219, 0.11116326848665874, 0.1020278533299764, 0.10460823774337769, 0.098900705575943, 0.10495966672897339, 0.10227145751317342, 0.10043128331502278, 0.09982368350028992, 0.10210338234901428, 0.10666322708129883, 0.11286685864130656, 0.10061015685399373, 0.09981669982274373, 0.1061931053797404, 0.10354664921760559, 0.10643623272577922, 0.09984864791234334, 0.10661401351292928, 0.1109200914700826, 0.0962325930595398, 0.09700266520182292, 0.09582963585853577, 0.11505211393038432, 0.10688445965449016, 0.10914025704065959, 0.09651501973470052, 0.10142373045285542, 0.09845056136449178, 0.0950341025988261, 0.10620532433191936, 0.1038411557674408, 0.08793498078982036, 0.09220502773920695, 0.08610441287358601, 0.08887804547945659, 0.09921855727831523, 0.10742934544881184, 0.09709694981575012, 0.10564037164052327, 0.0936620831489563, 0.11307583252588908, 0.11452869574228923, 0.09671000639597575, 0.09873865048090617, 0.09636942545572917, 0.10392196973164876, 0.09271437923113506, 0.09440185626347859, 0.12184287110964458, 0.09966144959131877, 0.1085775097211202, 0.11509985725084941, 0.13518059253692627, 0.10074508190155029, 0.09515418608983357, 0.1109606424967448, 0.1046651800473531, 0.11676213145256042, 0.11197976271311443, 0.10855160156885783, 0.13336519400278726, 0.1269190510114034, 0.13883301615715027, 0.1072569489479065, 0.10779186089833577, 0.11109604438145955, 0.1512544552485148, 0.10401145617167155, 0.09352755546569824, 0.09317580858866374, 0.1056839923063914, 0.13011162479718527, 0.1940407951672872, 0.16348864634831747, 0.12294767300287883, 0.17202691237131754, 0.11137759685516357, 0.15937049190203348, 0.11712437868118286, 0.10264135400454204, 0.09605016311009724, 0.10015436013539632, 0.17154443264007568, 0.1101269821325938]}