target,prediction
0.029162369668483734, 0.2624625861644745
0.14679238200187683, -0.1347503960132599
0.14875629544258118, 0.33375921845436096
0.036026231944561005, 0.028463594615459442
-0.12377513200044632, 0.23016135394573212
-0.0018714144825935364, 0.028463594615459442
0.1419229507446289, -0.20604702830314636
0.0495770201086998, 0.1537250280380249
0.25046420097351074, 0.11716976016759872
