target,prediction
-0.7655807137489319, -0.8231104612350464
-0.36667144298553467, -0.6160411834716797
-0.3955985903739929, -0.30918222665786743
-0.9579680562019348, -0.8231104612350464
-0.13990239799022675, -0.6596131920814514
-0.8256179690361023, -0.9771215319633484
-0.7136573195457458, -0.8370607495307922
-0.7020789980888367, -0.9088581800460815
0.01932811737060547, -0.5251325368881226
