target,prediction
-0.6505824327468872, -0.9528473019599915
-0.799608051776886, -0.9778019785881042
-0.510351836681366, -0.9350743293762207
-1.0550940036773682, -0.8988755941390991
-0.9760426878929138, -0.9978962540626526
-0.9295610785484314, -0.9313746690750122
-0.9081438183784485, -0.9833151698112488
-1.0575597286224365, -0.9360173940658569
-0.9661468267440796, -0.9751904010772705
