target,prediction
-0.23941689729690552, -0.31945016980171204
-0.16035321354866028, -0.34761562943458557
-0.4728759825229645, -0.38641995191574097
-0.19307729601860046, 0.24695047736167908
-0.12337672710418701, 0.017631417140364647
-0.35790398716926575, -0.09679259359836578
-0.1418110430240631, 0.2477288693189621
-0.34534475207328796, -0.3944125175476074
-0.3740932047367096, -0.39101624488830566
