target,prediction
-1.0834635496139526, -0.8874830007553101
0.17919214069843292, -1.0
-0.11903063952922821, -0.4490186274051666
-1.0409817695617676, -1.0
-0.4126582741737366, -0.32222360372543335
-1.054523229598999, -1.0
-0.9902061820030212, -0.9991564750671387
-0.7013212442398071, -0.825042188167572
-0.9516915678977966, -0.6010986566543579
