target,prediction
-0.8933283686637878, -0.9921730756759644
-1.021060824394226, -0.8899502754211426
-0.7474080920219421, -0.5835279822349548
-0.7350065112113953, -0.9991704225540161
-0.9255399107933044, -0.89494389295578
-0.9333136677742004, -0.969939112663269
-0.9107652306556702, -0.9870376586914062
-0.5968388915061951, -0.9881988763809204
-0.7089938521385193, -0.9948689341545105
