target,prediction
-0.8479840755462646, -0.7304806113243103
-0.7810207009315491, -0.7985579967498779
-1.1756107807159424, -0.6685413718223572
-0.8387137651443481, -0.6060441732406616
-0.5594155788421631, -0.8392928242683411
-1.0853307247161865, -0.6250165104866028
-0.7167946100234985, -0.9531270861625671
-0.5910730361938477, -0.9497789740562439
-0.7181153297424316, -0.9341546893119812
