target,prediction
-0.6578660607337952, -0.6060441732406616
-0.12349875271320343, -0.7985579967498779
-0.9962016344070435, -0.9341546893119812
-0.030864786356687546, -0.9531270861625671
-0.768639087677002, -0.7304806113243103
-0.11555434763431549, -0.6250165104866028
-1.7747611999511719, -0.8392928242683411
-0.6434193253517151, -0.6685413718223572
-1.5728611946105957, -0.9497789740562439
