target,prediction
-0.44391995668411255, -0.05299145355820656
-2.0810089111328125, -0.5948718190193176
-1.5017344951629639, -0.6820513010025024
-0.12936565279960632, -0.9572649598121643
-0.47176897525787354, -1.0
-0.10566501319408417, -1.0
-0.5995259284973145, -1.0
-2.1381027698516846, -0.5128205418586731
-0.4570283889770508, -0.8803418874740601
