target,prediction
-0.3983345031738281, -0.05526835843920708
-0.692989706993103, 0.27607858180999756
-0.5467052459716797, 0.1340722143650055
-0.6094551086425781, 0.07051590830087662
-0.7272979021072388, -0.36626264452934265
-0.43799829483032227, 0.09135323017835617
-0.0011939480900764465, -0.3225890100002289
-0.743283748626709, -0.011566655710339546
-0.30900418758392334, 0.09034882485866547
