target,prediction
-0.8388549089431763, -0.8874830007553101
-0.4502828121185303, -1.0
-0.34721219539642334, -0.4490186274051666
-0.8471654653549194, -1.0
-0.41322964429855347, -0.32222360372543335
-0.8198637366294861, -1.0
-0.8865938186645508, -0.9991564750671387
-0.8195692300796509, -0.825042188167572
-0.7159504890441895, -0.6010986566543579
