target,prediction
-1.2586220502853394, -0.9954615235328674
-1.0016182661056519, -0.9981775879859924
-1.2763960361480713, -0.9981014132499695
-0.8165664076805115, -0.9718270897865295
-0.9793305993080139, -0.9956896305084229
-0.7319782376289368, -0.9583202004432678
-1.1698458194732666, -0.8246792554855347
-0.9257837533950806, -0.8119339346885681
-0.7628697156906128, -0.9829331040382385
