{"loss": [0.1205396122402615, 0.10245031118392944, 0.09674444463517931, 0.10540989372465345, 0.10881834559970432, 0.09934129317601521, 0.09882866011725532, 0.09795492887496948, 0.09308932887183295, 0.09090159998999701, 0.0881521569357978, 0.08768792947133382, 0.08423765500386556, 0.0908617377281189, 0.09109436803393894, 0.08758620421091716, 0.0873262882232666, 0.08776098489761353, 0.0886574453777737, 0.0805540680885315, 0.08530862463845147, 0.08972513675689697, 0.08281155427296956, 0.09175731076134576, 0.09102853139241536, 0.0845236447122362, 0.09098696708679199, 0.09640600946214464, 0.08990644746356541, 0.08127555582258436, 0.08670422103669909, 0.08510920736524794, 0.08805702792273627, 0.08259291119045681, 0.07819555203119914, 0.08022819625006782, 0.08404682742224799, 0.09085252549913195, 0.0940505067507426, 0.08752102984322442, 0.08538402451409234, 0.08481595913569133, 0.09432938363817003, 0.09025462468465169, 0.08124784628550212, 0.08019974496629503, 0.08116306198967828, 0.07319033145904541, 0.07563604248894586, 0.08002865976757473, 0.07447294394175212], "mae": [0.2821512752109104, 0.2578902244567871, 0.24357999695671928, 0.25636010699801975, 0.26447319984436035, 0.24753064579433864, 0.24680132336086696, 0.24827339914109972, 0.2438716623518202, 0.24102558030022514, 0.2393915918138292, 0.23863246705796984, 0.23731552229987252, 0.23822143342759874, 0.2394199636247423, 0.23682570457458496, 0.23765163951449925, 0.23551914427015516, 0.23636160956488717, 0.23099470138549805, 0.2360974152882894, 0.24163174629211426, 0.23482788933648002, 0.24054347144232857, 0.24055128627353245, 0.23395220438639322, 0.23735287454393175, 0.24475902981228298, 0.2363276481628418, 0.2345359590318468, 0.23678504096137154, 0.237598631117079, 0.23636285463968912, 0.23251464631822374, 0.23066216044955784, 0.23292265997992623, 0.23549230893452963, 0.2375012238820394, 0.2413204246097141, 0.23611659473843044, 0.2334721883138021, 0.23472107781304252, 0.24270942476060656, 0.23768136236402723, 0.23285415437486437, 0.22759691874186197, 0.2286188867357042, 0.2269540892706977, 0.2276008129119873, 0.2312424447801378, 0.22606152958340114]}