{"loss": [0.19864805042743683, 0.21375873684883118, 0.24713921546936035, 0.2939751148223877, 0.31207984685897827, 0.27483659982681274, 0.2683074474334717, 0.27696314454078674, 0.2644039988517761, 0.25850823521614075, 0.24561356008052826, 0.2398272156715393, 0.230865478515625, 0.2651255428791046, 0.2606232166290283, 0.25046274065971375, 0.24462611973285675, 0.2541450262069702, 0.2579862177371979, 0.23471878468990326, 0.24398769438266754, 0.2453727424144745, 0.2374502271413803, 0.2606410086154938, 0.2613002359867096, 0.251523494720459, 0.2670498788356781, 0.2790765166282654, 0.26432040333747864, 0.22704140841960907, 0.24895904958248138, 0.23970375955104828, 0.2534181773662567, 0.2390609234571457, 0.22787036001682281, 0.2244596779346466, 0.23845426738262177, 0.263767808675766, 0.277978777885437, 0.25344908237457275, 0.25011885166168213, 0.24469806253910065, 0.272941529750824, 0.2595093846321106, 0.23606175184249878, 0.24571704864501953, 0.2486131638288498, 0.20791347324848175, 0.21797628700733185, 0.2327963411808014, 0.21849940717220306], "mae": [0.4456995129585266, 0.46234050393104553, 0.49713099002838135, 0.5421947240829468, 0.5586410760879517, 0.5242486000061035, 0.5179840326309204, 0.5262728929519653, 0.5142022967338562, 0.5084370374679565, 0.4955941438674927, 0.4897215664386749, 0.48048463463783264, 0.5149034261703491, 0.5105127096176147, 0.500462532043457, 0.494596928358078, 0.5041279792785645, 0.507923424243927, 0.48447784781455994, 0.49395111203193665, 0.4953511357307434, 0.4872886538505554, 0.5105301141738892, 0.5111753344535828, 0.5015211701393127, 0.5167686939239502, 0.5282769203186035, 0.5141209959983826, 0.4764886200428009, 0.49895796179771423, 0.489595502614975, 0.5034065842628479, 0.488938570022583, 0.4773576855659485, 0.47377175092697144, 0.4883177876472473, 0.5135833024978638, 0.5272369384765625, 0.5034372806549072, 0.5001188516616821, 0.494669646024704, 0.5224380493164062, 0.50942063331604, 0.4858618676662445, 0.4956985414028168, 0.4986112415790558, 0.4559752941131592, 0.46687930822372437, 0.4824897348880768, 0.467439204454422]}