target,prediction
-0.7418255805969238, -0.7851657271385193
-1.1519421339035034, -0.6501270532608032
-1.0984187126159668, -0.9410796761512756
-0.8358312249183655, -0.860497236251831
-0.8802955150604248, -0.9140663146972656
-0.4706974923610687, -0.40962421894073486
-1.0747101306915283, -0.8487789630889893
-1.0078682899475098, -0.8900718092918396
-0.7154567241668701, -0.5602872371673584
