target,prediction
-0.7864673137664795, -0.9954615235328674
-1.0481504201889038, -0.9981775879859924
-0.9816518425941467, -0.9981014132499695
-1.0826401710510254, -0.9718270897865295
-1.0180784463882446, -0.9956896305084229
-0.8700416088104248, -0.9583202004432678
-1.1022584438323975, -0.8246792554855347
-0.46640774607658386, -0.8119339346885681
-0.8699207901954651, -0.9829331040382385
