target,prediction
-0.039635069668293, -0.15516602993011475
-2.3716163635253906, -1.0
-0.39452794194221497, -1.0
-1.8051047325134277, -1.0
-0.5715786218643188, -0.3523639142513275
-0.2953336834907532, -1.0
-0.3362233638763428, -0.19174587726593018
-0.10652781277894974, -0.8415627479553223
-0.0050371065735816956, -0.7701518535614014
