target,prediction
-0.7632437348365784, -0.31945016980171204
-0.7064148783683777, -0.34761562943458557
-0.9326121211051941, -0.38641995191574097
-0.3386736810207367, 0.24695047736167908
0.10750403255224228, 0.017631417140364647
-0.7500492930412292, -0.09679259359836578
-0.16873779892921448, 0.2477288693189621
-0.814720869064331, -0.3944125175476074
-0.6848955154418945, -0.39101624488830566
