target,prediction
-0.4294021725654602, -0.9313021302223206
-0.1594924032688141, -0.43692418932914734
-8.9666109085083, -0.9955023527145386
-0.18072834610939026, -0.4585418999195099
-0.2782883644104004, -0.9379035234451294
-0.41411522030830383, -0.7244831323623657
-1.0185710191726685, -0.9323177337646484
-0.4939080774784088, -0.9270220994949341
-0.16623997688293457, -0.7849836945533752
