target,prediction
-0.2209390103816986, 0.210304394364357
1.1456893682479858, 0.020833097398281097
0.37063440680503845, -0.4829823076725006
1.4095262289047241, 0.21211561560630798
0.9760128855705261, -0.3742330074310303
0.3830801546573639, 0.30756133794784546
1.3134267330169678, -0.4882643222808838
0.8004828691482544, -0.5065705180168152
1.4403067827224731, -0.4152171015739441
