{"loss": [1.0375347137451172, 0.7472969161139594, 0.5973531934950087, 0.5359958012898763, 0.5524483786688911, 0.5238050354851617, 0.5773048400878906, 0.7062582439846463, 0.78781525293986, 0.6980561680263944, 0.6733047167460123, 0.5677825609842936, 0.4669086668226454, 0.504256354437934, 0.5333593686421713, 0.48775466283162433, 0.5023048718770345, 0.49844323264227974, 0.4960668881734212, 0.4818911552429199, 0.48237058851453996, 0.530993832482232, 0.4632414182027181, 0.568390687306722, 0.6364664501614041, 0.4910639656914605, 0.4533508088853624, 0.46330414877997506, 0.4142213927374946, 0.42429155773586696, 0.42886410819159615, 0.4600217077467177, 0.49319638146294487, 0.4374886088901096, 0.4385092258453369, 0.5044426388210721, 0.4499219258626302, 0.4335504372914632, 0.43144136004977757, 0.45856650670369464, 0.4688844680786133, 0.470539304945204, 0.47334157096015084, 0.4430965847439236, 0.4300333923763699, 0.3924580150180393, 0.39218507872687447, 0.4585420290629069, 0.4723910755581326, 0.46087657080756295, 0.47708214653862846], "mae": [0.9621027840508355, 0.8273391723632812, 0.7217896779378256, 0.637388653225369, 0.592983775668674, 0.5515274471706815, 0.5663899845547147, 0.600822925567627, 0.6146635479397244, 0.5919603241814507, 0.5829741160074869, 0.5497048166063097, 0.51671388414171, 0.542446083492703, 0.563272688123915, 0.5451731152004666, 0.5395740932888455, 0.5403301980760362, 0.5360564125908746, 0.5367253091600206, 0.5328392452663846, 0.5508175955878364, 0.5223818884955512, 0.5665884017944336, 0.5850965711805556, 0.5291437043084039, 0.5106874571906196, 0.5191749466790093, 0.49338245391845703, 0.5016171667310927, 0.502347469329834, 0.5083411004808214, 0.5296813646952311, 0.5030688709682889, 0.4987317721048991, 0.54332521226671, 0.5242122544182671, 0.5061222712198893, 0.49649206797281903, 0.517951594458686, 0.5171479119194878, 0.5182744661966959, 0.5308139589097765, 0.5110262235005697, 0.49447038438585067, 0.4846407042609321, 0.4858592881096734, 0.5134198930528429, 0.5278044806586372, 0.5051716698540581, 0.5115998586018881]}