{"loss": [1.0525884628295898, 1.2849922180175781, 2.084897756576538, 2.917630434036255, 4.04796028137207, 4.44164514541626, 5.170285224914551, 6.11909294128418, 6.719685077667236, 6.257316589355469, 6.197132110595703, 5.479715347290039, 4.622222423553467, 4.77492618560791, 4.831807613372803, 4.471188068389893, 4.801533222198486, 4.828495979309082, 4.891261100769043, 4.707801342010498, 4.779532432556152, 5.033079147338867, 4.582016944885254, 5.406976699829102, 5.842618942260742, 4.932425498962402, 4.754528522491455, 4.756819248199463, 4.3932390213012695, 4.556898593902588, 4.585086822509766, 4.878726005554199, 5.218764305114746, 4.684174537658691, 4.64741849899292, 4.888269901275635, 4.61575174331665, 4.803247928619385, 4.935833930969238, 5.117730617523193, 5.402008533477783, 5.063891410827637, 4.846531867980957, 4.766541957855225, 5.103298664093018, 4.450077533721924, 4.3666229248046875, 4.702367305755615, 4.722517967224121, 4.873298168182373, 5.239144802093506], "mae": [1.0259573459625244, 1.1335749626159668, 1.4439175128936768, 1.7081072330474854, 2.0119543075561523, 2.1075210571289062, 2.2738261222839355, 2.473680019378662, 2.592235565185547, 2.501462936401367, 2.4894039630889893, 2.340879201889038, 2.149935483932495, 2.1851603984832764, 2.1981372833251953, 2.114518404006958, 2.191240072250366, 2.1973838806152344, 2.2116196155548096, 2.1697468757629395, 2.1862142086029053, 2.243452548980713, 2.1405646800994873, 2.3252906799316406, 2.4171509742736816, 2.2209064960479736, 2.180488109588623, 2.181013345718384, 2.096005439758301, 2.1346893310546875, 2.1412816047668457, 2.2087838649749756, 2.284461498260498, 2.1642954349517822, 2.155787229537964, 2.2109432220458984, 2.148430109024048, 2.191631317138672, 2.2216737270355225, 2.262240171432495, 2.3242220878601074, 2.2503092288970947, 2.201483964920044, 2.183241128921509, 2.2590482234954834, 2.109520673751831, 2.089646577835083, 2.16849422454834, 2.17313551902771, 2.207554817199707, 2.2889177799224854]}