target,prediction
0.4736115038394928, -0.31945016980171204
-0.3538860082626343, -0.34761562943458557
-0.5467702746391296, -0.38641995191574097
-0.787017285823822, 0.24695047736167908
-0.46976298093795776, 0.017631417140364647
-0.5031633973121643, -0.09679259359836578
-0.6380507946014404, 0.2477288693189621
-0.5475404858589172, -0.3944125175476074
-0.26959308981895447, -0.39101624488830566
