target,prediction
-0.8046579360961914, -0.9921730756759644
-0.6395864486694336, -0.8899502754211426
-0.702797532081604, -0.5835279822349548
-0.9672260284423828, -0.9991704225540161
-0.9816212058067322, -0.89494389295578
-0.8130586743354797, -0.969939112663269
-0.7332332134246826, -0.9870376586914062
-0.7877448797225952, -0.9881988763809204
-0.9561611413955688, -0.9948689341545105
