target,prediction
-0.34295016527175903, 0.2624625861644745
-0.1673109084367752, -0.1347503960132599
-0.1746469885110855, 0.33375921845436096
-0.30998682975769043, 0.028463594615459442
-0.02696806564927101, 0.23016135394573212
0.11633473634719849, 0.028463594615459442
-0.3185827434062958, -0.20604702830314636
-0.2925874888896942, 0.1537250280380249
0.009096171706914902, 0.11716976016759872
