target,prediction
-0.7778869271278381, -0.9921730756759644
-0.8038393259048462, -0.8899502754211426
-0.8595172762870789, -0.5835279822349548
-0.975757896900177, -0.9991704225540161
-0.7679620385169983, -0.89494389295578
-1.100788950920105, -0.969939112663269
-0.36352241039276123, -0.9870376586914062
-0.5258331894874573, -0.9881988763809204
-0.27210354804992676, -0.9948689341545105
