{"loss": [0.6041628943549262, 0.4917510562472873, 0.4344672309027778, 0.39860657585991754, 0.3670047760009766, 0.33219019571940106, 0.3043389638264974, 0.2758492999606662, 0.2497011184692383, 0.22494199540879992, 0.1938205083211263, 0.15755737092759875, 0.13743790520562066, 0.11742373572455513, 0.11132096184624565, 0.11444751951429578, 0.09781283272637262, 0.09160847134060329, 0.08667241202460395, 0.08290432294209799, 0.07524908383687337, 0.06868019633822971, 0.06252792676289877, 0.05220225122239855, 0.04643477333916558, 0.04180051220787896, 0.040796513027615014, 0.04130295912424723, 0.034368970659044054, 0.03014107545216878, 0.028350130716959635, 0.027377978960673014, 0.024553314844767252, 0.018436560365888807, 0.01728185150358412, 0.019722308052910698, 0.021427969137827556, 0.0185995790693495, 0.019037360615200467, 0.015947486294640434, 0.014666083123948839, 0.015125401814778646, 0.012636061509450276, 0.03841311401791043, 0.01663869619369507, 0.020133957597944473, 0.013922075430552164, 0.014478937784830729, 0.01402843263414171, 0.010515558719635009, 0.020307840241326227, 0.014184698793623182, 0.015241151385837131, 0.014392623636457656, 0.010756846931245592, 0.010211673047807481, 0.12813337114122178, 0.01887085305319892, 0.030314909087287054, 0.05808653831481934, 0.011435037189059787, 0.014763682418399387, 0.012212696340348985, 0.10372775395711263, 0.08253804842631023], "mae": [0.674090576171875, 0.5981384701199002, 0.5416049957275391, 0.512575912475586, 0.488577397664388, 0.46361482408311633, 0.44183900621202254, 0.42189674377441405, 0.39641100565592446, 0.38496263292100696, 0.3545035892062717, 0.3098004870944553, 0.29989732106526695, 0.26706184811062283, 0.23190169864230686, 0.2855435053507487, 0.2457599851820204, 0.2398003472222222, 0.20686043633355033, 0.22546329498291015, 0.20823173522949218, 0.211688232421875, 0.17478867636786566, 0.17004774941338432, 0.15270636876424154, 0.14019384384155273, 0.13261306550767687, 0.16016592449612088, 0.12051351335313586, 0.11220137278238933, 0.11251495149400499, 0.11714551713731554, 0.11542946497599284, 0.10433212916056316, 0.08636986414591472, 0.10149545669555664, 0.11548635694715711, 0.09761036766899957, 0.10473059548272026, 0.09891585244072808, 0.07503103680080837, 0.09669954511854384, 0.08305730819702148, 0.1770869361029731, 0.08340001636081272, 0.10540667639838325, 0.07645839055379232, 0.0874073240492079, 0.0793721252017551, 0.07298855251736111, 0.10495991177029079, 0.0764920711517334, 0.09005971484714084, 0.09351338280571832, 0.07638433244493273, 0.06618208355373806, 0.3404100206163194, 0.11062835057576498, 0.12647338443332248, 0.19335227542453343, 0.08151492542690701, 0.09306379954020182, 0.07592023743523492, 0.2834949069552951, 0.24721444447835286]}