{"loss": [0.6679183959960937, 0.4882850170135498, 0.36164259910583496, 0.3014793395996094, 0.26642985343933107, 0.22732467651367189, 0.19712072610855103, 0.17987682819366455, 0.14767028093338014, 0.14690403938293456, 0.11893925666809083, 0.07038928866386414, 0.07983585000038147, 0.06140713095664978, 0.032148969173431394, 0.08735332489013672, 0.0687983512878418, 0.06624987125396728, 0.04338692426681519, 0.07006255984306335, 0.062434029579162595, 0.08984990119934082, 0.04837259650230408, 0.07277536392211914, 0.07153111100196838, 0.06490781903266907, 0.05935766100883484, 0.08586655855178833, 0.05967831015586853, 0.0643008291721344, 0.06878759860992431, 0.06937174797058106, 0.07490631937980652, 0.0867397129535675, 0.07045888900756836, 0.08303804397583008, 0.09082313179969788, 0.07205799818038941, 0.07711419463157654, 0.08274303078651428, 0.06026440262794495, 0.07785062193870544, 0.07986297011375428, 0.09717135429382324, 0.05972866415977478, 0.07491201758384705, 0.050967675447463986, 0.0633080005645752, 0.06638789176940918, 0.08272409439086914, 0.07769859433174134, 0.0675409734249115, 0.07120296955108643, 0.0971425473690033, 0.08078228235244751, 0.06927312612533569, 0.22636337280273439, 0.07073913216590881, 0.07442727088928222, 0.0970191478729248, 0.09786187410354615, 0.11089860200881958, 0.08686677217483521, 0.1045384168624878, 0.09998019337654114], "mae": [0.7230903625488281, 0.6084692001342773, 0.5028094291687012, 0.44724116325378416, 0.4180768966674805, 0.3884267807006836, 0.3649547338485718, 0.34892141819000244, 0.32072360515594484, 0.3210031509399414, 0.29061987400054934, 0.22959744930267334, 0.24635460376739501, 0.21879632472991944, 0.15122489929199218, 0.2550380706787109, 0.2256390333175659, 0.21654858589172363, 0.16991729736328126, 0.2180189609527588, 0.20454072952270508, 0.24538185596466064, 0.15272114276885987, 0.21326684951782227, 0.19990237951278686, 0.19362928867340087, 0.18498539924621582, 0.22249903678894042, 0.1813724994659424, 0.1854928493499756, 0.2152252674102783, 0.19795360565185546, 0.2119156837463379, 0.23745925426483155, 0.2071830987930298, 0.23272874355316162, 0.2419443368911743, 0.22048683166503907, 0.22768516540527345, 0.22797598838806152, 0.18625924587249756, 0.24189286231994628, 0.23466713428497316, 0.26170518398284914, 0.1943688154220581, 0.20530898571014405, 0.17788907289505004, 0.21437666416168213, 0.19151945114135743, 0.22686901092529296, 0.23636627197265625, 0.20658578872680664, 0.2071131467819214, 0.2665837049484253, 0.2247447967529297, 0.20894665718078614, 0.394901967048645, 0.2027198314666748, 0.199013614654541, 0.23401150703430176, 0.24629974365234375, 0.2693352699279785, 0.24202520847320558, 0.2871886968612671, 0.2570861577987671]}