target,prediction
-0.4586773216724396, 0.24840712547302246
-0.7212244272232056, 0.37310296297073364
-0.5226815938949585, 0.19142526388168335
0.1182270348072052, 0.07454606890678406
1.6603655815124512, -0.3269128203392029
-0.7119877338409424, 0.286578893661499
-0.8400591611862183, 0.19777856767177582
0.04441410303115845, 0.2556208670139313
0.5999239683151245, -0.58564293384552
