target,prediction
-0.7290084362030029, -0.05299145355820656
0.9396318197250366, -0.5948718190193176
-0.33584150671958923, -0.6820513010025024
-0.7694502472877502, -0.9572649598121643
-1.2977633476257324, -1.0
-0.7918485999107361, -1.0
-1.1311869621276855, -1.0
1.124403715133667, -0.5128205418586731
-0.9174422025680542, -0.8803418874740601
