target,prediction
-0.537585973739624, -1.0
0.17041949927806854, -1.0
-0.3205558955669403, -0.3272024095058441
-0.7234724164009094, -0.8312348127365112
-0.2376784235239029, -0.2734847664833069
-0.25370606780052185, -1.0
-1.3033714294433594, -0.9985392689704895
-1.1669652462005615, -0.4627823829650879
-0.05047119781374931, -1.0
