target,prediction
-1.286044955253601, -0.05299145355820656
-0.12803098559379578, -0.5948718190193176
-1.1131354570388794, -0.6820513010025024
-0.7634706497192383, -0.9572649598121643
-1.3657596111297607, -1.0
-0.9678881168365479, -1.0
-1.2535905838012695, -1.0
-0.12423476576805115, -0.5128205418586731
-1.3281463384628296, -0.8803418874740601
