target,prediction
-0.39646971225738525, -0.9921730756759644
-0.9791109561920166, -0.8899502754211426
-0.6176498532295227, -0.5835279822349548
-0.9265266060829163, -0.9991704225540161
-0.6944865584373474, -0.89494389295578
-0.9504622220993042, -0.969939112663269
-0.3803100883960724, -0.9870376586914062
-0.49959754943847656, -0.9881988763809204
-0.5940693020820618, -0.9948689341545105
