target,prediction
-1.2009108066558838, -0.9954615235328674
-0.21926873922348022, -0.9981775879859924
-1.0513916015625, -0.9981014132499695
-0.9257100820541382, -0.9718270897865295
-0.8065308332443237, -0.9956896305084229
-0.3183665871620178, -0.9583202004432678
-0.8231793642044067, -0.8246792554855347
-0.8694106936454773, -0.8119339346885681
-1.1977567672729492, -0.9829331040382385
