target,prediction
-0.8089656233787537, -0.9742664098739624
-0.5582360625267029, -0.9021643400192261
-0.8430107235908508, -0.9812618494033813
-0.9266685843467712, -0.9987353682518005
-0.7396025061607361, -0.9684217572212219
-1.036829948425293, -0.9633339643478394
-0.5630480647087097, -0.9731748700141907
-0.8981794714927673, -0.996860921382904
-0.46104422211647034, -0.9991080164909363
