target,prediction
-1.3646471500396729, -0.7304806113243103
-1.2567548751831055, -0.7985579967498779
-0.4094717502593994, -0.6685413718223572
-1.0502325296401978, -0.6060441732406616
-0.6060376167297363, -0.8392928242683411
-0.8210711479187012, -0.6250165104866028
-0.3754050135612488, -0.9531270861625671
-0.8731576800346375, -0.9497789740562439
-0.61652010679245, -0.9341546893119812
