target,prediction
0.6676977872848511, 0.04099501296877861
-0.32811418175697327, 0.2562583088874817
0.4532891809940338, 0.5375418663024902
-0.6907072067260742, 0.09719386696815491
-0.018446587026119232, 0.2685486972332001
-0.33551570773124695, -0.15679432451725006
0.004142560064792633, 0.20174172520637512
-0.5936360359191895, -0.2643006145954132
0.07483435422182083, 0.5452412962913513
