target,prediction
-0.3636818528175354, -0.15516602993011475
-0.781976580619812, -1.0
-0.4368903636932373, -1.0
-0.3099782466888428, -1.0
-0.4172583520412445, -0.3523639142513275
-0.32857364416122437, -1.0
-0.7058438062667847, -0.19174587726593018
-0.4349502623081207, -0.8415627479553223
-0.2325771152973175, -0.7701518535614014
