target,prediction
-0.9462194442749023, -0.9913079142570496
-0.2402302473783493, -0.9999129176139832
-1.322001338005066, -0.9990180134773254
-0.4955484867095947, -0.9812979102134705
-1.054841160774231, -0.9994727969169617
-0.5874230265617371, -0.99821937084198
-1.2143962383270264, -0.9938071370124817
-1.4150195121765137, -0.928724467754364
-0.7729148864746094, -0.9955627918243408
