target,prediction
0.2802547812461853, -0.3355972468852997
0.8833679556846619, 0.7511199116706848
0.6206741333007812, 0.07588529586791992
0.1756356656551361, 0.015420551411807537
-0.41306671500205994, 0.028463594615459442
0.9019274711608887, 0.4232093095779419
0.03192572295665741, 0.06467325985431671
0.21712937951087952, 0.08671718835830688
0.09108272939920425, 0.10733789950609207
