target,prediction
1.6077826023101807, -0.2643006145954132
-0.5125575065612793, 0.04099501296877861
-0.25896331667900085, 0.33375921845436096
-0.41443175077438354, 0.2685486972332001
-0.507504940032959, 0.4959885776042938
-0.4103451371192932, -0.15679432451725006
-0.7829335927963257, 0.2917960286140442
0.24723342061042786, 0.12670809030532837
0.2415347397327423, 0.4713987410068512
