{"loss": [0.044167183339595795, 0.0001689383207121864, 0.034718144685029984, 0.08519352227449417, 0.2139105349779129, 0.4260134994983673, 0.4925864636898041, 0.4979432225227356, 0.47519028186798096, 0.3932599425315857, 0.41502416133880615, 0.5221419334411621, 0.46046894788742065, 0.3919529318809509, 0.46365660429000854, 0.3226704001426697, 0.4087347984313965, 0.32465657591819763, 0.2877185344696045, 0.41839438676834106, 0.33207446336746216, 0.34857621788978577, 0.39811035990715027, 0.3957795202732086, 0.3903663456439972, 0.3510829210281372, 0.38104844093322754, 0.2749382257461548, 0.35137030482292175, 0.4755932092666626, 0.5136420726776123, 0.46211057901382446, 0.489569753408432, 0.35919952392578125, 0.41164430975914, 0.3823070824146271, 0.4770156741142273, 0.3938368260860443, 0.31117814779281616, 0.400991827249527, 0.3637414872646332, 0.41064631938934326, 0.4044422209262848, 0.5404733419418335, 0.6933910846710205, 0.534299910068512, 0.40353041887283325, 0.43222054839134216, 0.6600150465965271, 0.5198447108268738, 0.6858919262886047, 0.6190711855888367], "mae": [0.21015989780426025, 0.012997627258300781, 0.18632805347442627, 0.2918792963027954, 0.46250462532043457, 0.6526970863342285, 0.7018450498580933, 0.7056509256362915, 0.6893404722213745, 0.6271044015884399, 0.644223690032959, 0.7225939035415649, 0.6785786151885986, 0.6260614395141602, 0.680923342704773, 0.5680408477783203, 0.6393237113952637, 0.5697864294052124, 0.5363940000534058, 0.646834135055542, 0.5762590169906616, 0.5904034376144409, 0.6309598684310913, 0.6291100978851318, 0.6247930526733398, 0.5925225019454956, 0.6172912120819092, 0.5243455171585083, 0.5927649736404419, 0.6896326541900635, 0.7166882753372192, 0.6797871589660645, 0.6996926069259644, 0.5993325710296631, 0.6415951251983643, 0.6183098554611206, 0.69066321849823, 0.6275641918182373, 0.5578334331512451, 0.6332391500473022, 0.6031098365783691, 0.6408169269561768, 0.6359577178955078, 0.7351689338684082, 0.8327010869979858, 0.7309582233428955, 0.6352404356002808, 0.6574348211288452, 0.8124130964279175, 0.7210025787353516, 0.8281859159469604, 0.7868107557296753]}