{"loss": [0.5590738720364041, 0.4089825418260362, 0.3202668031056722, 0.2653457323710124, 0.2138897313012017, 0.17885133955213758, 0.15815885861714682, 0.15057796902126735, 0.1535924275716146, 0.1548910008536445, 0.15249069531758627, 0.15274012088775635, 0.15488632520039877, 0.16493932406107584, 0.16577714019351536, 0.16895231935713026, 0.16198401980929905, 0.1628834671444363, 0.16311395168304443, 0.15639730294545492, 0.1595743497212728, 0.15981466240353054, 0.16570928361680773, 0.16731182734171549, 0.179132170147366, 0.17084552182091606, 0.1655702061123318, 0.1651630269156562, 0.16915067036946616, 0.16311751471625435, 0.1675320863723755, 0.17304340998331705, 0.1756643189324273, 0.1678443749745687, 0.17952056725819907, 0.16390710406833225, 0.1594342523150974, 0.15962184800042045, 0.16377653015984428, 0.1519958178202311, 0.16529614395565456, 0.1720237069659763, 0.1705161068174574, 0.1697252458996243, 0.17038750648498535, 0.16532140307956272, 0.16809631718529594, 0.16224265098571777, 0.16977515485551622, 0.15723298655615914, 0.16473109192318386, 0.16595294740464953], "mae": [0.6995712916056315, 0.5724185837639703, 0.49812979168362087, 0.4508504867553711, 0.3944689962599013, 0.343611929151747, 0.321336481306288, 0.3091215292612712, 0.3130656083424886, 0.3175840907626682, 0.31931183073255753, 0.3194464577568902, 0.3251851929558648, 0.32947418424818253, 0.32477158970303005, 0.33266803953382706, 0.3298749128977458, 0.33011643091837567, 0.33076535330878365, 0.31654153929816353, 0.3250630961524116, 0.32299211290147567, 0.3253698878818088, 0.32512203852335614, 0.3396271334754096, 0.3319939507378472, 0.3311060269673665, 0.3324252764383952, 0.3364192644755046, 0.32904672622680664, 0.33043530252244735, 0.33618635601467556, 0.3381369643741184, 0.3336416615380181, 0.34318357043796116, 0.32561424043443465, 0.3202718098958333, 0.32365624109903973, 0.3311295509338379, 0.31260453330145943, 0.3291221194797092, 0.33650456534491646, 0.3323422008090549, 0.3258620897928874, 0.32490581936306423, 0.31864627202351886, 0.32639267709520126, 0.3190646701388889, 0.31609132554796004, 0.311208619011773, 0.31330932511223686, 0.3197116057078044]}