target,prediction
-0.2992744445800781, -0.1407439410686493
0.0165841206908226, -1.0
-0.1904526650905609, -1.0
0.21737098693847656, -0.7937497496604919
0.48576509952545166, -0.8054355382919312
-0.5118318796157837, -1.0
-0.35591262578964233, 0.03954244405031204
0.37868380546569824, -0.7793070673942566
-1.3817896842956543, -1.0
