target,prediction
0.5756890177726746, 0.04099501296877861
-0.4003632664680481, 0.2562583088874817
0.42944735288619995, 0.5375418663024902
-0.5183186531066895, 0.09719386696815491
-0.34947913885116577, 0.2685486972332001
-0.07697845250368118, -0.15679432451725006
-0.03171909600496292, 0.20174172520637512
-0.5593297481536865, -0.2643006145954132
0.1368204653263092, 0.5452412962913513
