target,prediction
-0.7826265096664429, -0.9572136998176575
-0.6757582426071167, -0.7349447011947632
-0.7248510122299194, -0.6456629633903503
-0.5944199562072754, -0.7293646335601807
-1.0106064081192017, -0.5586131811141968
-0.7780547142028809, -0.9012320041656494
-0.8635121583938599, -0.7561491131782532
0.03312860429286957, 0.2365526407957077
0.398247629404068, -0.6774695515632629
