target,prediction
1.0771450996398926, 0.04099501296877861
0.8130388855934143, 0.2562583088874817
0.15335002541542053, 0.5375418663024902
-0.22245952486991882, 0.09719386696815491
-0.21498212218284607, 0.2685486972332001
0.10559024661779404, -0.15679432451725006
0.28556668758392334, 0.20174172520637512
-0.018885619938373566, -0.2643006145954132
0.05388151854276657, 0.5452412962913513
