target,prediction
-0.9959512948989868, -0.9528473019599915
-1.080227017402649, -0.9778019785881042
-0.7897332906723022, -0.9350743293762207
-0.5930135250091553, -0.8988755941390991
-0.4082964360713959, -0.9978962540626526
-0.5263963937759399, -0.9313746690750122
-1.082983136177063, -0.9833151698112488
-0.6265767216682434, -0.9360173940658569
-0.5614040493965149, -0.9751904010772705
