target,prediction
-0.6474798917770386, -0.7851657271385193
-0.8525316119194031, -0.6501270532608032
-0.50216144323349, -0.9410796761512756
-0.6734220385551453, -0.860497236251831
-0.807242214679718, -0.9140663146972656
-0.6065797209739685, -0.40962421894073486
-0.9730430245399475, -0.8487789630889893
-1.07243013381958, -0.8900718092918396
-0.1702558398246765, -0.5602872371673584
