target,prediction
-0.4598579406738281, -1.0
-0.2350267767906189, -1.0
-0.38757601380348206, -0.7119079828262329
-0.39185845851898193, -0.5273423194885254
-0.35747918486595154, 0.08610048145055771
-0.29624345898628235, -0.73801589012146
-0.27524611353874207, -0.9796527028083801
-0.08620288968086243, -1.0
0.23967976868152618, -0.27076902985572815
