target,prediction
-0.7732146978378296, -0.8874830007553101
-1.2973617315292358, -1.0
0.09347841888666153, -0.4490186274051666
-1.0418819189071655, -1.0
-0.1682688593864441, -0.32222360372543335
-1.354270100593567, -1.0
-0.6740593910217285, -0.9991564750671387
-0.8220572471618652, -0.825042188167572
-0.9611133337020874, -0.6010986566543579
