target,prediction
0.8101305961608887, -0.2643006145954132
-0.2078254222869873, 0.04099501296877861
-0.1281275451183319, 0.33375921845436096
-0.23010385036468506, 0.2685486972332001
-0.1359897255897522, 0.4959885776042938
-0.17156818509101868, -0.15679432451725006
-0.201017826795578, 0.2917960286140442
-0.26811620593070984, 0.12670809030532837
0.07929132133722305, 0.4713987410068512
