target,prediction
-0.8412163257598877, -0.9313021302223206
-0.6749454736709595, -0.43692418932914734
-1.1515514850616455, -0.9955023527145386
-0.43844345211982727, -0.4585418999195099
-0.5692094564437866, -0.9379035234451294
-0.8716149926185608, -0.7244831323623657
-0.987291157245636, -0.9323177337646484
-1.1185299158096313, -0.9270220994949341
-0.8402243852615356, -0.7849836945533752
