target,prediction
-2.35917067527771, -0.8231104612350464
0.5944485068321228, -0.6160411834716797
-1.1131905317306519, -0.5251325368881226
-2.00467848777771, -0.8370607495307922
-1.6158372163772583, -0.8231104612350464
-1.7066824436187744, -0.9771215319633484
-0.5049107074737549, -0.6596131920814514
-0.7274414896965027, -0.30918222665786743
-0.9339157938957214, -0.9088581800460815
