{"loss": [0.17725972069634333, 0.06809922854105631, 0.041326159901089135, 0.027933398882548015, 0.021325136555565727, 0.01857318083445231, 0.014190362559424506, 0.012954478793674045, 0.010298919677734376, 0.00897785226504008, 0.007489299774169922, 0.006367915868759155, 0.005443998177846273, 0.005206666721238031, 0.004610762000083923, 0.0046477887365553115, 0.004172543022367689, 0.004600494437747531, 0.003854667147000631, 0.004018327593803406, 0.004153787758615282, 0.0038280059893925984, 0.002504569954342312, 0.0030703769789801705, 0.0025330959094895258, 0.0024770218465063306, 0.003303865591684977, 0.002794984976450602, 0.0024437654349539015, 0.004925288756688436, 0.0022066530254152084, 0.0048693911896811595, 0.0022628208001454673, 0.002447957628303104, 0.0023371754421128168, 0.0027092552847332424, 0.005876014629999797, 0.004177991218037075, 0.0024405611885918513, 0.003314329849349128, 0.004927640822198656, 0.005165292819341024, 0.0033773498402701486, 0.0049301372634039985, 0.002985136045349969, 0.0026477482583787708, 0.002389227350552877, 0.0037305037180582683, 0.002713984747727712, 0.002270573543177711, 0.0038064913617240057, 0.002481394840611352, 0.0062231249279446075, 0.005941375096638998, 0.0036476052469677396, 0.005434852176242405, 0.004355514380666945, 0.008423619137869941, 0.005260798997349209, 0.004694448577033149, 0.003456618388493856, 0.0030362092786365086, 0.0032952434486813015, 0.004689588149388631, 0.01819454696443346, 0.005610595809088813, 0.00569634305106269, 0.004119360446929931, 0.008044033580356174, 0.005859727329678006, 0.00810451176431444, 0.023335602548387315, 0.010342279407713149, 0.007674421204460991, 0.00482695202032725, 0.004831783307923211, 0.022952005598280166, 0.03911952177683512, 0.0061176843113369414, 0.01612767775853475, 0.00719498528374566, 0.006290701362821791, 0.006708689530690511, 0.007797051138348049, 0.029646288024054633, 0.005232682824134827, 0.006716880533430312, 0.014219421810574001, 0.013185821639166938, 0.006400608354144626, 0.007178654273351033, 0.006979088650809394, 0.005272186133596632, 0.005541785558064779, 0.00606263279914856, 0.005114945438173082, 0.0038063880470063953, 0.003173473146226671, 0.004299024078581068, 0.003507552213139004, 0.014219090673658582, 0.013327855534023708], "mae": [0.36005982293023003, 0.19643113878038193, 0.15538004769219294, 0.1264926274617513, 0.11094475852118599, 0.10223346286349827, 0.08930484983656141, 0.08884069124857584, 0.07761220932006836, 0.07073078155517579, 0.06438263787163628, 0.059469021691216366, 0.053641594780815975, 0.05083145565456814, 0.04688773685031467, 0.05019718276129829, 0.047407637702094184, 0.05309178564283583, 0.0467924435933431, 0.048432779312133786, 0.04950744311014811, 0.04732764032151964, 0.036820054054260254, 0.041098160213894314, 0.03317415714263916, 0.03453433248731825, 0.042201095157199435, 0.03747679392496745, 0.03364493846893311, 0.054100561141967776, 0.033222797181871204, 0.05001124805874295, 0.034658919440375434, 0.03679604000515408, 0.036162092950608994, 0.03753874037000868, 0.06050017144944933, 0.0488730960422092, 0.03692893981933594, 0.04331112702687581, 0.05935415161980523, 0.05460061497158474, 0.044488679038153754, 0.05610983106825087, 0.041102827919854056, 0.03863697581821018, 0.03631929556528727, 0.04410803582933214, 0.03626959323883057, 0.03513976203070746, 0.04860873752170139, 0.03744211991628011, 0.06344585948520237, 0.05891044934590658, 0.04579985406663683, 0.05780671967400445, 0.051278803083631724, 0.06840157508850098, 0.05302023887634277, 0.0503381093343099, 0.04383486376868354, 0.040366631084018285, 0.042495351367526586, 0.05496531062655979, 0.11686410903930664, 0.05837422476874458, 0.05670339266459147, 0.05006071196662055, 0.07077383995056152, 0.06118440628051758, 0.07092527813381619, 0.13820466995239258, 0.08519570032755534, 0.06991703775193957, 0.05298882060580783, 0.05384519894917806, 0.1283685154385037, 0.17246325810750326, 0.05950821240743001, 0.11603995429144966, 0.0704568174150255, 0.06582747035556369, 0.06620535850524903, 0.06741470760769314, 0.15335231357150608, 0.05693662961324056, 0.061177730560302734, 0.10155426661173503, 0.09704893959893121, 0.06748979886372884, 0.0631489806705051, 0.0654447184668647, 0.05453881687588162, 0.058250278896755645, 0.061307801140679255, 0.0552746401892768, 0.04662961959838867, 0.04329098595513238, 0.05176582866244846, 0.04588540395100912, 0.10453252792358399, 0.10206573274400499]}