{"loss": [0.19647884368896484, 0.04957352876663208, 0.03644423186779022, 0.02788619101047516, 0.022219827771186827, 0.01913234293460846, 0.016596969962120057, 0.017670121788978577, 0.016427187621593474, 0.01525668203830719, 0.01575542241334915, 0.015806616842746736, 0.015556900203227997, 0.015836651623249053, 0.01567801833152771, 0.018488290905952453, 0.018558858335018157, 0.021329835057258606, 0.019917701184749604, 0.019055858254432678, 0.019876265525817872, 0.018080320954322816, 0.016986216604709625, 0.0155044287443161, 0.016080744564533234, 0.015578286349773407, 0.018797942996025087, 0.01737971752882004, 0.014896735548973083, 0.015702055394649507, 0.015790419280529024, 0.01598573476076126, 0.015355472266674042, 0.014502066373825073, 0.015053185820579528, 0.014891886711120605, 0.022851476073265077, 0.017536379396915436, 0.014853256940841674, 0.0191586896777153, 0.020392432808876038, 0.015304464101791381, 0.018804214894771576, 0.018625183403491972, 0.016062963008880615, 0.016890966892242433, 0.015379153192043304, 0.015147848427295685, 0.013771513104438781, 0.014042235910892487, 0.01415151059627533, 0.012277214229106903, 0.01548822820186615, 0.017911066114902497, 0.015488794445991516, 0.018001657724380494, 0.019981478154659272, 0.01755630373954773, 0.016967104375362398, 0.015267899632453919, 0.012650243937969208, 0.012417887151241303, 0.015757761895656586, 0.017877885699272157, 0.021090564131736756, 0.014427606761455537, 0.016393865644931793, 0.016746872663497926, 0.016722579300403596, 0.014524613320827485, 0.014128941297531127, 0.043184950947761536, 0.02794436812400818, 0.019960075616836548, 0.014263811707496642, 0.0160600483417511, 0.02966533899307251, 0.05017263293266296, 0.015049168467521667, 0.02258575111627579, 0.022391554713249207, 0.021034273505210876, 0.013479387760162354, 0.015902851521968842, 0.03016659915447235, 0.016543477773666382, 0.01974967122077942, 0.029253894090652467, 0.021931932866573335, 0.01995154917240143, 0.015572528541088104, 0.01579582691192627, 0.015980619192123412, 0.01570052355527878, 0.021870677173137665, 0.01866534799337387, 0.016882699728012086, 0.01425173133611679, 0.014817708730697631, 0.013233521580696106, 0.022134342789649965, 0.0240656241774559], "mae": [0.38790578842163087, 0.16586085557937622, 0.1545770525932312, 0.13932582139968872, 0.12372288703918458, 0.11276082992553711, 0.105940842628479, 0.11032623052597046, 0.10450513362884521, 0.10141737461090088, 0.1023827314376831, 0.09837266802787781, 0.0995772123336792, 0.10038299560546875, 0.0983010172843933, 0.11221127510070801, 0.10997452735900878, 0.12014946937561036, 0.1159663200378418, 0.11388792991638183, 0.11343942880630493, 0.10784072875976562, 0.10542765855789185, 0.09759171605110169, 0.10244253873825074, 0.09872815608978272, 0.11186121702194214, 0.10348774194717407, 0.09718612432479859, 0.09401122331619263, 0.10298233032226563, 0.09752362966537476, 0.10038032531738281, 0.09521072506904601, 0.09606705904006958, 0.09379942417144775, 0.12333030700683593, 0.10870314836502075, 0.09812674522399903, 0.11480882167816162, 0.11854279041290283, 0.09143387675285339, 0.11270728111267089, 0.11176478862762451, 0.10354321002960205, 0.10563267469406128, 0.10091572999954224, 0.0974428415298462, 0.09568116068840027, 0.09734657406806946, 0.0961401104927063, 0.08813180327415467, 0.10060379505157471, 0.10914934873580932, 0.10298333168029786, 0.10784621238708496, 0.11391527652740478, 0.10728789567947387, 0.09937473535537719, 0.09774608612060547, 0.08824295401573182, 0.09126127362251282, 0.10110924243927003, 0.11043180227279663, 0.1176487922668457, 0.09250949621200562, 0.10089190006256103, 0.10706464052200318, 0.10313524007797241, 0.0945803165435791, 0.09122859239578247, 0.1810335636138916, 0.13729586601257324, 0.11299443244934082, 0.09314466714859009, 0.09994479417800903, 0.14162617921829224, 0.186671245098114, 0.09650464057922363, 0.11966023445129395, 0.1235621452331543, 0.12046053409576415, 0.09075657725334167, 0.10394104719161987, 0.1427966833114624, 0.10036923885345458, 0.11098263263702393, 0.14300789833068847, 0.11824541091918946, 0.11699188947677612, 0.10085086822509766, 0.10448466539382935, 0.09911013841629028, 0.10500755310058593, 0.11867022514343262, 0.10468064546585083, 0.1025975227355957, 0.09358599781990051, 0.09495216608047485, 0.09368708133697509, 0.11783108711242676, 0.1304004192352295]}