target,prediction
-3.3774771690368652, -1.0
-7.027525424957275, -0.8461538553237915
-1.0625253915786743, -1.0
-0.14302067458629608, -0.916239321231842
-6.2262444496154785, -0.6410256624221802
-5.5141921043396, -0.6666666865348816
-1.4830280542373657, -0.9606837630271912
-2.204663038253784, -1.0
-3.055950403213501, -1.0
