{"loss": [0.7136211395263672, 0.4172862470149994, 0.20562618970870972, 0.09556333720684052, 0.049979306757450104, 0.046770643442869186, 0.048413049429655075, 0.049721572548151016, 0.04022602736949921, 0.037844300270080566, 0.034233108162879944, 0.033232904970645905, 0.034329287707805634, 0.03464652597904205, 0.0334395095705986, 0.03501434624195099, 0.031818803399801254, 0.029662439599633217, 0.02899441309273243, 0.030086448416113853, 0.03024487942457199, 0.030960936099290848, 0.028531309217214584, 0.02990618720650673, 0.0302452202886343, 0.030737273395061493, 0.03083276003599167, 0.030716175213456154, 0.030241893604397774, 0.03103846311569214, 0.030856480821967125, 0.029613152146339417, 0.031012319028377533, 0.030269436538219452, 0.029499009251594543, 0.028868600726127625, 0.03143681585788727, 0.030833527445793152, 0.03130507841706276, 0.031433697789907455, 0.031044045463204384, 0.0303739495575428, 0.028871744871139526, 0.029177818447351456, 0.03095160610973835, 0.029157239943742752, 0.027984485030174255, 0.028371959924697876, 0.028840025886893272, 0.027433883398771286, 0.03076767921447754, 0.030295196920633316, 0.030615683645009995, 0.0295388363301754, 0.029766004532575607, 0.02821141853928566, 0.03195180743932724, 0.030378853902220726, 0.030094873160123825, 0.03139549866318703, 0.03011910617351532, 0.029899492859840393, 0.028069481253623962, 0.02862519398331642, 0.030173856765031815, 0.03606092929840088, 0.0314113013446331, 0.03206221014261246, 0.028653787449002266, 0.030058957636356354, 0.03555198758840561, 0.030664809048175812, 0.0329408124089241, 0.03076951950788498, 0.03210579231381416, 0.03143375739455223, 0.03406304866075516, 0.07653530687093735, 0.037465650588274, 0.05988844856619835, 0.03902893513441086, 0.04182009398937225, 0.04316742718219757, 0.057017408311367035, 0.03625527396798134, 0.030924631282687187, 0.029479749500751495, 0.04051191732287407, 0.0383792407810688, 0.03957166522741318, 0.032779935747385025, 0.033906836062669754, 0.06142951548099518, 0.03103969618678093, 0.052877116948366165, 0.04134931042790413, 0.0544886440038681, 0.031690094619989395, 0.029863789677619934, 0.035259537398815155, 0.05308712646365166, 0.043814122676849365, 0.0444239005446434, 0.03953392803668976, 0.03361477702856064], "mae": [0.8014435172080994, 0.5922049880027771, 0.40147754549980164, 0.25649356842041016, 0.15618759393692017, 0.15946057438850403, 0.17467331886291504, 0.180088609457016, 0.1610630750656128, 0.15682557225227356, 0.14779700338840485, 0.14610981941223145, 0.14710336923599243, 0.14741681516170502, 0.14516913890838623, 0.1457572728395462, 0.14082828164100647, 0.13483712077140808, 0.13447728753089905, 0.13615138828754425, 0.13717424869537354, 0.13637378811836243, 0.13489608466625214, 0.1335425078868866, 0.13537202775478363, 0.13619878888130188, 0.137660413980484, 0.13641443848609924, 0.13392269611358643, 0.13346487283706665, 0.13499845564365387, 0.13515934348106384, 0.13560496270656586, 0.13202175498008728, 0.1315581053495407, 0.1317991465330124, 0.13422663509845734, 0.1355036497116089, 0.137383833527565, 0.13629469275474548, 0.13448962569236755, 0.13263490796089172, 0.13058945536613464, 0.12910763919353485, 0.130687415599823, 0.13159875571727753, 0.12486840039491653, 0.1267843246459961, 0.12779828906059265, 0.12821240723133087, 0.12507721781730652, 0.13239377737045288, 0.1279670149087906, 0.12856635451316833, 0.12401990592479706, 0.12450576573610306, 0.12880510091781616, 0.12649953365325928, 0.1298547238111496, 0.13288526237010956, 0.13257598876953125, 0.12938246130943298, 0.1261049211025238, 0.12637493014335632, 0.13323312997817993, 0.15298612415790558, 0.13915729522705078, 0.1307518631219864, 0.13248774409294128, 0.12673722207546234, 0.1474943608045578, 0.1299915760755539, 0.13191047310829163, 0.13223809003829956, 0.13065814971923828, 0.13109582662582397, 0.13763344287872314, 0.2310708910226822, 0.13923214375972748, 0.1919465959072113, 0.15035541355609894, 0.16173464059829712, 0.15951673686504364, 0.1875472068786621, 0.14914295077323914, 0.14949029684066772, 0.1366402506828308, 0.16069462895393372, 0.15478327870368958, 0.15729480981826782, 0.14783719182014465, 0.13617506623268127, 0.20331065356731415, 0.1340586543083191, 0.1888418197631836, 0.1621784269809723, 0.19567778706550598, 0.135301873087883, 0.13852731883525848, 0.1395586133003235, 0.17766894400119781, 0.1823849380016327, 0.15582549571990967, 0.1712481826543808, 0.13111981749534607]}