{"loss": [0.8398653377186168, 0.5241714824329723, 0.29254228418523615, 0.16786063801158557, 0.09815337441184303, 0.0793267705223777, 0.0597438703883778, 0.054153702475807884, 0.040307009761983696, 0.03393278609622608, 0.027571049603548916, 0.0219488956711509, 0.017249699343334545, 0.014461618932810697, 0.01179477030580694, 0.011915785345164213, 0.009121296080675993, 0.008046996187080036, 0.006590132686224851, 0.005492032928900285, 0.004273858937350186, 0.0035062808204780927, 0.003587218848141757, 0.002994699234312231, 0.003276699645952745, 0.002956369383768602, 0.0024984284219416704, 0.0030217241834510455, 0.002973115918311206, 0.00283785265955058, 0.0016593636775558646, 0.002149993045763536, 0.0015473980456590652, 0.0013529397547245026, 0.001188671047037298, 0.0019486978311430323, 0.0016749345443465493, 0.00136448358270255, 0.0026892618360844526, 0.0014026011763648553, 0.0016082352535291152, 0.0025032125413417816, 0.0017045204612341795, 0.0018371473997831345, 0.0015102784064683046, 0.005697503008625724, 0.002092058855024251, 0.002659744837067344, 0.0025866727598688817, 0.0026458242738788777, 0.002997314049438997, 0.0022703024812720037, 0.0021302103996276855, 0.0018546777692708101, 0.0013951735401695425, 0.0013309275223450227, 0.0016306008804928172, 0.0013381395150314677, 0.0026995593851262874, 0.002128628505901857, 0.0013562870973890479, 0.0009383943609215996, 0.001351721500131217, 0.005406726151704788, 0.0024424196982925587, 0.0053026503459973765, 0.002607897093350237, 0.005232646045359698, 0.004202321510423313, 0.005673769184134223, 0.006348981776020743, 0.003732612525874918, 0.0025705556300553408, 0.0016599653119390662, 0.001632257110693238, 0.0024842291393063283, 0.0027607449076392436, 0.03709666295485063, 0.004935140636834231, 0.0189926109530709, 0.02113365043293346, 0.01299744573506442, 0.008313494649800387, 0.024556506763805042, 0.006134458563544534, 0.00585232065482573, 0.011298817667094145, 0.005936595526608554, 0.016780310056426308, 0.005656419829888778, 0.011259289627725428, 0.00905410335822539, 0.024385861375115135, 0.013597879897464405, 0.015940083698792892, 0.0062299689108675175, 0.027642586014487526, 0.009528826583515514, 0.011800329793583263, 0.008899741552092812, 0.020558410070159218, 0.00838399746201255, 0.027805350043556908, 0.006856530227444388, 0.011907687241380865], "mae": [0.8437256379560991, 0.6545350334861062, 0.47762060165405273, 0.3538863875649192, 0.2521457238630815, 0.21700031107122247, 0.18585463003678757, 0.17378277128393, 0.1540735743262551, 0.1432469974864613, 0.13091698559847745, 0.11664639819752086, 0.10227666117928245, 0.0919278318231756, 0.08295450427315453, 0.08405004306273027, 0.0740987712686712, 0.07236132296648892, 0.06380151076750322, 0.055039405822753906, 0.04902816360647028, 0.04653504219922153, 0.04679808291521939, 0.04231854731386358, 0.04304677789861506, 0.040622023018923675, 0.036618156866593796, 0.04386902397329157, 0.04269851337779652, 0.04156111858107827, 0.02742584997957403, 0.03518623113632202, 0.02921290018341758, 0.026960657401518387, 0.02624994245442477, 0.0353524928743189, 0.03460333022204312, 0.030031789432872425, 0.043243887749585236, 0.029363610527732155, 0.03203250603242354, 0.041364062916148796, 0.031760608608072456, 0.034187138080596924, 0.029539912939071655, 0.06714762882752852, 0.03271271152929826, 0.03956609151580117, 0.04138882864605297, 0.039957425811074, 0.0380523069338365, 0.035867160016840156, 0.03780107606541027, 0.03230376677079634, 0.029779426076195457, 0.02893803065473383, 0.029525120149959217, 0.029048383235931396, 0.04498509656299244, 0.03976500305262479, 0.028800547122955322, 0.023599936203523117, 0.028408784757960926, 0.06190352548252453, 0.03783509135246277, 0.06244095889004794, 0.03809703480113636, 0.059553764083168724, 0.049613085660067474, 0.056810519912026146, 0.06742520765824751, 0.04705159230665727, 0.03886821595105258, 0.03354288773103194, 0.03134845603596081, 0.03842436183582653, 0.0382413620298559, 0.17778798666867343, 0.05298970504240556, 0.11477530002593994, 0.11496862498196689, 0.09266560727899725, 0.059833727099678734, 0.13253795016895642, 0.058952862566167656, 0.056194018233906136, 0.08636508204720238, 0.05926198309118098, 0.10983671925284645, 0.05276601964777166, 0.07570569623600353, 0.07747904820875688, 0.1382944475520741, 0.0867091796614907, 0.11180721629749645, 0.06554755839434537, 0.14471812681718307, 0.06859040260314941, 0.08542037552053278, 0.0691267035224221, 0.11981310627677223, 0.07186210697347467, 0.1378811922940341, 0.06695312261581421, 0.08219315247102217]}