target,prediction
-0.8541681170463562, -0.9921730756759644
-0.9299540519714355, -0.8899502754211426
-0.6936360001564026, -0.5835279822349548
-0.7869542837142944, -0.9991704225540161
-1.0842725038528442, -0.89494389295578
-0.9325844049453735, -0.969939112663269
-0.6063509583473206, -0.9870376586914062
-0.7249643206596375, -0.9881988763809204
-0.7772883176803589, -0.9948689341545105
