target,prediction
-0.4091375768184662, 0.04099501296877861
-0.05274314433336258, 0.2562583088874817
0.26446643471717834, 0.5375418663024902
0.3497508764266968, 0.09719386696815491
0.10099232941865921, 0.2685486972332001
0.4160654842853546, -0.15679432451725006
3.785585641860962, 0.20174172520637512
0.5387142300605774, -0.2643006145954132
0.2697746753692627, 0.5452412962913513
