target,prediction
-0.9714869260787964, -0.9325353503227234
-0.9723727703094482, -0.9735219478607178
-0.8843632936477661, -0.889154851436615
-0.8495975732803345, -0.987232506275177
-0.9236862659454346, -0.9599564671516418
-1.1320801973342896, -0.9755531549453735
-1.2085113525390625, -0.9994922280311584
-0.933478832244873, -0.9721436500549316
-0.9509271383285522, -0.9261516332626343
