target,prediction
-0.4998268783092499, -1.0
-0.5426041483879089, -1.0
-0.580386757850647, -1.0
-0.2924151122570038, -0.6700854897499084
-0.6642939448356628, -0.6376068592071533
-0.6877420544624329, -1.0
-0.8015676140785217, -0.5811966061592102
-0.4061792492866516, -0.3504273593425751
-0.8682929873466492, -0.5897436141967773
