target,prediction
-0.5221928954124451, -0.8231104612350464
-0.9740393161773682, -0.8376187682151794
-0.5307363271713257, -0.9854916930198669
-0.7104721069335938, -0.6484529972076416
-0.9403764605522156, -0.9296905994415283
-0.6412900686264038, -0.9088581800460815
-0.8825078010559082, -0.8716574311256409
-0.4117155075073242, -0.6121822595596313
-0.8608177900314331, -0.7182043790817261
