target,prediction
-1.0400183200836182, -0.951178789138794
-0.33808401226997375, -0.9368153810501099
-0.3348265290260315, -0.8494740724563599
-0.8545764088630676, -0.9773666858673096
-0.35125550627708435, -0.9245556592941284
-0.35905686020851135, -0.9505259394645691
-1.7689266204833984, -0.9788901209831238
-0.19359084963798523, -0.9301414489746094
-0.5174506306648254, -0.8605731129646301
