target,prediction
-0.5397580862045288, 0.38856270909309387
0.705327570438385, -0.5583403706550598
-0.28205645084381104, -0.3716297447681427
0.5631415247917175, -0.6598514318466187
-0.05180840939283371, -0.7445086240768433
-0.47617819905281067, -0.19084984064102173
-0.4714111089706421, 0.362287312746048
-0.8117408156394958, 0.27558356523513794
-0.6158456206321716, -0.3813003599643707
