target,prediction
-0.7293487191200256, -1.0
-0.8088869452476501, -0.8666666746139526
-0.7834128141403198, -1.0
-0.8384190201759338, -0.8358974456787109
-0.4311107397079468, -0.44273504614830017
-0.6878454089164734, -0.7982906103134155
-0.6476039290428162, -0.5726495981216431
-0.7497057318687439, -1.0
-0.793231189250946, -1.0
