target,prediction
-1.3902394771575928, -0.9528473019599915
-1.3477956056594849, -0.9778019785881042
-1.1110676527023315, -0.9350743293762207
-0.8102656602859497, -0.8988755941390991
-0.8405176997184753, -0.9978962540626526
-0.5465922355651855, -0.9313746690750122
-1.1439732313156128, -0.9833151698112488
-0.7119522094726562, -0.9360173940658569
-0.7346197962760925, -0.9751904010772705
