target,prediction
0.05778995156288147, -0.3355972468852997
0.9078766107559204, 0.7511199116706848
0.6981865167617798, 0.07588529586791992
0.3592182993888855, 0.015420551411807537
0.389253705739975, 0.028463594615459442
1.00334632396698, 0.4232093095779419
0.44136637449264526, 0.06467325985431671
-0.20400886237621307, 0.08671718835830688
0.6303895711898804, 0.10733789950609207
