target,prediction
-0.0816158875823021, 0.24840712547302246
0.15129978954792023, 0.37310296297073364
0.589786946773529, 0.19142526388168335
-0.22520141303539276, 0.07454606890678406
-0.24512864649295807, -0.3269128203392029
0.2019777148962021, 0.286578893661499
-0.08466927707195282, 0.19777856767177582
0.3200135827064514, 0.2556208670139313
-0.2019399255514145, -0.58564293384552
