target,prediction
-0.9340177178382874, -0.05299145355820656
-1.1135950088500977, -0.5948718190193176
-0.9599612355232239, -0.6820513010025024
-0.4826226830482483, -0.9572649598121643
-1.2497514486312866, -1.0
-0.8920982480049133, -1.0
-1.1113979816436768, -1.0
-0.3890654742717743, -0.5128205418586731
-1.0873790979385376, -0.8803418874740601
