target,prediction
-0.19475549459457397, -1.0
-0.5767744779586792, -0.8666666746139526
-0.42048418521881104, -1.0
-0.25410908460617065, -0.8358974456787109
-0.19360244274139404, -0.44273504614830017
-0.5604104995727539, -0.7982906103134155
-1.2227052450180054, -0.5726495981216431
-0.4843725264072418, -1.0
-0.26590991020202637, -1.0
