target,prediction
-0.10300610959529877, -0.3742330074310303
-0.5765293836593628, 0.020833097398281097
-0.5175674557685852, -0.5065705180168152
-0.6202607154846191, 0.210304394364357
-0.13267838954925537, -0.4882643222808838
0.05429838225245476, 0.30756133794784546
-0.6653336882591248, 0.21211561560630798
-0.39241674542427063, -0.4152171015739441
-0.3309597074985504, -0.4829823076725006
