target,prediction
0.4932255446910858, -0.3742330074310303
-0.23124262690544128, 0.020833097398281097
-0.10962575674057007, -0.5065705180168152
0.24160319566726685, 0.210304394364357
-0.1355505883693695, -0.4882643222808838
-0.15397611260414124, 0.30756133794784546
-0.12814214825630188, 0.21211561560630798
-0.19546934962272644, -0.4152171015739441
-0.34602823853492737, -0.4829823076725006
