target,prediction
0.6947019696235657, -0.3742330074310303
0.4848428964614868, 0.020833097398281097
0.40092772245407104, -0.5065705180168152
-0.3294260501861572, 0.210304394364357
0.24419492483139038, -0.4882643222808838
-0.17365241050720215, 0.30756133794784546
-0.30625879764556885, 0.21211561560630798
0.5346843600273132, -0.4152171015739441
0.2821618914604187, -0.4829823076725006
