target,prediction
-1.1239163875579834, -0.9921653866767883
-0.8669447302818298, -0.9227421283721924
-0.5807966589927673, -0.9373956918716431
-1.0829371213912964, -0.9708378911018372
-1.0479860305786133, -0.9087414145469666
-0.8930496573448181, -0.9991294741630554
-0.977181613445282, -0.8887196183204651
-0.6967375874519348, -0.8494740724563599
-0.9255144000053406, -0.9417482614517212
