target,prediction
-0.2526663541793823, -0.3355972468852997
-0.4365382790565491, 0.7511199116706848
2.028670310974121, 0.07588529586791992
-0.5424655675888062, 0.015420551411807537
-0.7418151497840881, 0.028463594615459442
0.5868929624557495, 0.4232093095779419
-0.5957537293434143, 0.06467325985431671
-0.17629201710224152, 0.08671718835830688
-0.4717293977737427, 0.10733789950609207
