{"loss": [0.05778507590293884, 0.05764635801315308, 0.05219589471817017, 0.059434670209884646, 0.054732096195220944, 0.052505886554718016, 0.049961325526237485, 0.04565179049968719, 0.04195201396942139, 0.04191804528236389, 0.04173862934112549, 0.042015868425369265, 0.04513620734214783, 0.03670817017555237, 0.03758450746536255, 0.03864389657974243, 0.0385324239730835, 0.03505771458148956, 0.034037691354751584, 0.03530049920082092, 0.03539744317531586, 0.03531950116157532, 0.032801902294158934, 0.032876068353652955, 0.03239642977714539, 0.027983087301254272, 0.02929489016532898, 0.025676429271697998, 0.023600265383720398, 0.03191676139831543, 0.0235733225941658, 0.02710126042366028, 0.02972661852836609, 0.039124518632888794, 0.03199384808540344, 0.03138223886489868, 0.02636897563934326, 0.024426434934139252, 0.020887522399425505, 0.029116550087928773, 0.023350748419761657, 0.036789947748184205, 0.03721120655536651, 0.02175181359052658, 0.022830834984779357, 0.03137926161289215, 0.035760504007339475, 0.037003731727600096, 0.026422935724258422, 0.023189374804496767, 0.02815604507923126, 0.02561907172203064, 0.027717465162277223, 0.02849140763282776, 0.028272178769111634, 0.03032713830471039, 0.028942006826400756, 0.02191613018512726, 0.02750210464000702, 0.02003610283136368, 0.022098127007484435, 0.031117767095565796, 0.03125454187393188, 0.04315248429775238, 0.022859843075275423, 0.02293263077735901, 0.028962519764900208, 0.04024252593517304, 0.026268035173416138, 0.04848766326904297, 0.033009305596351624, 0.03815223574638367, 0.03262872695922851, 0.04834535121917725, 0.03262962996959686, 0.03836816251277923, 0.038123926520347594, 0.027581095695495605, 0.06945666074752807, 0.046152710914611816, 0.034721356630325315, 0.04348825812339783, 0.03738003969192505, 0.03975767493247986, 0.04229853749275207, 0.035183081030845643, 0.08091886043548584, 0.04189992845058441, 0.07740669250488282, 0.053159505128860474, 0.045412036776542666, 0.04069117307662964, 0.06562544107437134, 0.0710208535194397, 0.04782367944717407], "mae": [0.17911806106567382, 0.1842804193496704, 0.17562743425369262, 0.188146710395813, 0.18076188564300538, 0.17316269874572754, 0.17474983930587767, 0.1676116943359375, 0.16061797142028808, 0.15861902236938477, 0.16170295476913452, 0.15178192853927613, 0.170896577835083, 0.14729642868041992, 0.14969587326049805, 0.15137430429458618, 0.15197110176086426, 0.14943990707397461, 0.14093222618103027, 0.1486248254776001, 0.14192360639572144, 0.14219329357147217, 0.13290181159973144, 0.13551716804504393, 0.13240238428115844, 0.12205172777175903, 0.12691588401794435, 0.12346949577331542, 0.1200379729270935, 0.14039872884750365, 0.1163334846496582, 0.1218562126159668, 0.12580254077911376, 0.14944639205932617, 0.12638506889343262, 0.12521026134490967, 0.12644022703170776, 0.12863774299621583, 0.11918730735778808, 0.1319368600845337, 0.11271684169769287, 0.1433177947998047, 0.14182140827178955, 0.115059494972229, 0.10251086950302124, 0.13318114280700682, 0.1232995867729187, 0.12685147523880005, 0.1180067777633667, 0.10744706392288209, 0.10876485109329223, 0.12213661670684814, 0.11583759784698486, 0.12915148735046386, 0.13362548351287842, 0.12500252723693847, 0.12124122381210327, 0.10869371891021729, 0.13550783395767213, 0.10581374168395996, 0.10831066370010375, 0.12641321420669555, 0.15479334592819213, 0.16807832717895507, 0.11679433584213257, 0.10945898294448853, 0.12955700159072875, 0.14272147417068481, 0.13199012279510497, 0.19065475463867188, 0.12246884107589721, 0.12780827283859253, 0.12419943809509278, 0.15156192779541017, 0.11125073432922364, 0.1340910315513611, 0.1611776828765869, 0.11245515346527099, 0.16801578998565675, 0.17731326818466187, 0.10937187671661378, 0.1296161651611328, 0.13093093633651734, 0.1373265266418457, 0.13129476308822632, 0.14483494758605958, 0.22732970714569092, 0.15616340637207032, 0.19442626237869262, 0.15156214237213134, 0.17893227338790893, 0.15369386672973634, 0.1698160171508789, 0.15672205686569213, 0.17465713024139404]}