{"loss": [0.10725436740451388, 0.10440483093261718, 0.09981372621324328, 0.10110816955566407, 0.09587333467271593, 0.09399193657769098, 0.08860340118408203, 0.0860004742940267, 0.0896651268005371, 0.07754900190565321, 0.11356594297620985, 0.07040947808159723, 0.07182568973965114, 0.06875398953755697, 0.0684351020389133, 0.05980976422627767, 0.05828293694390191, 0.09539246029324001, 0.06671059926350911, 0.06681505309210883, 0.05039918687608507, 0.047651979658338756, 0.08429008060031468, 0.08644647598266601, 0.03957011699676514, 0.055715391370985246, 0.052729723188612194, 0.05528608957926432, 0.04867751333448622, 0.03587182627783881, 0.07824407153659396, 0.05833161142137316, 0.02742240958743625, 0.0408483001920912, 0.04829666349622938, 0.04242059654659695, 0.06494264602661133, 0.058745956420898436, 0.027059615982903375, 0.025155115127563476, 0.02426135540008545, 0.021149562464820013, 0.01929567390018039, 0.032110084427727593, 0.015197685029771592, 0.021446084976196288, 0.020103661219278972, 0.020980815092722576, 0.02154518233405219, 0.037726590368482804, 0.014972870879703098, 0.013366680675082737, 0.017367966969807944, 0.016070071856180826, 0.016351465384165445, 0.023247117466396756, 0.030123970243665907, 0.04768271976047092, 0.04638458357916938, 0.010658358203040228, 0.027152286635504827, 0.015729570388793947, 0.013255993525187174, 0.03626835346221924, 0.010603724585639105, 0.015035005410512288, 0.012956755691104466, 0.010295367240905762, 0.019666360484229192, 0.04872252146402995, 0.009723211659325494, 0.007702958583831787, 0.0134890702035692, 0.009641231430901422, 0.007120431794060601, 0.029178129302130804, 0.022404676013522678, 0.015436250633663601, 0.01993813117345174, 0.019195320871141223, 0.007937151855892605, 0.011549623807271321, 0.008707122008005778, 0.008948853943083021, 0.010396965344746907, 0.021412465307447646, 0.038707651032341854, 0.017229447099897596, 0.013545940981970893, 0.014960899617936877, 0.014396487341986761, 0.049036137262980145, 0.021748479207356772, 0.023106312751770018, 0.01512407726711697], "mae": [0.24555267757839627, 0.24832551744249132, 0.24443187713623046, 0.2379113727145725, 0.23669639163547093, 0.22942178514268663, 0.22709058125813802, 0.2252099355061849, 0.22995096842447918, 0.21645223829481336, 0.24798605177137586, 0.20376358032226563, 0.20373032887776693, 0.1993000242445204, 0.19808197021484375, 0.1915792465209961, 0.18923117319742838, 0.22091647254096136, 0.18901348114013672, 0.19081107245551215, 0.17123001946343316, 0.16605122884114584, 0.1902843263414171, 0.19530213673909505, 0.14982497957017687, 0.16710065205891927, 0.16177229351467556, 0.16338330374823676, 0.15774141947428386, 0.15026795069376628, 0.18517591688368057, 0.16604392793443468, 0.12219922807481554, 0.15704586240980362, 0.14798581865098742, 0.1353989707099067, 0.15527546140882703, 0.15727960798475477, 0.11259033415052626, 0.11331623925103082, 0.10473345650566948, 0.11664849387274848, 0.11290831036037868, 0.12290077209472657, 0.08578800625271267, 0.11489958233303493, 0.10080833435058593, 0.10294194751315647, 0.10135684543185763, 0.12685699462890626, 0.08325761159261068, 0.07971878051757812, 0.09257604810926649, 0.08772739304436578, 0.09515380859375, 0.10160849889119467, 0.11222103966606987, 0.14106566111246746, 0.1639868418375651, 0.06699702474806044, 0.10517747667100695, 0.08839244312710232, 0.08630861706203885, 0.15116633309258354, 0.07160005039638943, 0.09246686299641928, 0.08748235172695584, 0.08086833424038357, 0.1088266266716851, 0.18390941619873047, 0.079944732454088, 0.06930104361640083, 0.08520047929551866, 0.07690999772813585, 0.061024978425767686, 0.11396146350436741, 0.1194228278266059, 0.09091296725802951, 0.10698923534817166, 0.10624907811482748, 0.06451488071017795, 0.08124510977003309, 0.06884934107462565, 0.07010853555467393, 0.07292290793524848, 0.10676070319281684, 0.17321017583211262, 0.0936242527431912, 0.10043515099419488, 0.09921465979682074, 0.09214262432522244, 0.1463028695848253, 0.12069677776760525, 0.12444494035508898, 0.09081573486328125]}