{"loss": [0.04162856191396713, 0.038946956396102905, 0.02943936362862587, 0.03133530914783478, 0.03277190774679184, 0.031620338559150696, 0.03260122239589691, 0.03389514237642288, 0.03571579232811928, 0.03535944223403931, 0.03624742105603218, 0.03700678050518036, 0.038583025336265564, 0.03790151700377464, 0.03855791687965393, 0.0408390611410141, 0.03835904970765114, 0.0408986397087574, 0.040233418345451355, 0.038936007767915726, 0.03942639008164406, 0.038961295038461685, 0.039969224482774734, 0.0404202863574028, 0.03906450793147087, 0.03834163397550583, 0.037363581359386444, 0.04116690531373024, 0.038142018020153046, 0.03723212704062462, 0.04220283776521683, 0.03891027718782425, 0.04211868345737457, 0.04434341564774513, 0.03850425034761429, 0.041308123618364334, 0.040415357798337936, 0.04253542050719261, 0.037297435104846954, 0.0406646728515625, 0.036902494728565216, 0.04024890810251236, 0.037707578390836716, 0.03838987648487091, 0.03643578290939331, 0.03894911706447601, 0.038583993911743164, 0.03891592472791672, 0.03532598540186882, 0.040097713470458984, 0.04795173183083534, 0.0387192964553833, 0.06979255378246307], "mae": [0.12157414108514786, 0.1227441132068634, 0.10506176948547363, 0.10767121613025665, 0.1116647869348526, 0.1095685064792633, 0.1117558628320694, 0.11591431498527527, 0.11970390379428864, 0.11903135478496552, 0.12018232047557831, 0.1210404485464096, 0.12228704988956451, 0.12284476310014725, 0.12140291929244995, 0.127638041973114, 0.12363239377737045, 0.1262684166431427, 0.12373332679271698, 0.12227702140808105, 0.12385863810777664, 0.12290367484092712, 0.12314550578594208, 0.12413343042135239, 0.12179315090179443, 0.12049980461597443, 0.12359172105789185, 0.13098867237567902, 0.11999395489692688, 0.12247394025325775, 0.13326363265514374, 0.12505266070365906, 0.12863990664482117, 0.13467317819595337, 0.1267472356557846, 0.12672759592533112, 0.14548790454864502, 0.12984225153923035, 0.13944284617900848, 0.13153502345085144, 0.11567604541778564, 0.1211697906255722, 0.1260223388671875, 0.12423662841320038, 0.1158958449959755, 0.12016332149505615, 0.11624883115291595, 0.11518549174070358, 0.1130482628941536, 0.1207415759563446, 0.14120009541511536, 0.14111359417438507, 0.19424179196357727]}