{"loss": [0.03089864416555925, 0.023756081407720394, 0.017707547003572636, 0.013064140623266047, 0.009546643631024794, 0.0076756429943171415, 0.00583430447361686, 0.00412054495377974, 0.003099805252118544, 0.002078905870968645, 0.0014655805108222094, 0.0012126247483220968, 0.0007823541421781887, 0.0016777760941873896, 0.000552128196101297, 0.001011759296736934, 0.0008751740679144859, 0.0008939162574031136, 0.0004444016482342373, 0.0004694374616850506, 0.0004808128896084699, 0.0004295854490589012, 0.00032178814184259284, 0.0006124881011518565, 0.00044404901564121246, 0.00045873470265756953, 0.001642515713518316, 0.0009826212613420053, 0.0004574770785190842, 0.0009722486138343811, 0.0015341057018800216, 0.0008211711590940303, 0.0007947571575641632, 0.0025761908089572735, 0.0019778753207488494, 0.0010335528376427565, 0.0038288404995744877, 0.0010337096384980462, 0.006259211085059426, 0.0026360782371325927, 0.0005309373055669395, 0.0009495818310163238, 0.0006442555141719905, 0.0005590059709819881, 0.0005052883008664304, 0.0014574710618365896, 0.0006953717463395812, 0.0011404977942054923, 0.0007868067107417367, 0.0011257375167174773, 0.004614331166852604, 0.004907377741553567, 0.016948461532592773], "mae": [0.09787998416207054, 0.08803673224015669, 0.07821433652531017, 0.06021661108190363, 0.05667547204277732, 0.04871925982561978, 0.046218628233129326, 0.041295360435139046, 0.03671673753044822, 0.028472082181410355, 0.024342255158857865, 0.02295519547028975, 0.020085214213891464, 0.03167455304752697, 0.01728477261283181, 0.02576108141378923, 0.021173914725130253, 0.023014938289468937, 0.014963175762783398, 0.01576557755470276, 0.01560829986225475, 0.014756248755888506, 0.01340511983091181, 0.019326514818451622, 0.015029412778941069, 0.016668287190524014, 0.03153265877203508, 0.025664505633440884, 0.015499820763414556, 0.02103164792060852, 0.03329247507182034, 0.022970941933718594, 0.021554403684355995, 0.041492313146591187, 0.03366036306728016, 0.023362165147607975, 0.048377378420396286, 0.022934138774871826, 0.07265623591162941, 0.04524795575575395, 0.016356348991394043, 0.024804009632630783, 0.018982256000692196, 0.017592308196154507, 0.01741428537802263, 0.030290587381883102, 0.019139949571002613, 0.02728714184327559, 0.020426728508689186, 0.026660239154642277, 0.05711642720482566, 0.05559347434477373, 0.11869244142012163]}