target,prediction
0.8912087678909302, 0.04099501296877861
-0.4566713869571686, 0.2562583088874817
0.47357332706451416, 0.5375418663024902
-0.2936583161354065, 0.09719386696815491
-0.13812994956970215, 0.2685486972332001
0.15894737839698792, -0.15679432451725006
-0.0013269111514091492, 0.20174172520637512
-0.5880377888679504, -0.2643006145954132
0.24903041124343872, 0.5452412962913513
