target,prediction
-0.7273980379104614, -1.0
-0.6701769828796387, -1.0
-1.4096043109893799, -1.0
-0.7210390567779541, -0.6700854897499084
-0.7004062533378601, -0.6376068592071533
-0.9019826650619507, -1.0
-0.7305905818939209, -0.5811966061592102
-0.5592885613441467, -0.3504273593425751
-0.7389057278633118, -0.5897436141967773
