target,prediction
-0.3712143898010254, -0.04283304139971733
2.7407350540161133, -1.0
-0.3960397243499756, 0.5625163316726685
-0.600773274898529, 0.33375921845436096
-0.12746931612491608, 0.6991934776306152
0.015270516276359558, -0.07649680227041245
-0.024148568511009216, 0.37948140501976013
-0.6198542714118958, 0.4118645489215851
0.12298651039600372, 0.04099501296877861
