target,prediction
1.0639731884002686, 0.04099501296877861
-0.6691628694534302, 0.2562583088874817
-0.26778218150138855, 0.5375418663024902
-0.34607765078544617, 0.09719386696815491
-0.42950505018234253, 0.2685486972332001
-0.18242523074150085, -0.15679432451725006
1.497308373451233, 0.20174172520637512
0.36128464341163635, -0.2643006145954132
-0.2875472903251648, 0.5452412962913513
