target,prediction
1.2477550506591797, 0.07454606890678406
2.0829579830169678, 0.37310296297073364
1.7907025814056396, -0.58564293384552
1.0064692497253418, 0.19777856767177582
1.9903488159179688, 0.24840712547302246
3.6256213188171387, 0.286578893661499
2.3385016918182373, -0.3269128203392029
2.957274913787842, 0.19142526388168335
5.456717491149902, 0.2556208670139313
