target,prediction
-1.0833854675292969, -0.6410256624221802
-0.8765113949775696, -0.8461538553237915
-0.4728800654411316, -1.0
-0.8216516971588135, -1.0
-0.6799496412277222, -0.9606837630271912
-0.7643350958824158, -0.6666666865348816
-0.577325701713562, -0.916239321231842
-0.5266832113265991, -1.0
-0.43345871567726135, -1.0
