target,prediction
-0.6592999696731567, -0.9313021302223206
-0.21981589496135712, -0.43692418932914734
-1.6567081212997437, -0.9955023527145386
-0.3659910559654236, -0.4585418999195099
-0.4728650450706482, -0.9379035234451294
-0.3657357096672058, -0.7244831323623657
-1.0732394456863403, -0.9323177337646484
-0.8248301148414612, -0.9270220994949341
-0.41679883003234863, -0.7849836945533752
