target,prediction
-0.9073803424835205, -0.987232506275177
-6.495690822601318, -0.9735219478607178
-1.392484426498413, -0.9261516332626343
-3.357205867767334, -0.9994922280311584
1.1248106956481934, -0.9325353503227234
-2.618603467941284, -0.9755531549453735
-2.2350339889526367, -0.9599564671516418
-5.187285900115967, -0.889154851436615
-3.161120891571045, -0.9721436500549316
