target,prediction
-0.947338342666626, -0.9313021302223206
-0.6782626509666443, -0.43692418932914734
-1.1303144693374634, -0.9955023527145386
-0.7184411883354187, -0.4585418999195099
-1.0444674491882324, -0.9379035234451294
-0.727968156337738, -0.7244831323623657
-0.8920356631278992, -0.9323177337646484
-0.74751877784729, -0.9270220994949341
-0.7823324799537659, -0.7849836945533752
