target,prediction
0.13782908022403717, 0.38856270909309387
0.26168328523635864, -0.5583403706550598
-0.6938838362693787, -0.3716297447681427
-0.6615321040153503, -0.6598514318466187
-0.14942453801631927, -0.7445086240768433
-0.7217836976051331, -0.19084984064102173
0.7915789484977722, 0.362287312746048
0.17406757175922394, 0.27558356523513794
-0.9034489393234253, -0.3813003599643707
