target,prediction
-0.2291824072599411, -0.8358974456787109
-1.858697772026062, -0.8666666746139526
-0.05971746891736984, -1.0
-1.2953883409500122, -0.5726495981216431
-1.4394639730453491, -1.0
-0.24760140478610992, -0.7982906103134155
-3.143678903579712, -0.44273504614830017
-0.3214361071586609, -1.0
-0.09966115653514862, -1.0
