target,prediction
0.33447423577308655, 0.2624625861644745
0.15206611156463623, -0.1347503960132599
0.27430906891822815, 0.33375921845436096
0.18337510526180267, 0.028463594615459442
-0.05207061767578125, 0.23016135394573212
0.08475923538208008, 0.028463594615459442
0.1683540642261505, -0.20604702830314636
0.08960336446762085, 0.1537250280380249
0.23133714497089386, 0.11716976016759872
