target,prediction
1.562759518623352, -0.2643006145954132
-0.30363696813583374, 0.04099501296877861
-0.10117702931165695, 0.33375921845436096
0.3615921437740326, 0.2685486972332001
-0.30572420358657837, 0.4959885776042938
0.12898153066635132, -0.15679432451725006
-0.47063666582107544, 0.2917960286140442
0.11037234216928482, 0.12670809030532837
0.2548730969429016, 0.4713987410068512
