target,prediction
-0.28843075037002563, -1.0
-0.5708067417144775, -1.0
-0.5227940082550049, -0.3272024095058441
-0.15916728973388672, -0.8312348127365112
0.030853506177663803, -0.2734847664833069
-0.8010239005088806, -1.0
-1.132870078086853, -0.9985392689704895
-0.28205642104148865, -0.4627823829650879
-0.8307744860649109, -1.0
