target,prediction
-0.9367027282714844, -0.8231104612350464
-0.47255462408065796, -0.6160411834716797
-0.6557011008262634, -0.30918222665786743
-0.6375973224639893, -0.8231104612350464
-0.6622477769851685, -0.6596131920814514
-1.0875983238220215, -0.9771215319633484
-0.8627658486366272, -0.8370607495307922
-0.40033620595932007, -0.9088581800460815
-0.07022208720445633, -0.5251325368881226
