target,prediction
-0.6262825727462769, -0.05299145355820656
-1.2662837505340576, -0.5948718190193176
-1.685851812362671, -0.6820513010025024
-0.8168055415153503, -0.9572649598121643
-0.514227569103241, -1.0
-0.4369886815547943, -1.0
-0.7034728527069092, -1.0
-1.0357842445373535, -0.5128205418586731
-0.9358593225479126, -0.8803418874740601
