target,prediction
-1.039257287979126, -0.9913079142570496
-0.6827828884124756, -0.9999129176139832
-1.2728363275527954, -0.9990180134773254
-0.7143864631652832, -0.9812979102134705
-1.1383479833602905, -0.9994727969169617
-0.4793248176574707, -0.99821937084198
-1.1822692155838013, -0.9938071370124817
-1.2333236932754517, -0.928724467754364
-0.8203946948051453, -0.9955627918243408
