{"loss": [0.09458341002464295, 0.1015375018119812, 0.040763118863105775, 0.03315993249416351, 0.04063313901424408, 0.02208825796842575, 0.02506014406681061, 0.01764798313379288, 0.021280665695667268, 0.018914319574832916, 0.014905935525894165, 0.0360203206539154, 0.015601298213005066, 0.020874790847301483, 0.01730697453022003, 0.016390469670295716, 0.019995477795600892, 0.014916694164276123, 0.01854272037744522, 0.021268749237060548, 0.020827606320381165, 0.028350910544395445, 0.020094788074493407, 0.01668919324874878, 0.02255968749523163, 0.019514372944831847, 0.017819450795650484, 0.024511709809303284, 0.02074490636587143, 0.021356843411922455, 0.024318487942218782, 0.032254618406295774, 0.014175374805927277, 0.013779680430889129, 0.03052632510662079, 0.017173479497432708, 0.02289840281009674, 0.02493499219417572, 0.02420089691877365, 0.021934092044830322, 0.03215337693691254, 0.022889013588428497, 0.021761032938957214, 0.0307228684425354, 0.016279004514217377, 0.02607455551624298, 0.0312674880027771, 0.028869366645812987, 0.05216360092163086, 0.03141041398048401, 0.02601005434989929, 0.04200587272644043, 0.009112507104873657, 0.03845787346363068, 0.1272526979446411, 0.018391968309879304, 0.06270028948783875, 0.030734530091285704, 0.028338682651519776, 0.02008810043334961, 0.04564518630504608, 0.02256341725587845, 0.03605666160583496, 0.09855077266693116, 0.06284276843070984, 0.04757454991340637, 0.04028324484825134, 0.052600246667861936, 0.04555957913398743, 0.010168986022472381, 0.06535983085632324, 0.08804515600204468, 0.026887324452400208, 0.012847332656383515, 0.03616461753845215, 0.03461812138557434, 0.04111412763595581, 0.021690011024475098, 0.11488075256347656, 0.052279746532440184, 0.033073064684867856, 0.03211049437522888, 0.08990581631660462, 0.05084285736083984, 0.0352338969707489, 0.1203715443611145, 0.04614835977554321, 0.03376724123954773, 0.02363947033882141, 0.034472116827964784, 0.030485653877258302, 0.029623320698738097, 0.030798882246017456, 0.06004590392112732, 0.025389355421066285, 0.09337040185928344, 0.03980892896652222, 0.06167786717414856, 0.061664891242980954, 0.0374555379152298, 0.08644400238990783, 0.05794577002525329, 0.03774021565914154], "mae": [0.26692676544189453, 0.27483744621276857, 0.16484235525131224, 0.15504591464996337, 0.17842316627502441, 0.1256887435913086, 0.13237898349761962, 0.10858356952667236, 0.12622931003570556, 0.12058861255645752, 0.10722177028656006, 0.16548374891281128, 0.10920528173446656, 0.1227843165397644, 0.10833184719085694, 0.104628586769104, 0.11191983222961426, 0.10398237705230713, 0.11812996864318848, 0.13259001970291137, 0.12645883560180665, 0.14106580018997192, 0.1218213438987732, 0.10772010087966918, 0.1320304751396179, 0.11921311616897583, 0.1140895128250122, 0.13761504888534545, 0.1261763334274292, 0.13279142379760742, 0.13232635259628295, 0.15472078323364258, 0.1056829571723938, 0.10011693239212036, 0.13122905492782594, 0.10618888139724732, 0.14237673282623292, 0.13087191581726074, 0.14177805185317993, 0.13530397415161133, 0.15653249025344848, 0.12301851511001587, 0.12010890245437622, 0.14919655323028563, 0.11242804527282715, 0.13317906856536865, 0.15710768699645997, 0.1521282434463501, 0.20780277252197266, 0.16428804397583008, 0.14916574954986572, 0.1771714448928833, 0.0840752124786377, 0.15530871152877807, 0.2896112442016602, 0.10630916357040406, 0.1906793713569641, 0.12790207862854003, 0.1325066566467285, 0.13052742481231688, 0.20509417057037355, 0.11628971099853516, 0.17251681089401244, 0.2760739326477051, 0.2194221019744873, 0.18917396068572997, 0.1572934865951538, 0.21562578678131103, 0.180877161026001, 0.08887524008750916, 0.23027253150939941, 0.27278752326965333, 0.13924299478530883, 0.09070475101470947, 0.15961599349975586, 0.13442953824996948, 0.17341850996017455, 0.13830964565277098, 0.3103916645050049, 0.18548836708068847, 0.1582843542098999, 0.15876916646957398, 0.2249453067779541, 0.19826905727386473, 0.16512839794158934, 0.2838158130645752, 0.1866680860519409, 0.169256591796875, 0.14063948392868042, 0.15787326097488402, 0.15503499507904053, 0.14438492059707642, 0.13772257566452026, 0.20586533546447755, 0.12827785015106202, 0.2842402458190918, 0.17489274740219116, 0.19963845014572143, 0.22018647193908691, 0.1742977023124695, 0.2705686569213867, 0.19312416315078734, 0.16787137985229492]}