{"loss": [0.24785355461968317, 0.16585573620266383, 0.13261840608384873, 0.1106014887491862, 0.08439743783738878, 0.0774285528394911, 0.06395156118604872, 0.0752766556209988, 0.058749993642171226, 0.05143318176269531, 0.047015682856241865, 0.04413403934902615, 0.0465691884358724, 0.056260771221584745, 0.06010896364847819, 0.04342317051357693, 0.05229237874348958, 0.031086015701293945, 0.04362416002485487, 0.03314877351125081, 0.03915468321906196, 0.027126953336927627, 0.021735661559634738, 0.0239347775777181, 0.021552055411868627, 0.02127579715516832, 0.02019713322321574, 0.020886908637152778, 0.018205037381913928, 0.024143780602349174, 0.02269709904988607, 0.023279680146111384, 0.014177623060014513, 0.019969361358218723, 0.030416946940951876, 0.018724580605824787, 0.016729440953996446, 0.019821131229400636, 0.013178503513336182, 0.017366474204593235, 0.021911594602796767, 0.018066593011220298, 0.02983154720730252, 0.014878524674309624, 0.013577005598280165, 0.02084419462415907, 0.03853991561465793, 0.02442081504397922, 0.0637872060139974, 0.020708194043901233, 0.02275722026824951, 0.03208726512061225, 0.02344757186041938, 0.02419271469116211, 0.06329947577582465, 0.0248814238442315, 0.035539179378085664, 0.03759050634172228, 0.025708508491516114, 0.024606548415289985, 0.029050633642408584, 0.017511600918240017, 0.023153609699673124, 0.07403779029846191, 0.10921782387627496, 0.03815513186984592, 0.03353588845994737, 0.04194983111487494, 0.029379712210761175, 0.044787226782904734, 0.05110254287719727, 0.12701808081732857, 0.030511969990200467, 0.034623397721184626, 0.03321447902255588, 0.025951796107821994, 0.05432937939961751, 0.017969087759653727, 0.07610055605570475, 0.045160902871025935, 0.029054700003729925, 0.037647310892740884, 0.031991873847113717, 0.04166121747758653, 0.020749182171291774, 0.09154511557685005, 0.04712786144680447, 0.025438560379876032, 0.019532022211286755, 0.02217061784532335, 0.025982647471957738, 0.020597416824764677, 0.025501958529154458, 0.019879802068074545, 0.021545293596055774, 0.062321074803670246, 0.01928888824250963, 0.0260365539126926, 0.040557140774197045, 0.031970890363057454, 0.04903039402431912, 0.025734323925442167, 0.027469195259941948], "mae": [0.41405355665418836, 0.3215205934312608, 0.29612339867485893, 0.26887291802300345, 0.22057338290744358, 0.2231262418958876, 0.19061637454562716, 0.22555724249945747, 0.19213619232177734, 0.17915320926242403, 0.17011875576443142, 0.15475293265448675, 0.16965144475301105, 0.19078299204508464, 0.20497141944037545, 0.16348686218261718, 0.19182169172498914, 0.13692157533433702, 0.1773460070292155, 0.14466957516140408, 0.1578725814819336, 0.11134459177652994, 0.11234303580390083, 0.11681707170274523, 0.10646004146999782, 0.1160214212205675, 0.11174037721421984, 0.10669883092244466, 0.10945727030436198, 0.13308268653021918, 0.12721642388237847, 0.1224635124206543, 0.09084802203708225, 0.11364143159654405, 0.14549631542629665, 0.11377924813164605, 0.10133626725938585, 0.11555020014444987, 0.09263288709852431, 0.10757208930121528, 0.11648661295572917, 0.09677421781751845, 0.1445626046922472, 0.09887986712985569, 0.08843748304578992, 0.10402584075927734, 0.143796083662245, 0.11955633163452148, 0.18396472930908203, 0.11175018946329753, 0.11827184889051649, 0.14552669525146483, 0.11979591581556533, 0.11396094428168403, 0.2130814658270942, 0.12220495012071397, 0.15036882824367948, 0.13557863235473633, 0.13326264487372505, 0.1289069175720215, 0.13100042343139648, 0.10068004396226671, 0.10840176476372612, 0.23791588677300346, 0.28272166781955294, 0.14644319746229384, 0.14624430338541666, 0.1569636556837294, 0.13595622380574543, 0.16529305775960287, 0.18276714748806425, 0.30290520985921227, 0.1307040744357639, 0.14479461246066624, 0.1470505396525065, 0.12238430447048611, 0.19920561048719618, 0.09527458614773221, 0.23812393612331814, 0.17970538669162325, 0.14096833335028755, 0.15750759972466363, 0.13687411414252387, 0.16005076302422416, 0.11273617214626735, 0.23890310923258465, 0.1746914545694987, 0.12198399437798393, 0.10899777942233616, 0.10564947128295898, 0.12144538031684028, 0.12134103775024414, 0.12266471650865343, 0.1060921139187283, 0.1201036983066135, 0.21689976586235893, 0.10626196331448025, 0.13043364418877496, 0.1668853971693251, 0.13557234870062934, 0.17528763877020942, 0.13056294123331705, 0.13096194797092015]}