target,prediction
-1.354000449180603, -0.9921653866767883
-1.0203056335449219, -0.9227421283721924
-0.45270997285842896, -0.9373956918716431
-1.1713773012161255, -0.9708378911018372
-0.6792775988578796, -0.9087414145469666
-0.8137755990028381, -0.9991294741630554
-0.6786260008811951, -0.8887196183204651
-0.7868109941482544, -0.8494740724563599
-0.8238990902900696, -0.9417482614517212
