target,prediction
1.2702460289001465, 0.04099501296877861
-0.13970862329006195, 0.2562583088874817
-0.18187977373600006, 0.5375418663024902
-0.4363105297088623, 0.09719386696815491
-0.38511592149734497, 0.2685486972332001
0.24926535785198212, -0.15679432451725006
0.06580354273319244, 0.20174172520637512
0.04230017587542534, -0.2643006145954132
0.07205797731876373, 0.5452412962913513
