{"loss": [0.5533457398414612, 0.46543145179748535, 0.3958243727684021, 0.34484750032424927, 0.30839455127716064, 0.28484171628952026, 0.2711659371852875, 0.24872171878814697, 0.22786985337734222, 0.20037835836410522, 0.1713154911994934, 0.13948288559913635, 0.11477620899677277, 0.09830416738986969, 0.08815857768058777, 0.08615534752607346, 0.0788460373878479, 0.07396402209997177, 0.07315141707658768, 0.07062376290559769, 0.073346346616745, 0.06974354386329651, 0.0632055252790451, 0.054591093212366104, 0.060613542795181274, 0.05341032147407532, 0.05045577138662338, 0.04575980454683304, 0.045339085161685944, 0.04619905352592468, 0.04730848968029022, 0.0533672571182251, 0.056586816906929016, 0.04928213357925415, 0.04185335338115692, 0.04730688035488129, 0.05228428542613983, 0.054283104836940765, 0.04712291061878204, 0.045064836740493774, 0.04386462643742561, 0.04469478130340576, 0.04290646314620972, 0.04257377237081528, 0.04664146900177002, 0.041445426642894745, 0.04419158399105072, 0.04928316920995712, 0.051897503435611725, 0.04091493412852287, 0.04084795340895653, 0.04161038249731064, 0.03604637086391449, 0.05410279333591461, 0.036761969327926636, 0.04893114045262337, 0.04478318244218826, 0.03780193254351616, 0.055668193846940994, 0.03685593232512474, 0.04157625883817673, 0.04671511799097061, 0.03964730352163315, 0.04449720308184624, 0.037065859884023666, 0.05355721339583397, 0.04802994057536125, 0.04356358200311661, 0.035645224153995514, 0.04418136551976204, 0.04275809973478317, 0.05029658228158951, 0.04594634473323822, 0.04564574360847473, 0.0467832013964653, 0.03521886467933655, 0.04121534898877144, 0.04156443104147911, 0.04139290004968643, 0.04741125553846359, 0.044177792966365814, 0.04834709316492081, 0.03727908432483673, 0.05658044293522835, 0.04607051610946655, 0.05039014667272568, 0.042911890894174576, 0.04825066775083542, 0.05091814696788788, 0.047641776502132416, 0.044396378099918365, 0.060737207531929016, 0.04265707731246948, 0.04541325941681862, 0.04336103796958923, 0.04872331768274307, 0.05597662553191185, 0.04854873567819595, 0.051149699836969376, 0.046388544142246246, 0.056496284902095795, 0.05164892226457596, 0.05214497819542885, 0.03964922949671745, 0.04789704084396362, 0.04172884672880173, 0.04505564272403717, 0.041461147367954254, 0.04799267649650574, 0.043916672468185425], "mae": [0.6650807857513428, 0.5849658250808716, 0.5156223177909851, 0.45198315382003784, 0.42137712240219116, 0.39762479066848755, 0.3738331198692322, 0.3459877371788025, 0.324451208114624, 0.30034810304641724, 0.2723166048526764, 0.2404220700263977, 0.21763911843299866, 0.20942950248718262, 0.20784148573875427, 0.20280680060386658, 0.19631987810134888, 0.19321462512016296, 0.19348594546318054, 0.19448234140872955, 0.20031681656837463, 0.19788797199726105, 0.18360812962055206, 0.1743808537721634, 0.17746376991271973, 0.1773453950881958, 0.1675395369529724, 0.1570371687412262, 0.1619146317243576, 0.16837172210216522, 0.16750021278858185, 0.1712489277124405, 0.176091730594635, 0.1614057719707489, 0.1540142446756363, 0.16360485553741455, 0.16796892881393433, 0.179066002368927, 0.1566845327615738, 0.1590515375137329, 0.15110665559768677, 0.15433204174041748, 0.1525779664516449, 0.15550333261489868, 0.15997329354286194, 0.1527729630470276, 0.15790070593357086, 0.1681329905986786, 0.16328224539756775, 0.15045692026615143, 0.1538611650466919, 0.16446825861930847, 0.14073652029037476, 0.17293326556682587, 0.13820365071296692, 0.18454110622406006, 0.1595313549041748, 0.1485244333744049, 0.1733505129814148, 0.13763023912906647, 0.15053072571754456, 0.15914450585842133, 0.1468699425458908, 0.16417208313941956, 0.1383959800004959, 0.18601323664188385, 0.15272437036037445, 0.16666975617408752, 0.14311544597148895, 0.16959276795387268, 0.14971047639846802, 0.17770099639892578, 0.1461915224790573, 0.15716470777988434, 0.18509067595005035, 0.14647240936756134, 0.14756233990192413, 0.14643679559230804, 0.16632603108882904, 0.15801268815994263, 0.15794743597507477, 0.1808454394340515, 0.15710783004760742, 0.17967820167541504, 0.15573593974113464, 0.16508466005325317, 0.1418013721704483, 0.1545114517211914, 0.18467146158218384, 0.1826934814453125, 0.1562347114086151, 0.17189940810203552, 0.15759624540805817, 0.17359954118728638, 0.15786400437355042, 0.17011377215385437, 0.16197623312473297, 0.15983989834785461, 0.16154666244983673, 0.14871037006378174, 0.16606827080249786, 0.15502533316612244, 0.16029325127601624, 0.15050166845321655, 0.1518622189760208, 0.15265099704265594, 0.1673932820558548, 0.1416749358177185, 0.15203046798706055, 0.16066774725914001]}