{"loss": [0.7958622845736417, 0.6530502492731268, 0.5269323695789684, 0.42661597511985083, 0.34406594796614215, 0.2632654146714644, 0.21323416449806906, 0.17324912548065186, 0.13179102810946378, 0.09682828729802911, 0.07579335841265591, 0.06351094354282726, 0.05255044590343128, 0.050354551185261116, 0.04833952947096391, 0.04444502700458874, 0.041278606111353096, 0.038728535175323486, 0.03421069275249134, 0.03465857289054177, 0.03255263241854581, 0.029585859992287376, 0.02611957084048878, 0.02380756085569208, 0.02149720625443892, 0.020485357804731888, 0.017352537675337357, 0.015543221072717146, 0.012768641114234924, 0.012011836875568737, 0.010363108732483604, 0.00973971052603288, 0.008411799642172728, 0.0066595626148310575, 0.00618215108459646, 0.004498848522251303, 0.003534647212787108, 0.004184556955640966, 0.004231008277697997, 0.0023969919844107194, 0.0019394056024876509, 0.0019285533238540995, 0.00240211696787314, 0.001990582116625526, 0.001549984243783084, 0.0019832471893592315, 0.001751978966322812, 0.002044263549826362, 0.002144054594365033, 0.0018592874773524024, 0.0020060891454870052, 0.003925899213010614, 0.0026572688736698842, 0.0028240717947483063, 0.0056127475743944, 0.008064328269525007, 0.0014463231306184423, 0.002552148632027886, 0.0029570446773008866, 0.003968520259315317, 0.0016660558229142969, 0.0013528437438336286, 0.001843105832284147, 0.002045894041657448, 0.00546215610070662, 0.005753571336919611, 0.0054012035781686955, 0.0023985279893333263, 0.00292163376103748, 0.004135808145458048, 0.002046528526327827, 0.002662107687104832, 0.004544323140924627, 0.001171674918044697, 0.011231461709195917, 0.0023643189871853047, 0.001077146523378112, 0.0012983560392802412, 0.0025986724279143595, 0.001361385749822313, 0.002196451649069786, 0.00546756928617304, 0.005687859248031269, 0.003505993295799602, 0.0018552135337482798, 0.001201423393054442, 0.0025989523326808758, 0.002810831435702064, 0.008401836183938112, 0.0033857998522845182, 0.001453197476538745, 0.0056335296143185006, 0.0029495663263581014, 0.005839457566087896, 0.001241708682342009, 0.0013219175690954382, 0.0014454995027997277, 0.0008773685178973458, 0.0006420741027051753, 0.005247041244398464, 0.0015281098471446471, 0.0033532384444366803, 0.0015463730828328567, 0.0014399389990351417, 0.0025698082013563676, 0.0026463883166963405, 0.004187898202375932, 0.0016412597826936028, 0.0012458874420686202, 0.0019644635983488774], "mae": [0.8305775035511364, 0.7441359433260831, 0.6607019684531472, 0.5861496491865679, 0.516100449995561, 0.4384405829689719, 0.3762409903786399, 0.3232363354076039, 0.2580266865816983, 0.20451495864174582, 0.17336457425897772, 0.16128854318098587, 0.1487899043343284, 0.1484166383743286, 0.1482780413194136, 0.13803356344049628, 0.13233297521417792, 0.1285024122758345, 0.1196400143883445, 0.12348474155772816, 0.11984330957586115, 0.11374120278791948, 0.10358421369032426, 0.1001565998250788, 0.09513573213057085, 0.09591471065174449, 0.08395581895654852, 0.08357777920636264, 0.07287180965596979, 0.07253262129696933, 0.06547280333258888, 0.06359928846359253, 0.058359135280955925, 0.060878536917946556, 0.04975105957551436, 0.042941220782019875, 0.04082390936938199, 0.048342753540385856, 0.05422224781729958, 0.030285575173117897, 0.028398391875353726, 0.027088463306427002, 0.032968355850739914, 0.02900652993809093, 0.024204947731711647, 0.028709208423441105, 0.02881732853976163, 0.03192856095053933, 0.03337115862152793, 0.028044164180755615, 0.029630834406072445, 0.05092228542674671, 0.040323701771822845, 0.04240595481612466, 0.06457711349834096, 0.07658786123449152, 0.031290024518966675, 0.03731407631527294, 0.04496341943740845, 0.04624982313676314, 0.02928174083883112, 0.026487131010402332, 0.02766057848930359, 0.03558624332601374, 0.06462425535375421, 0.06762718070637096, 0.06432445482774214, 0.037259345704858955, 0.03706503456289118, 0.055433164943348275, 0.037099784070795234, 0.04563713073730469, 0.059793087569150055, 0.02337073196064342, 0.09725440632213246, 0.03169711882417852, 0.02306479757482355, 0.025963019240986217, 0.04181105711243369, 0.02682527086951516, 0.03145565498958935, 0.06411064212972467, 0.06090384179895574, 0.0439039793881503, 0.03138734535737471, 0.02648246559229764, 0.04258426752957431, 0.046146696264093574, 0.08180496909401634, 0.04829260435971347, 0.02795686505057595, 0.06438141519373114, 0.03622824224558743, 0.06939304958690297, 0.027815068309957332, 0.024475853551517834, 0.029264810410412876, 0.021945144642483105, 0.01840515841137279, 0.06330467896027998, 0.02740785750475797, 0.05059602043845437, 0.026588204232129185, 0.023469187996604225, 0.04086839881810275, 0.029750607230446556, 0.05642034790732644, 0.02987615628675981, 0.0236605243249373, 0.03229667652737011]}