target,prediction
1.6920539140701294, -0.2643006145954132
-0.5431475043296814, 0.04099501296877861
0.6731709837913513, 0.33375921845436096
-0.2090403437614441, 0.2685486972332001
-0.06273051351308823, 0.4959885776042938
-0.0003030523657798767, -0.15679432451725006
-0.8633372187614441, 0.2917960286140442
-0.7486710548400879, 0.12670809030532837
-0.2422541081905365, 0.4713987410068512
