target,prediction
-0.8723528981208801, -0.9742664098739624
-0.981248140335083, -0.9021643400192261
-0.8614577651023865, -0.9812618494033813
-0.9744870066642761, -0.9987353682518005
-0.8944205641746521, -0.9684217572212219
-0.9898169636726379, -0.9633339643478394
-0.7026209235191345, -0.9731748700141907
-0.841777503490448, -0.996860921382904
-0.7855983376502991, -0.9991080164909363
