target,prediction
-0.28868988156318665, -0.8231104612350464
-0.8841662406921387, -0.6160411834716797
-0.2985307574272156, -0.30918222665786743
-0.42865225672721863, -0.8231104612350464
-0.3554544746875763, -0.6596131920814514
-0.08935447782278061, -0.9771215319633484
-0.5077630877494812, -0.8370607495307922
-0.24341532588005066, -0.9088581800460815
-0.31618306040763855, -0.5251325368881226
