target,prediction
0.11054187268018723, -0.1407439410686493
-0.3258416950702667, -1.0
-0.4592794179916382, -1.0
-0.10676056891679764, -0.7937497496604919
-0.27698230743408203, -0.8054355382919312
-0.29140377044677734, -1.0
-0.9390318393707275, 0.03954244405031204
-0.1786401867866516, -0.7793070673942566
-1.7231141328811646, -1.0
