target,prediction
0.4582257866859436, -0.3355972468852997
1.4986637830734253, 0.7511199116706848
0.32611584663391113, 0.07588529586791992
0.927273690700531, 0.015420551411807537
0.23639896512031555, 0.028463594615459442
0.6619362235069275, 0.4232093095779419
0.6846706867218018, 0.06467325985431671
-0.11448623985052109, 0.08671718835830688
0.9349408745765686, 0.10733789950609207
