target,prediction
-1.2919738292694092, -1.0
-0.8475162982940674, -1.0
-1.7219855785369873, -1.0
-0.7959360480308533, -0.6700854897499084
-0.8611348271369934, -0.6376068592071533
-1.0338362455368042, -1.0
-1.5048892498016357, -0.5811966061592102
-0.3568544387817383, -0.3504273593425751
-0.8586326837539673, -0.5897436141967773
