target,prediction
0.5609186887741089, 0.17863453924655914
0.9727112650871277, 0.28038373589515686
0.2407142072916031, 0.09719386696815491
0.6250556111335754, 0.11716976016759872
1.135040521621704, 0.236888125538826
1.9863765239715576, 0.4869877099990845
-1.513663411140442, -0.04283304139971733
2.20894455909729, 0.35743749141693115
0.40082213282585144, 0.06467325985431671
