target,prediction
-0.46262872219085693, -0.04283304139971733
4.584600448608398, -1.0
0.0456685870885849, 0.5625163316726685
-0.1614799052476883, 0.33375921845436096
-0.5774250626564026, 0.6991934776306152
0.9417176246643066, -0.07649680227041245
0.5429884195327759, 0.37948140501976013
-0.29282987117767334, 0.4118645489215851
-0.33439135551452637, 0.04099501296877861
