{"loss": [0.7049381468031142, 0.4184732966952854, 0.2407706313663059, 0.15031658278571236, 0.11490045653449164, 0.11641573905944824, 0.13725658257802328, 0.12408698929680718, 0.12208986282348633, 0.12647036711374918, 0.12965672545962864, 0.13257825374603271, 0.132639037238227, 0.12504638565911186, 0.12316721015506321, 0.12927858034769693, 0.13600084516737196, 0.13580605718824598, 0.134120504061381, 0.14581524001227486, 0.13585889339447021, 0.136220031314426, 0.1367654667960273, 0.1293398936589559, 0.13254618644714355, 0.1441427336798774, 0.13180506229400635, 0.1283489465713501, 0.13638385136922201, 0.14278346962398952, 0.13099059793684217, 0.14840209484100342, 0.13983537091149223, 0.1608236100938585, 0.16013564003838432, 0.15603988700442845, 0.13250546985202366, 0.1290615267223782, 0.13229563501146105, 0.13873942693074545, 0.1406095027923584, 0.14990753597683376, 0.1306297779083252, 0.12948809729682076, 0.13551636536916098, 0.14399176173739964, 0.14083415932125515, 0.15462848875257704, 0.1438489490085178, 0.1506509780883789, 0.14999426735772026, 0.1574479341506958, 0.1423646608988444, 0.13170409202575684, 0.12610334820217556, 0.12461103333367242, 0.13580199082692465], "mae": [0.8186470137702094, 0.611883110470242, 0.42823068300882977, 0.31034183502197266, 0.2767459816402859, 0.2866213851504856, 0.30476776758829754, 0.28984223471747506, 0.287881957160102, 0.2989201545715332, 0.3069869677225749, 0.315377844704522, 0.3180845578511556, 0.3005417188008626, 0.300912963019477, 0.3104952706231011, 0.3204047944810655, 0.31891894340515137, 0.31738024287753636, 0.3271087010701497, 0.319458802541097, 0.3209347989824083, 0.31984684202406144, 0.3035907480451796, 0.3069641590118408, 0.32701611518859863, 0.3161996735466851, 0.3125290340847439, 0.32195819748772514, 0.3306382762061225, 0.31672215461730957, 0.33699923091464573, 0.32764151361253524, 0.3456214533911811, 0.34510572751363117, 0.34371333652072483, 0.31683709886338973, 0.3137021329667833, 0.3175235589345296, 0.32533637682596844, 0.3278842502170139, 0.33856378661261666, 0.31151729159884983, 0.3101935121748183, 0.3196366098192003, 0.3286658657921685, 0.32493864165412056, 0.3410213523440891, 0.32705918947855633, 0.3375471697913276, 0.335133605533176, 0.34462155236138237, 0.32779256502787274, 0.31617146068149143, 0.30927083227369523, 0.3050178421868218, 0.31805409325493705]}