{"loss": [0.4941353499889374, 0.2974718511104584, 0.16398000717163086, 0.08606167882680893, 0.04813867062330246, 0.024250490590929985, 0.011966434307396412, 0.015199403278529644, 0.021045023575425148, 0.023566611111164093, 0.03679993003606796, 0.04603269323706627, 0.04673109948635101, 0.05157353729009628, 0.04750046879053116, 0.03937355428934097, 0.04253765195608139, 0.03638680279254913, 0.039093054831027985, 0.03952832520008087, 0.042673688381910324, 0.04954519495368004, 0.046468306332826614, 0.058326590806245804, 0.05915362015366554, 0.04584529623389244, 0.045838672667741776, 0.04279002547264099, 0.03640267625451088, 0.04569427669048309, 0.051094409078359604, 0.04624162241816521, 0.04354455694556236, 0.03950764611363411, 0.041399091482162476, 0.04764987528324127, 0.055917926132678986, 0.05075271055102348, 0.050006795674562454, 0.052814483642578125, 0.041799258440732956, 0.04371155798435211, 0.0575203113257885, 0.05842866748571396, 0.05885795131325722, 0.04820835962891579, 0.050336603075265884, 0.057651959359645844, 0.062489137053489685, 0.0584687739610672, 0.06070607155561447, 0.05352785810828209, 0.05676493048667908, 0.04815242812037468, 0.04722212627530098, 0.05069008842110634, 0.059405915439128876], "mae": [0.7029476165771484, 0.5454097986221313, 0.40494444966316223, 0.29336270689964294, 0.21940526366233826, 0.15572568774223328, 0.10939119756221771, 0.12328585982322693, 0.14506903290748596, 0.15351420640945435, 0.19183307886123657, 0.21455231308937073, 0.21617376804351807, 0.22709807753562927, 0.21794602274894714, 0.1984277069568634, 0.20624658465385437, 0.1907532513141632, 0.19771963357925415, 0.19881731271743774, 0.20657610893249512, 0.2225874960422516, 0.21556508541107178, 0.24150899052619934, 0.2432151734828949, 0.21411514282226562, 0.2140996754169464, 0.20685750246047974, 0.19079485535621643, 0.21376219391822815, 0.22604072093963623, 0.21503865718841553, 0.20867332816123962, 0.19876530766487122, 0.20346766710281372, 0.21828851103782654, 0.23646971583366394, 0.22528362274169922, 0.22362199425697327, 0.22981402277946472, 0.2044486701488495, 0.20907309651374817, 0.23983392119407654, 0.24172022938728333, 0.24260658025741577, 0.2195640206336975, 0.2243582010269165, 0.24010822176933289, 0.24997827410697937, 0.24180316925048828, 0.24638602137565613, 0.23136088252067566, 0.23825392127037048, 0.2194366157054901, 0.21730652451515198, 0.22514459490776062, 0.24373328685760498]}