{"loss": [0.04134278893470764, 0.030384010076522826, 0.028261104226112367, 0.028610610961914064, 0.028777915239334106, 0.029249560832977296, 0.027491062879562378, 0.027487355470657348, 0.027359366416931152, 0.028201085329055787, 0.029231810569763185, 0.02752504050731659, 0.02745538353919983, 0.02836134731769562, 0.027148729562759398, 0.026892101764678954, 0.027542051672935487, 0.027506256103515626, 0.027247974276542665, 0.02685125172138214, 0.027432915568351746, 0.029411926865577698, 0.026843053102493287, 0.02646540105342865, 0.02765815258026123, 0.02620265483856201, 0.027376657724380492, 0.026915332674980162, 0.02713572084903717, 0.026965725421905517, 0.027022913098335266, 0.027292439341545106, 0.02678348422050476, 0.027828505635261534, 0.02691096067428589, 0.03014441728591919, 0.028124296665191652, 0.02777364253997803, 0.029003500938415527, 0.02682466506958008, 0.02970479428768158, 0.02714892625808716, 0.029992508888244628, 0.03455559015274048, 0.029073643684387206, 0.03348024785518646, 0.031618809700012206, 0.02727894186973572, 0.02840624451637268, 0.02738955020904541, 0.030316734313964845, 0.0344612330198288, 0.02780942916870117, 0.027186262607574462, 0.03029254674911499, 0.03325144946575165, 0.025660857558250427, 0.025313064455986023, 0.028590169548988343, 0.027685612440109253, 0.026132243871688842, 0.02922130823135376, 0.026202157139778137, 0.025584712624549866, 0.025606146454811095, 0.03192030787467957, 0.026486042141914367, 0.025333911180496216, 0.031506335735321044, 0.026020270586013795, 0.03201556205749512, 0.027271223068237305, 0.03052818775177002, 0.023729686439037324, 0.025577104091644286, 0.02657451033592224, 0.026125699281692505, 0.0278654545545578, 0.029971152544021606, 0.031459581851959226, 0.031341472268104555, 0.026619434356689453, 0.03922088742256165, 0.025059077143669128, 0.03290501832962036, 0.02668229043483734, 0.026605704426765443, 0.03461631536483765, 0.027655395865440368, 0.029432812333106996, 0.025221771001815795, 0.024169689416885375, 0.027782243490219117, 0.04163682460784912, 0.02776365280151367, 0.0308428555727005, 0.025362029671669006, 0.031636598706245425, 0.029424208402633666, 0.025627520680427552, 0.025784757733345032, 0.025435245037078856, 0.03248334527015686, 0.02911994159221649, 0.025206294655799866, 0.02597251534461975, 0.030396682024002076, 0.026901859045028686, 0.026086854934692382, 0.0255345493555069, 0.026562538743019105, 0.03328869640827179, 0.026318380236625673], "mae": [0.13424284458160402, 0.07686851024627686, 0.07410265207290649, 0.0661792814731598, 0.06468321084976196, 0.06412284374237061, 0.06274571418762206, 0.06243954300880432, 0.06304128170013427, 0.06226367354393005, 0.06456085443496704, 0.06205732226371765, 0.06220744848251343, 0.062415319681167605, 0.06822362542152405, 0.06670112013816834, 0.05928770303726196, 0.05955180525779724, 0.05934135317802429, 0.06462489962577819, 0.058084845542907715, 0.06176843643188477, 0.06008273959159851, 0.06333603262901306, 0.05726592540740967, 0.05910055041313171, 0.060444480180740355, 0.058392882347106934, 0.05655362606048584, 0.06134467124938965, 0.056041395664215087, 0.062066388130187986, 0.05564881563186645, 0.05770561695098877, 0.06066950559616089, 0.06409775018692017, 0.05703274011611938, 0.055626553297042844, 0.06405002474784852, 0.056421971321105956, 0.06449384689331054, 0.0629252851009369, 0.06056452393531799, 0.0789901852607727, 0.05684311985969544, 0.12330739498138428, 0.06901859045028687, 0.08669015765190125, 0.0743428885936737, 0.07523548007011413, 0.08955844640731811, 0.08940674066543579, 0.0560957670211792, 0.07834448814392089, 0.06844746470451354, 0.08217658996582031, 0.06320466995239257, 0.07651649713516236, 0.06175771355628967, 0.05160265564918518, 0.051774227619171144, 0.05952138304710388, 0.04910382032394409, 0.05091927051544189, 0.05122100114822388, 0.07548880577087402, 0.05315471291542053, 0.06361258029937744, 0.07895301580429077, 0.05472493767738342, 0.12723870277404786, 0.04927116632461548, 0.07361119985580444, 0.05654853582382202, 0.07377777099609376, 0.08735097646713257, 0.05721589922904968, 0.06191604733467102, 0.10514432191848755, 0.08146964907646179, 0.07685191035270691, 0.0893055260181427, 0.10763653516769409, 0.05310836434364319, 0.08293765783309937, 0.05520949363708496, 0.06103388667106628, 0.09549664855003356, 0.058556783199310306, 0.06568256616592408, 0.05672744512557983, 0.06680744886398315, 0.09013286232948303, 0.10896377563476563, 0.055730116367340085, 0.09444820284843444, 0.05268429517745972, 0.06901854872703553, 0.0649694561958313, 0.052246713638305665, 0.05752382278442383, 0.05644901990890503, 0.08499159216880799, 0.06019003987312317, 0.07098207473754883, 0.05063728094100952, 0.07050502300262451, 0.09308158159255982, 0.06730344891548157, 0.055819141864776614, 0.055991196632385255, 0.12872260808944702, 0.05068165063858032]}