target,prediction
0.0005282312631607056, -0.7851657271385193
-0.3001648783683777, -0.6501270532608032
-0.918523371219635, -0.9410796761512756
-1.0380277633666992, -0.860497236251831
-0.5891002416610718, -0.9140663146972656
-0.028584502637386322, -0.40962421894073486
-0.11803721636533737, -0.8487789630889893
-0.27956894040107727, -0.8900718092918396
-0.48659178614616394, -0.5602872371673584
