target,prediction
-0.6123644113540649, -1.0
-0.717245876789093, -0.8085470199584961
-0.623055636882782, -1.0
-0.8581899404525757, -1.0
-1.0487751960754395, -1.0
-0.9801560640335083, -1.0
-0.8742884993553162, -1.0
-0.766468346118927, -1.0
-0.4445836842060089, 0.11623931676149368
