target,prediction
-0.09796510636806488, -0.8231104612350464
-1.0038753747940063, -0.6160411834716797
-0.01794039085507393, -0.30918222665786743
-0.016983721405267715, -0.8231104612350464
-0.27574795484542847, -0.6596131920814514
-0.11121027171611786, -0.9771215319633484
-0.16574522852897644, -0.8370607495307922
-0.11492685973644257, -0.9088581800460815
-0.3532816171646118, -0.5251325368881226
