target,prediction
0.8095373511314392, 0.24695047736167908
0.015504773706197739, -0.34761562943458557
0.17880263924598694, -0.39101624488830566
0.9182133078575134, 0.2477288693189621
1.2808732986450195, -0.31945016980171204
0.1250680685043335, -0.09679259359836578
0.75629061460495, 0.017631417140364647
0.0800028145313263, -0.38641995191574097
0.14192113280296326, -0.3944125175476074
