target,prediction
-0.6732149124145508, -0.9528473019599915
-0.8847929239273071, -0.9778019785881042
-0.6735785007476807, -0.9350743293762207
-1.1114532947540283, -0.8988755941390991
-1.024489402770996, -0.9978962540626526
-1.32728910446167, -0.9313746690750122
-1.1372523307800293, -0.9833151698112488
-1.3720636367797852, -0.9360173940658569
-1.471409797668457, -0.9751904010772705
