target,prediction
0.38633379340171814, -0.05526835843920708
0.25879085063934326, 0.27607858180999756
-0.23868334293365479, 0.1340722143650055
0.5636323094367981, 0.07051590830087662
0.3051694631576538, -0.36626264452934265
0.29024064540863037, 0.09135323017835617
-0.6068779230117798, -0.3225890100002289
0.8771330118179321, -0.011566655710339546
0.4609903395175934, 0.09034882485866547
