target,prediction
-0.7981668710708618, -1.0
-0.9235394597053528, -0.8666666746139526
-0.7899979948997498, -1.0
-0.9754382967948914, -0.8358974456787109
-0.02223985269665718, -0.44273504614830017
-0.7507128715515137, -0.7982906103134155
-0.29877638816833496, -0.5726495981216431
-0.7958505749702454, -1.0
-0.7384907603263855, -1.0
