target,prediction
-1.3326448202133179, -1.0
-0.8122768402099609, -1.0
-1.6272120475769043, -1.0
-0.7237237095832825, -0.6700854897499084
-0.48990482091903687, -0.6376068592071533
-1.1351244449615479, -1.0
-0.4927728772163391, -0.5811966061592102
-0.43709754943847656, -0.3504273593425751
-0.7101768255233765, -0.5897436141967773
