target,prediction
-0.13680198788642883, -0.7851657271385193
-0.7860381603240967, -0.6501270532608032
-0.6142166256904602, -0.9410796761512756
-0.7616352438926697, -0.860497236251831
-0.257573664188385, -0.9140663146972656
-0.07100292295217514, -0.40962421894073486
-0.056620921939611435, -0.8487789630889893
-0.19824403524398804, -0.8900718092918396
-0.4572884142398834, -0.5602872371673584
