{"loss": [0.23482367197672527, 0.2031812243991428, 0.16743108961317274, 0.13600756327311198, 0.10453067355685763, 0.0877347363366021, 0.05971066686842177, 0.054367346233791775, 0.04433162212371826, 0.04304611947801378, 0.033194994926452635, 0.036511299345228405, 0.030384800169203016, 0.02795257568359375, 0.02558668984307183, 0.025609302520751952, 0.022496189011467826, 0.021611944834391276, 0.01834599839316474, 0.015474557876586914, 0.015083221594492595, 0.018528293238745795, 0.013437745306226942, 0.010864909489949543, 0.011995285087161594, 0.009644418954849243, 0.008537022935019598, 0.008283887969122992, 0.007672327094607883, 0.006786973608864678, 0.009952432579464383, 0.00872005820274353, 0.007034065988328722, 0.00711689657635159, 0.006147613128026326, 0.00795257952478197, 0.025799539354112413, 0.00651098820898268, 0.008395333422554864, 0.011000059710608589, 0.005554931693606906, 0.005079125033484565, 0.003374984860420227, 0.003103671802414788, 0.0024403684669070773, 0.009383027421103583, 0.003919438852204217, 0.003589214218987359, 0.0034970598088370428, 0.005625372462802463, 0.008751569853888617, 0.013674574428134495, 0.005875799391004775, 0.011180522706773546, 0.0030882474448945788, 0.004413283202383253, 0.006860199239518907, 0.005180002914534675, 0.014964005682203504, 0.00454776750670539, 0.006908418734868368, 0.015056924025217692, 0.005103912618425157, 0.004736090699831645, 0.00702472792731391, 0.003585217727555169, 0.02021295362048679, 0.004824919833077325, 0.005471314655409919, 0.010271153185102674, 0.01566066477033827, 0.003848469588491652, 0.01122280756632487, 0.0030030296908484565, 0.014007796181572808, 0.002222087648179796, 0.015183711051940918, 0.0032590783304638333, 0.007241208685768975, 0.0028025445010926987, 0.009570076730516222, 0.0031326456202401057, 0.005973440408706665, 0.004582191838158501, 0.003473150730133057, 0.009565092457665337, 0.002605810264746348, 0.009221895535786947, 0.004032436013221741, 0.03450386259290907, 0.007958775096469455, 0.005768204397625393, 0.00356744196679857, 0.031463241577148436, 0.020444663365681966, 0.02335425482855903, 0.022801068094041612, 0.005661076307296753], "mae": [0.41445164150661895, 0.3789028591579861, 0.34427549574110244, 0.301220703125, 0.2611305872599284, 0.24209957122802733, 0.19396913316514758, 0.18595087263319227, 0.16718535953097874, 0.1648532231648763, 0.13708934783935547, 0.1487569914923774, 0.1325102276272244, 0.12792669932047526, 0.11159640418158637, 0.1299452993604872, 0.11080116695827907, 0.10801504982842339, 0.09475931591457791, 0.09656300014919705, 0.09134960174560547, 0.10949275758531359, 0.08944002787272136, 0.07541218333774143, 0.08262338638305664, 0.07277125782436794, 0.06645079718695747, 0.06856819788614908, 0.06324220233493381, 0.05886691411336263, 0.06893208291795519, 0.06457414627075195, 0.062068102094862194, 0.06252060996161567, 0.05963940090603299, 0.07343733575608995, 0.10921074549357096, 0.0644491089714898, 0.06526953379313151, 0.07929481930202908, 0.06184753312004937, 0.05806196530659993, 0.04648281203375922, 0.045608033074273004, 0.040143956078423394, 0.08152092827690972, 0.04497941864861382, 0.04853384229871962, 0.04934123357137044, 0.06102535989549425, 0.08081014951070149, 0.0933719211154514, 0.05823987325032552, 0.07791049745347765, 0.04202676879035102, 0.05262500974867079, 0.05808503892686632, 0.05057122442457411, 0.09563199149237739, 0.05038108825683594, 0.06452651023864746, 0.09297844568888346, 0.05254272884792752, 0.05525161425272624, 0.0707122908698188, 0.04334569507175022, 0.12814014222886827, 0.04960966110229492, 0.05562917921278212, 0.08700092103746203, 0.11483755111694335, 0.04911443922254774, 0.08428982098897299, 0.04141683843400743, 0.10790064069959852, 0.03812620639801025, 0.1117257965935601, 0.04472937054104275, 0.07430121103922525, 0.037682994206746416, 0.07243519359164768, 0.04647551112704807, 0.04950897428724501, 0.051093133290608723, 0.044993294609917536, 0.09006018108791775, 0.04053768581814236, 0.07713255352444119, 0.05262202156914605, 0.17787948184543187, 0.06583977805243599, 0.06655344433254666, 0.04482302665710449, 0.13308723237779405, 0.11546751658121744, 0.10490546756320529, 0.10788710912068684, 0.06014585494995117]}