{"loss": [0.2658569574356079, 0.21571028232574463, 0.18366061449050902, 0.1430414915084839, 0.101257061958313, 0.09404271841049194, 0.04816029965877533, 0.04617589712142944, 0.03447321653366089, 0.03553984761238098, 0.02237883359193802, 0.029518282413482665, 0.020795243978500366, 0.016031591594219206, 0.013878750801086425, 0.020304855704307557, 0.01575976312160492, 0.015796583890914918, 0.012148027122020722, 0.009333589673042297, 0.010066886991262436, 0.013377666473388672, 0.006263737380504608, 0.005330494046211243, 0.004906555637717247, 0.0048806145787239075, 0.004621869698166847, 0.005001682788133621, 0.001609516516327858, 0.0021477237343788145, 0.00665152370929718, 0.00500832088291645, 0.0032241776585578918, 0.004458225890994072, 0.0047264423221349714, 0.005151955410838127, 0.023405179381370544, 0.006594644486904144, 0.006213291361927986, 0.009428786486387253, 0.003093006834387779, 0.003567088022828102, 0.00412452183663845, 0.0030110908672213556, 0.0018226427957415581, 0.01117430180311203, 0.0033308226615190507, 0.001441685762256384, 0.002618413418531418, 0.005448338016867638, 0.00935831144452095, 0.015912149846553803, 0.004786968976259231, 0.011128225922584533, 0.00261253546923399, 0.005063938722014427, 0.002754846774041653, 0.004296484589576721, 0.01655524969100952, 0.0033505551517009737, 0.007641657441854477, 0.007867810875177383, 0.0029457204043865206, 0.003666316345334053, 0.005809338763356209, 0.002325347252190113, 0.026154184341430665, 0.0069190613925457, 0.0024648550897836685, 0.01184348613023758, 0.018447962403297425, 0.006611158698797226, 0.014335431158542633, 0.002501179836690426, 0.015591204166412354, 0.0027224950492382048, 0.019853736460208892, 0.004867977648973465, 0.011538098752498626, 0.0020537711679935455, 0.007248139381408692, 0.004425765573978424, 0.0034014027565717696, 0.004105210676789284, 0.004790861532092095, 0.015339173376560211, 0.0023319631814956664, 0.005055754631757736, 0.003929304331541062, 0.02596411108970642, 0.009271296113729477, 0.00914677008986473, 0.0019655212759971618, 0.04601512849330902, 0.02085801064968109, 0.009176962822675706, 0.016969245672225953, 0.008436917513608932], "mae": [0.45853676795959475, 0.4264805793762207, 0.37554025650024414, 0.35012552738189695, 0.29513959884643554, 0.27831645011901857, 0.1993776321411133, 0.18832629919052124, 0.1574014663696289, 0.15571417808532714, 0.1314305305480957, 0.1512102007865906, 0.1255666971206665, 0.10952870845794678, 0.09595528244972229, 0.1220091462135315, 0.11521070003509522, 0.11188193559646606, 0.09138845801353454, 0.08573535680770875, 0.07941730618476868, 0.09633250832557679, 0.07369438409805298, 0.06050161123275757, 0.06247256994247437, 0.05585813522338867, 0.05478360652923584, 0.06311742663383484, 0.03317809700965881, 0.03680149614810944, 0.07428882122039795, 0.06271995306015014, 0.053733712434768675, 0.04489887654781342, 0.04953227639198303, 0.058532851934432986, 0.12161364555358886, 0.06703475713729859, 0.062451493740081784, 0.0808020532131195, 0.05043962001800537, 0.051673924922943114, 0.05822590589523315, 0.04994016587734222, 0.034019720554351804, 0.0991936206817627, 0.037251722812652585, 0.0315186470746994, 0.04464291334152222, 0.06048259735107422, 0.08899037837982178, 0.11493029594421386, 0.057605206966400146, 0.07864669561386109, 0.03992927372455597, 0.053406786918640134, 0.043229874968528745, 0.05329598188400268, 0.11693135499954224, 0.048121532797813414, 0.07052811384201049, 0.07092702388763428, 0.040297767519950865, 0.051023393869400024, 0.06508055925369263, 0.039051559567451474, 0.14997745752334596, 0.06465812921524047, 0.04093403816223144, 0.09425325989723206, 0.1213988184928894, 0.07037353515625, 0.1057773232460022, 0.042938914895057675, 0.1184199571609497, 0.04581311643123627, 0.12155154943466187, 0.05853633284568786, 0.09167370200157166, 0.03671609163284302, 0.07109069228172302, 0.05685491561889648, 0.04610061347484588, 0.056034433841705325, 0.057886600494384766, 0.11812465190887451, 0.0405156672000885, 0.057741737365722655, 0.05842245817184448, 0.15369439125061035, 0.08509997129440308, 0.08482640385627746, 0.03833864629268646, 0.16081210374832153, 0.11438043117523193, 0.08176085948944092, 0.11019635200500488, 0.07749922275543213]}