target,prediction
-0.9798116683959961, -0.9954615235328674
-1.111624002456665, -0.9981775879859924
-1.205599308013916, -0.9981014132499695
-0.8677680492401123, -0.9718270897865295
-0.9802066683769226, -0.9956896305084229
-0.8766212463378906, -0.9583202004432678
-1.0681143999099731, -0.8246792554855347
-0.5431860089302063, -0.8119339346885681
-0.9697309136390686, -0.9829331040382385
