target,prediction
-0.8278884887695312, -0.8874830007553101
-0.3334907293319702, -1.0
-0.4338986277580261, -0.4490186274051666
-0.5313469767570496, -1.0
-0.6611730456352234, -0.32222360372543335
-0.4834131598472595, -1.0
-0.6977137923240662, -0.9991564750671387
-0.5919994711875916, -0.825042188167572
-0.2751520872116089, -0.6010986566543579
