target,prediction
-1.0657333135604858, -0.9913079142570496
-0.6010128259658813, -0.9999129176139832
-1.498400330543518, -0.9990180134773254
-0.7871326804161072, -0.9812979102134705
-0.9787932634353638, -0.9994727969169617
-0.7399455308914185, -0.99821937084198
-1.0492347478866577, -0.9938071370124817
-1.60650634765625, -0.928724467754364
-0.6219671368598938, -0.9955627918243408
