target,prediction
-0.25764134526252747, -0.04283304139971733
3.458557605743408, -1.0
0.2636248469352722, 0.5625163316726685
-0.04019993543624878, 0.33375921845436096
-0.44719552993774414, 0.6991934776306152
1.25510573387146, -0.07649680227041245
0.06586761772632599, 0.37948140501976013
0.121323361992836, 0.4118645489215851
-0.276403546333313, 0.04099501296877861
