target,prediction
0.22186213731765747, 0.2624625861644745
-0.2952463626861572, -0.1347503960132599
0.01758614182472229, 0.33375921845436096
-0.3010866343975067, 0.028463594615459442
-0.012194722890853882, 0.23016135394573212
-0.11563611030578613, 0.028463594615459442
-0.3715780973434448, -0.20604702830314636
-0.22006860375404358, 0.1537250280380249
-0.43029874563217163, 0.11716976016759872
