target,prediction
-0.793777585029602, -0.8231104612350464
-0.9026564359664917, -0.8376187682151794
-0.46743422746658325, -0.9854916930198669
-0.9246580004692078, -0.6484529972076416
-1.0436655282974243, -0.9296905994415283
-0.7553623914718628, -0.9088581800460815
-0.7792837619781494, -0.8716574311256409
-0.4205102026462555, -0.6121822595596313
-1.0212043523788452, -0.7182043790817261
