target,prediction
-0.9837116599082947, -0.9528473019599915
-1.0085124969482422, -0.9778019785881042
-0.36432692408561707, -0.9350743293762207
-1.3534884452819824, -0.8988755941390991
-0.8418224453926086, -0.9978962540626526
-1.0788345336914062, -0.9313746690750122
-1.0007178783416748, -0.9833151698112488
-1.2956407070159912, -0.9360173940658569
-0.9515581130981445, -0.9751904010772705
