target,prediction
-0.3409883975982666, -0.3742330074310303
-0.35735470056533813, 0.020833097398281097
-0.14754274487495422, -0.5065705180168152
-0.5285539627075195, 0.210304394364357
-0.501444935798645, -0.4882643222808838
0.019180841743946075, 0.30756133794784546
-0.355851411819458, 0.21211561560630798
0.14774027466773987, -0.4152171015739441
-0.43842536211013794, -0.4829823076725006
