target,prediction
-0.7364160418510437, -0.05299145355820656
-0.801298975944519, -0.5948718190193176
-0.7462172508239746, -0.6820513010025024
-0.4665037989616394, -0.9572649598121643
-0.9416088461875916, -1.0
-0.7605006098747253, -1.0
-0.46934354305267334, -1.0
-0.9277617931365967, -0.5128205418586731
-0.7815338969230652, -0.8803418874740601
