target,prediction
-0.39378851652145386, -0.9666519165039062
-0.324354887008667, -0.9559298157691956
-0.9970942139625549, -0.9948722124099731
-0.7047263979911804, -0.6135348081588745
-0.6577418446540833, -0.998160183429718
-1.0895626544952393, -0.9916234612464905
-0.7071895599365234, -0.9967668056488037
-0.6792774200439453, -0.999636709690094
-0.9900510907173157, -0.992731511592865
