{"loss": [0.06883088085386488, 0.06810865137312147, 0.06594422128465441, 0.06727643145455255, 0.06820458173751831, 0.06609349780612522, 0.06395157840516832, 0.06606230470869276, 0.06633681058883667, 0.06512699524561565, 0.068692147731781, 0.06834225522147284, 0.06782964203092787, 0.06958077351252238, 0.06517412265141805, 0.06740438938140869, 0.07120729817284478, 0.0728732016351488, 0.0751030378871494, 0.0710561474164327, 0.07271847460005018, 0.06934650739034016, 0.07225324710210164, 0.0717983709441291, 0.07152665985955133, 0.07394026385413276, 0.07659988270865546, 0.07611356178919475, 0.07303119368023342, 0.07231476571824816, 0.07285860511991712, 0.07136121061113146, 0.07275084654490153, 0.07697206735610962, 0.0745572182867262, 0.0734555721282959, 0.07359484831492107, 0.07683392365773518, 0.07827975352605183, 0.07482666439480251, 0.07274657487869263, 0.07176709175109863, 0.07153040832943386, 0.07137836350335015, 0.0704712536599901, 0.07441818714141846, 0.07399847772386339, 0.0699015458424886, 0.0743775102827284, 0.07617119285795423, 0.07403011454476251], "mae": [0.19808120197719997, 0.19630058606465658, 0.1971469455295139, 0.20161898930867514, 0.19756160842047799, 0.19201862812042236, 0.18764164712693956, 0.1938360267215305, 0.19291088316175672, 0.19190284940931532, 0.2001041571299235, 0.2026372750600179, 0.20175671577453613, 0.2039647102355957, 0.19606924057006836, 0.20041995578342015, 0.21034563912285698, 0.21206821335686576, 0.2168847852283054, 0.20640994442833793, 0.2137697802649604, 0.20915414227379692, 0.20769759019215903, 0.21048016018337673, 0.20552525255415174, 0.21200622452629936, 0.2239081064860026, 0.22407409879896376, 0.21500076187981498, 0.21477115154266357, 0.2168465190463596, 0.21340833769904244, 0.2166381941901313, 0.2178250683678521, 0.21287857161627877, 0.2193513976203071, 0.21817596753438315, 0.2262112299601237, 0.22771400875515407, 0.22292004691229927, 0.21776776843600804, 0.21236427625020346, 0.2157626681857639, 0.21290352609422472, 0.21240893999735513, 0.21557100613911948, 0.21211221483018664, 0.2069260941611396, 0.2157988813188341, 0.22224736213684082, 0.2164215776655409]}