{"loss": [0.07373075932264328, 0.10056007653474808, 0.11365596204996109, 0.10623227059841156, 0.10108785331249237, 0.0863410085439682, 0.09751875698566437, 0.09740324318408966, 0.08516951650381088, 0.10303344577550888, 0.11452358216047287, 0.12003233283758163, 0.12730148434638977, 0.11656777560710907, 0.10652182996273041, 0.11036036163568497, 0.14115405082702637, 0.1489005833864212, 0.1398209035396576, 0.10008172690868378, 0.13302992284297943, 0.11691068112850189, 0.09346739947795868, 0.10259152203798294, 0.08280710130929947, 0.08796785771846771, 0.14968156814575195, 0.14225363731384277, 0.11459068208932877, 0.14069269597530365, 0.1423012763261795, 0.1321210265159607, 0.16277892887592316, 0.0879923403263092, 0.10505751520395279, 0.16301631927490234, 0.11427503079175949, 0.18818169832229614, 0.1898665875196457, 0.1875065714120865, 0.17301906645298004, 0.12895645201206207, 0.17116262018680573, 0.13653531670570374, 0.15761473774909973, 0.1234910637140274, 0.12130480259656906, 0.1389865279197693, 0.08624973148107529, 0.25275999307632446, 0.11820410192012787], "mae": [0.2715340852737427, 0.3171120882034302, 0.33712899684906006, 0.32593291997909546, 0.31794315576553345, 0.29383841156959534, 0.31227993965148926, 0.31209492683410645, 0.2918381690979004, 0.3209882378578186, 0.3384133279323578, 0.3464568257331848, 0.3567933440208435, 0.3414202332496643, 0.3263768255710602, 0.33220529556274414, 0.37570473551750183, 0.3858763873577118, 0.3739263415336609, 0.31635695695877075, 0.36473268270492554, 0.3419220447540283, 0.3057243824005127, 0.3202991187572479, 0.28776222467422485, 0.2965937554836273, 0.3868870139122009, 0.3771652579307556, 0.33851245045661926, 0.37509024143218994, 0.37722840905189514, 0.36348456144332886, 0.40345871448516846, 0.2966350317001343, 0.3241257667541504, 0.40375280380249023, 0.3380458950996399, 0.433799147605896, 0.43573683500289917, 0.43302029371261597, 0.4159556031227112, 0.35910508036613464, 0.413718044757843, 0.3695068657398224, 0.3970072269439697, 0.35141295194625854, 0.3482883870601654, 0.37280896306037903, 0.2936830520629883, 0.502752423286438, 0.34380823373794556]}