target,prediction
-0.9337838888168335, -0.9954615235328674
-1.1300300359725952, -0.9981775879859924
-0.8746577501296997, -0.9981014132499695
-1.1110045909881592, -0.9718270897865295
-0.9912552833557129, -0.9956896305084229
-0.8090130090713501, -0.9583202004432678
-0.9583694934844971, -0.8246792554855347
-0.6540881395339966, -0.8119339346885681
-1.082441806793213, -0.9829331040382385
