target,prediction
-0.6856023669242859, -0.9528473019599915
-0.9427605867385864, -0.9778019785881042
-0.6619652509689331, -0.9350743293762207
-0.9103361368179321, -0.8988755941390991
-0.7702713012695312, -0.9978962540626526
-0.9066720008850098, -0.9313746690750122
-0.8218144178390503, -0.9833151698112488
-1.081802487373352, -0.9360173940658569
-1.0039266347885132, -0.9751904010772705
