target,prediction
0.3500663638114929, 0.38856270909309387
-0.08541347086429596, -0.5583403706550598
-0.7899913191795349, -0.3716297447681427
-0.6135361194610596, -0.6598514318466187
0.04663557931780815, -0.7445086240768433
-0.5551961064338684, -0.19084984064102173
0.3424997329711914, 0.362287312746048
0.369170606136322, 0.27558356523513794
-1.136325716972351, -0.3813003599643707
