target,prediction
-0.5822139978408813, -0.9913079142570496
-0.5416387915611267, -0.9999129176139832
-1.2280060052871704, -0.9990180134773254
-0.9959264993667603, -0.9812979102134705
-0.6610175371170044, -0.9994727969169617
-0.8923894762992859, -0.99821937084198
-0.6531693339347839, -0.9938071370124817
-1.1958850622177124, -0.928724467754364
-0.7622443437576294, -0.9955627918243408
