target,prediction
-0.27206161618232727, -1.0
-0.6070356369018555, -0.8666666746139526
-0.306352823972702, -1.0
-0.28482359647750854, -0.8358974456787109
-0.8542385697364807, -0.44273504614830017
-0.5756487846374512, -0.7982906103134155
-5.148579120635986, -0.5726495981216431
-1.0984466075897217, -1.0
-0.301316499710083, -1.0
