target,prediction
-0.7096834778785706, -0.9921730756759644
-1.1714192628860474, -0.8899502754211426
-0.2945176661014557, -0.5835279822349548
-0.5849122405052185, -0.9991704225540161
-0.9101715087890625, -0.89494389295578
-0.8530476689338684, -0.969939112663269
-0.7504487037658691, -0.9870376586914062
-0.6617314219474792, -0.9881988763809204
-0.8749198317527771, -0.9948689341545105
