target,prediction
-0.9480459094047546, -0.951178789138794
-0.49301376938819885, -0.9368153810501099
-1.0814799070358276, -0.8494740724563599
-1.2162065505981445, -0.9773666858673096
-0.9720607399940491, -0.9245556592941284
-0.42808592319488525, -0.9505259394645691
-0.785099446773529, -0.9788901209831238
-1.242100477218628, -0.9301414489746094
-0.7321580052375793, -0.8605731129646301
