target,prediction
-0.05852614343166351, -0.05526835843920708
-0.20517800748348236, 0.27607858180999756
-0.0924132689833641, 0.1340722143650055
-0.02872253954410553, 0.07051590830087662
-0.11985286325216293, -0.36626264452934265
0.15884660184383392, 0.09135323017835617
-0.24254556000232697, -0.3225890100002289
-0.08443854749202728, -0.011566655710339546
0.11309975385665894, 0.09034882485866547
