target,prediction
-1.7908896207809448, -1.0
-1.577828049659729, -1.0
-0.1525307446718216, -0.7119079828262329
-0.14993105828762054, -0.5273423194885254
-0.09388597309589386, 0.08610048145055771
-0.10447852313518524, -0.73801589012146
-0.505408525466919, -0.9796527028083801
-0.6728337407112122, -1.0
0.24127601087093353, -0.27076902985572815
