target,prediction
0.4995168149471283, -0.3355972468852997
0.6982141137123108, 0.7511199116706848
-0.20420733094215393, 0.07588529586791992
0.42524585127830505, 0.015420551411807537
0.49446234107017517, 0.028463594615459442
-1.4438083171844482, 0.4232093095779419
0.5547454953193665, 0.06467325985431671
-0.013700131326913834, 0.08671718835830688
0.7657040953636169, 0.10733789950609207
