{"loss": [0.21493198871612548, 0.08437472581863403, 0.06960384249687195, 0.04458256959915161, 0.044450849294662476, 0.031148773431777955, 0.02532278001308441, 0.02155093550682068, 0.012235229462385177, 0.030970093607902528, 0.024905924499034882, 0.015529361367225648, 0.028377512097358705, 0.013703557848930358, 0.01191268041729927, 0.01293266862630844, 0.0196229949593544, 0.015263721346855164, 0.012367698550224304, 0.016152521967887877, 0.009523633122444152, 0.01578061580657959, 0.014063352346420288, 0.010728598386049271, 0.012500295042991638, 0.009234634041786195, 0.011370395869016647, 0.008869154751300812, 0.007087834179401398, 0.007082821428775787, 0.007695934921503067, 0.011620067059993744, 0.012472199648618698, 0.014084923267364501, 0.0038981687277555464, 0.004185739532113075, 0.018830280005931854, 0.016561359167099, 0.003980100154876709, 0.007804369926452637, 0.007667491585016251, 0.005683524906635285, 0.004093271121382714, 0.004553406685590744, 0.00935099571943283, 0.0078047215938568115, 0.00953730195760727, 0.008158402889966965, 0.005364447459578514, 0.005871553346514702, 0.00284715760499239, 0.0033144868910312654, 0.003862470015883446, 0.005732008069753647, 0.00446665920317173, 0.0010673252865672112, 0.003833228349685669, 0.007439431548118591, 0.005419543758034706, 0.0036090504378080367, 0.0015136987902224063, 0.003173970431089401, 0.007654120028018951, 0.005020949244499207, 0.007900328934192657, 0.007972407341003417, 0.0037402190268039704, 0.0028948690742254257, 0.002578118070960045, 0.004971956834197044, 0.0035533931106328962, 0.004063236713409424, 0.005730295926332474, 0.001990066096186638, 0.0045283898711204525, 0.0018824528902769088, 0.003217841312289238, 0.003293855860829353, 0.0053508982062339784, 0.0068168587982654575, 0.0038035646080970763, 0.003403624892234802, 0.002195264771580696, 0.006153387576341629, 0.004442758858203888, 0.006071644276380539, 0.0031100938096642492, 0.0031431876122951508, 0.0032106876373291016, 0.004876080900430679, 0.0029076140373945234, 0.003139064833521843, 0.002092246897518635, 0.0024816842749714853, 0.0024128569290041923, 0.004657033830881119, 0.004810039326548577, 0.004582284018397331, 0.004158351942896843, 0.002440033107995987, 0.005110375955700875, 0.01068112850189209, 0.0036072563380002975, 0.007815380394458771, 0.005932953208684921, 0.0028502702713012694], "mae": [0.41306476593017577, 0.27834033966064453, 0.2371678590774536, 0.19096109867095948, 0.196082603931427, 0.1588498830795288, 0.1446767568588257, 0.13321797847747802, 0.08741869330406189, 0.16019182205200194, 0.14085676670074462, 0.10692987442016602, 0.15069016218185424, 0.09907005429267883, 0.09232555627822876, 0.09920651912689209, 0.12764949798583985, 0.10665705204010009, 0.09789232611656189, 0.11506831645965576, 0.0875396728515625, 0.1089603066444397, 0.107048499584198, 0.09193859100341797, 0.09708226919174194, 0.08595368266105652, 0.0944249987602234, 0.08118287324905396, 0.07519289255142211, 0.07724549770355224, 0.07573947906494141, 0.09549285769462586, 0.0978955626487732, 0.10150127410888672, 0.05469834804534912, 0.05740508437156677, 0.1164048433303833, 0.10956926345825195, 0.05585372447967529, 0.0726858913898468, 0.07909348607063293, 0.06550887823104859, 0.05783284306526184, 0.057084459066390994, 0.08279063701629638, 0.07221964597702027, 0.08488767147064209, 0.07847577929496766, 0.06304080486297607, 0.06541144251823425, 0.04948921799659729, 0.04653453826904297, 0.05321240425109863, 0.0627320647239685, 0.057847464084625246, 0.024902528524398802, 0.05522452592849732, 0.07078582644462586, 0.061121505498886106, 0.05141240358352661, 0.0341381311416626, 0.046835052967071536, 0.07573745250701905, 0.05864450931549072, 0.07144716382026672, 0.07584058046340943, 0.05080900192260742, 0.046832811832427976, 0.042763882875442506, 0.05914337038993835, 0.05185363888740539, 0.05679190158843994, 0.06348307728767395, 0.03576399683952332, 0.051852500438690184, 0.03778814673423767, 0.04482071399688721, 0.04732246398925781, 0.06422560811042785, 0.06756492853164672, 0.048676878213882446, 0.04571521282196045, 0.037636733055114745, 0.06635154485702514, 0.05559805631637573, 0.06955465078353881, 0.043373048305511475, 0.04596877098083496, 0.04407777786254883, 0.05693269371986389, 0.045883399248123166, 0.04844907522201538, 0.03906188607215881, 0.042813873291015624, 0.04255085587501526, 0.04894219040870666, 0.055627644062042236, 0.054386687278747556, 0.052773916721343996, 0.03934371471405029, 0.060252076387405394, 0.09073070883750915, 0.05014128088951111, 0.0817350447177887, 0.06094265580177307, 0.04312134981155395]}