{"loss": [0.2764436933729384, 0.14817895889282226, 0.10796859529283312, 0.08375248379177518, 0.06218589676751031, 0.04094253646002875, 0.032044765684339734, 0.02934103012084961, 0.019365278879801433, 0.03483863936530219, 0.02849684821234809, 0.016300662358601888, 0.02625102996826172, 0.014996279610527886, 0.012781214714050294, 0.01306807862387763, 0.017351465755038792, 0.013063779142167832, 0.0110262307855818, 0.014590259393056233, 0.00927708347638448, 0.013621922334035237, 0.012565959824456109, 0.010389118724399142, 0.010878049665027194, 0.007611580689748128, 0.010227413309945001, 0.00874341991212633, 0.006891857915454441, 0.006067062748803032, 0.007008679707845052, 0.009474481476677789, 0.01066604455312093, 0.011523122257656521, 0.005317768454551697, 0.005120536353853014, 0.016513914532131618, 0.01140439510345459, 0.003684743245442708, 0.0058572000927395295, 0.005929774708218045, 0.004136357373661465, 0.002981252140469021, 0.0030058695210350883, 0.0067984912130567765, 0.005988164080513848, 0.007105447848637899, 0.005028751823637221, 0.003463411662313673, 0.004084077808592055, 0.001721206804116567, 0.002668162186940511, 0.002383310596148173, 0.003525777988963657, 0.0022279035713937546, 0.002262848284509447, 0.0037189722061157227, 0.007106953197055393, 0.0038826386133829754, 0.0016435970862706502, 0.0016487358344925774, 0.0016498949792650012, 0.005756251017252604, 0.003908147083388435, 0.006314952505959405, 0.006324906481636895, 0.0024017946587668523, 0.0017583524187405905, 0.0019663338859875995, 0.002187289297580719, 0.001686239242553711, 0.0023911363548702663, 0.003068998124864366, 0.001303649279806349, 0.002491370505756802, 0.0014728251430723403, 0.0014159998959965177, 0.0024863771266407436, 0.003123107221391466, 0.005258615811665853, 0.0037269608842002023, 0.0018448652492629156, 0.0010332597626580133, 0.004824483725759718, 0.0038742237620883516, 0.0037648757298787434, 0.0028829690482881335, 0.0021289471122953626, 0.0011969679759608375, 0.004012610183821784, 0.0019867954982651604, 0.001311713457107544, 0.0012956612639957003, 0.0016909509897232056, 0.0020377246869934928, 0.0034842411677042644, 0.0036202238665686715, 0.0019740843110614354, 0.0043236003981696235, 0.0036122070418463815, 0.003000178270869785, 0.007247122128804525, 0.0011481113731861114, 0.004050215416484409, 0.0022000152203771805, 0.0026898844374550713], "mae": [0.4417991638183594, 0.3358936309814453, 0.2858088387383355, 0.2501550038655599, 0.2226831012301975, 0.17408376269870335, 0.1528008778889974, 0.14912361568874782, 0.1122500737508138, 0.15971737967597113, 0.1448330243428548, 0.10516471862792968, 0.13862678739759657, 0.1031771977742513, 0.08947250578138563, 0.09608582390679253, 0.11149913999769423, 0.09344212214152019, 0.08786574999491374, 0.10046068827311198, 0.08223524623446994, 0.1000189463297526, 0.09677739673190647, 0.08691972626580133, 0.08910230000813803, 0.07391361130608452, 0.0852648893992106, 0.07953783141242134, 0.06850481033325195, 0.06434796121385362, 0.0704042010837131, 0.08269698354932997, 0.09090975655449761, 0.09290099673800999, 0.05611343913608127, 0.05624763170878092, 0.1124895413716634, 0.09124046961466471, 0.048909197913275824, 0.06455032560560438, 0.06531905598110622, 0.05234433809916179, 0.04221239619784885, 0.04237244923909505, 0.06919408904181587, 0.06520373026529948, 0.0707881079779731, 0.05744416978624132, 0.04738792313469781, 0.05318442980448405, 0.030508679813808864, 0.043117364247639976, 0.03836690054999457, 0.044771740171644425, 0.03699782424502902, 0.039002180099487305, 0.049068551593356664, 0.07486303647359212, 0.04928895102606879, 0.030485073725382488, 0.031399610307481556, 0.031695021523369685, 0.06494567129347059, 0.05013488133748372, 0.07076854705810547, 0.0694341606563992, 0.036846224466959634, 0.03398330211639404, 0.03499516381157769, 0.03724062972598606, 0.03146351178487142, 0.03712081114451091, 0.046818749109903975, 0.02812128596835666, 0.03979558149973551, 0.030122023158603243, 0.028275760014851888, 0.04106686909993489, 0.04484649234347873, 0.06641389528910319, 0.053735574086507164, 0.0333305729760064, 0.024210047721862794, 0.06328564749823676, 0.051368527942233615, 0.05101508564419217, 0.04707836574978298, 0.034513979487948945, 0.02554519706302219, 0.05651565127902561, 0.03724031448364258, 0.027706660164727104, 0.027199517356024848, 0.0343410677380032, 0.03345517052544488, 0.04577566252814399, 0.04737095832824707, 0.036965584754943846, 0.05621583726671007, 0.04800596237182617, 0.04315407805972629, 0.0741068098280165, 0.02692941559685601, 0.053288438585069445, 0.03684959146711561, 0.04096334245469835]}