target,prediction
0.07678617537021637, -0.15516602993011475
-0.28475040197372437, -1.0
-0.6379834413528442, -1.0
-0.8291884660720825, -1.0
-0.06125795841217041, -0.3523639142513275
-0.24531365931034088, -1.0
-0.025946706533432007, -0.19174587726593018
-0.4400249123573303, -0.8415627479553223
-0.49382567405700684, -0.7701518535614014
