target,prediction
-0.5701076984405518, -0.05299145355820656
-1.426876187324524, -0.5948718190193176
-0.9671337008476257, -0.6820513010025024
-0.25952157378196716, -0.9572649598121643
-1.0210286378860474, -1.0
-0.562234103679657, -1.0
-0.7560211420059204, -1.0
-0.9106972813606262, -0.5128205418586731
-0.8136585354804993, -0.8803418874740601
