target,prediction
-0.17318981885910034, 0.028463594615459442
-0.35220474004745483, -0.1347503960132599
1.0996025800704956, 0.11716976016759872
-0.07760196924209595, -0.20604702830314636
-0.2810758948326111, 0.2624625861644745
0.13664287328720093, 0.028463594615459442
1.7585535049438477, 0.23016135394573212
1.354699969291687, 0.33375921845436096
-0.22299087047576904, 0.1537250280380249
