target,prediction
-0.48937320709228516, -0.8231104612350464
-0.6099421381950378, -0.6160411834716797
-0.8331282138824463, -0.30918222665786743
-0.5063116550445557, -0.8231104612350464
-0.43366917967796326, -0.6596131920814514
-0.8151295185089111, -0.9771215319633484
-0.8766558170318604, -0.8370607495307922
-0.28370535373687744, -0.9088581800460815
-0.11199745535850525, -0.5251325368881226
