target,prediction
-0.7324697971343994, -0.8231104612350464
-0.7778524160385132, -0.8376187682151794
-0.6472862958908081, -0.9854916930198669
-0.8851111531257629, -0.6484529972076416
-1.0150634050369263, -0.9296905994415283
-0.6035524606704712, -0.9088581800460815
-0.7189015746116638, -0.8716574311256409
-0.43180981278419495, -0.6121822595596313
-0.7849617600440979, -0.7182043790817261
