target,prediction
-0.9791808724403381, -0.9742664098739624
-0.8618816137313843, -0.9021643400192261
-0.8659892678260803, -0.9812618494033813
-0.9383528828620911, -0.9987353682518005
-0.9889598488807678, -0.9684217572212219
-1.0437169075012207, -0.9633339643478394
-1.0778836011886597, -0.9731748700141907
-1.0697535276412964, -0.996860921382904
-0.8384650349617004, -0.9991080164909363
