target,prediction
0.02052503079175949, 0.2624625861644745
-0.42842695116996765, -0.1347503960132599
0.08800261467695236, 0.33375921845436096
-0.11246303468942642, 0.028463594615459442
-0.10819108039140701, 0.23016135394573212
-0.18114089965820312, 0.028463594615459442
-0.49166691303253174, -0.20604702830314636
-0.28122416138648987, 0.1537250280380249
-0.4329192042350769, 0.11716976016759872
