target,prediction
-0.4260578155517578, -0.31945016980171204
-0.42198219895362854, -0.34761562943458557
-0.5685607194900513, -0.38641995191574097
0.1892162263393402, 0.24695047736167908
0.2975691854953766, 0.017631417140364647
-0.71419358253479, -0.09679259359836578
0.03883044421672821, 0.2477288693189621
-0.8059358596801758, -0.3944125175476074
-0.637980580329895, -0.39101624488830566
