target,prediction
-0.7550336122512817, -0.04283304139971733
2.433483600616455, -1.0
-0.6274315118789673, 0.5625163316726685
-0.15661555528640747, 0.33375921845436096
-0.9938073754310608, 0.6991934776306152
-0.057167939841747284, -0.07649680227041245
-0.28841453790664673, 0.37948140501976013
-0.25278469920158386, 0.4118645489215851
-0.6849706768989563, 0.04099501296877861
