target,prediction
-1.0554919242858887, -0.9913079142570496
-0.6945542693138123, -0.9999129176139832
-1.1372158527374268, -0.9990180134773254
-0.7643822431564331, -0.9812979102134705
-1.0625907182693481, -0.9994727969169617
-0.6151289939880371, -0.99821937084198
-1.0153504610061646, -0.9938071370124817
-1.1516371965408325, -0.928724467754364
-0.9056705236434937, -0.9955627918243408
