target,prediction
-0.3075491487979889, 0.38856270909309387
-0.7554229497909546, -0.5583403706550598
-0.07515063881874084, -0.3716297447681427
-0.40387997031211853, -0.6598514318466187
-0.7034810781478882, -0.7445086240768433
-0.5179744958877563, -0.19084984064102173
0.15638121962547302, 0.362287312746048
-0.4121571481227875, 0.27558356523513794
-0.8876022100448608, -0.3813003599643707
