target,prediction
-0.3718082904815674, -0.6410256624221802
-0.8660226464271545, -0.8461538553237915
-1.0599969625473022, -1.0
-0.914910614490509, -1.0
-1.1995949745178223, -0.9606837630271912
-0.5598322153091431, -0.6666666865348816
-0.9308604001998901, -0.916239321231842
-0.7393253445625305, -1.0
-1.1049563884735107, -1.0
