target,prediction
-0.8972455263137817, -0.9954615235328674
-1.2170078754425049, -0.9981775879859924
-1.2856841087341309, -0.9981014132499695
-0.9785753488540649, -0.9718270897865295
-0.9054604768753052, -0.9956896305084229
-0.8135285973548889, -0.9583202004432678
-0.8904290199279785, -0.8246792554855347
-0.424701452255249, -0.8119339346885681
-0.9233453273773193, -0.9829331040382385
