target,prediction
-0.7257680892944336, -1.0
-1.805830955505371, -1.0
-1.1407766342163086, -0.7119079828262329
-0.3612884283065796, -0.5273423194885254
-0.07817664742469788, 0.08610048145055771
-0.12600529193878174, -0.73801589012146
-0.6573594212532043, -0.9796527028083801
-0.5840113759040833, -1.0
0.14189104735851288, -0.27076902985572815
