target,prediction
-0.24520306289196014, -1.0
-0.8049222230911255, -1.0
-0.13757692277431488, -0.3272024095058441
-0.3901924788951874, -0.8312348127365112
-0.2635733485221863, -0.2734847664833069
-0.240583136677742, -1.0
-0.5039718151092529, -0.9985392689704895
-0.1950717270374298, -0.4627823829650879
-0.7207359075546265, -1.0
