target,prediction
0.070675328373909, -0.3355972468852997
0.04901014640927315, 0.7511199116706848
1.2066650390625, 0.07588529586791992
-0.08804257214069366, 0.015420551411807537
-0.17609663307666779, 0.028463594615459442
0.5395423769950867, 0.4232093095779419
-0.18717002868652344, 0.06467325985431671
0.14525768160820007, 0.08671718835830688
-0.03537527471780777, 0.10733789950609207
