{"loss": [0.04201672971248627, 0.015200837204853693, 0.008734337985515594, 0.006409060209989548, 0.005355384200811386, 0.005679183329145114, 0.005109785745541255, 0.004505155297617118, 0.0051583026846249895, 0.004513598668078582, 0.00532658522327741, 0.004969871913393338, 0.005923081189393997, 0.005946961541970571, 0.008642163127660751, 0.007365429153045018, 0.007718981554110845, 0.009900939961274466, 0.009432351837555567, 0.008262133846680323, 0.007825774451096853, 0.007890834783514341, 0.007982767497499784, 0.009668545797467232, 0.008396650974949202, 0.007710101082921028, 0.008809327458341917, 0.01093752309679985, 0.007495621219277382, 0.008558732147018114, 0.009231918180982271, 0.00702357975145181, 0.008710597331325213, 0.009487871080636978, 0.008194012567400932, 0.006941561897595723, 0.007953312247991562, 0.007979394247134527, 0.005905621995528539, 0.010125407328208288, 0.006557142361998558, 0.010218306134144465, 0.00763957512875398, 0.00820240875085195, 0.007268695781628291, 0.009296928842862448, 0.010626010596752167, 0.011370725929737091, 0.014806377391020456, 0.010547861456871033, 0.013972785323858261, 0.0049815600117047625, 0.012556073566277822, 0.0019299214084943135, 0.023313490053017933, 0.011706342299779257, 0.03006722281376521, 0.011243673662344614, 0.014853748182455698, 0.02546374499797821, 0.018734432756900787, 0.03170883158842722, 0.04234247406323751, 0.011584231009085974, 0.019150712837775547, 0.01796935498714447, 0.025908807913462322, 0.0102033248792092, 0.01815806080897649, 0.0160159928103288, 0.017208009958267212, 0.012696076184511185, 0.018688796708981197, 0.011880593995253244, 0.016682380189498264, 0.012339564661184946, 0.009152711058656374, 0.017480337371428806, 0.008267829815546671, 0.027582173546155293, 0.029832810163497925, 0.022089265286922455, 0.015014857053756714, 0.0152242382367452, 0.01392920563618342, 0.03729833414157232, 0.018011804670095444, 0.02813003957271576, 0.004273942361275355, 0.055171276132265724, 0.0362220307191213, 0.014834016561508179, 0.027259933451811474, 0.008410186817248663, 0.023864614466826122, 0.009755990157524744, 0.02745795249938965, 0.00961653453608354, 0.026409541567166645, 0.010006275648872057, 0.020611435174942017, 0.015717757244904835, 0.012400568773349127, 0.014118261635303497], "mae": [0.174204150835673, 0.08850643038749695, 0.0701739490032196, 0.06058076024055481, 0.05516618490219116, 0.05769156416257223, 0.05333056549231211, 0.04931276539961497, 0.05137775341669718, 0.04796665906906128, 0.051384891072909035, 0.049309720595677696, 0.05006860693295797, 0.050844733913739525, 0.06258328258991241, 0.052623783548672996, 0.05256834626197815, 0.05996695160865784, 0.0572504053513209, 0.052967384457588196, 0.052569448947906494, 0.05273281534512838, 0.05116022129853567, 0.05528183778127035, 0.05053173005580902, 0.05068415900071462, 0.053352922201156616, 0.060805281003316246, 0.04914841055870056, 0.05341756343841553, 0.05185016989707947, 0.04698150356610616, 0.05466628074645996, 0.05746812125047048, 0.05110934376716614, 0.046874433755874634, 0.05128474533557892, 0.04873194297154745, 0.04829178253809611, 0.05634269118309021, 0.04613493879636129, 0.06136130293210348, 0.045759727557500206, 0.049830993016560875, 0.048872475822766624, 0.0497333159049352, 0.07467462619145711, 0.07047657668590546, 0.08554438749949138, 0.06547134121259053, 0.0541898508866628, 0.04017523924509684, 0.06949679553508759, 0.03498685359954834, 0.05898260076840719, 0.062090824047724404, 0.05992791553338369, 0.060493677854537964, 0.06580217679341634, 0.1173033316930135, 0.052434210975964866, 0.14366620779037476, 0.09615269303321838, 0.06045841177304586, 0.06950892011324565, 0.11499461531639099, 0.06381028393904369, 0.06919793784618378, 0.05652270217736562, 0.06913068393866222, 0.06443689266840617, 0.04392944276332855, 0.06466380755106609, 0.05530298252900442, 0.053969224294026695, 0.03884704411029816, 0.04187102119127909, 0.04163529723882675, 0.05239599943161011, 0.12342846393585205, 0.15493919452031454, 0.05171582102775574, 0.04986917972564697, 0.03818971415360769, 0.05440867940584818, 0.11652810374895732, 0.055275688568751015, 0.09275595347086589, 0.05615587532520294, 0.20251359542210898, 0.12995120882987976, 0.09779056906700134, 0.13236985603968301, 0.06476989388465881, 0.07745125889778137, 0.038880626360575356, 0.07917191584904988, 0.045097529888153076, 0.06580259402592976, 0.049062574903170265, 0.04136698693037033, 0.0666970709959666, 0.037062560518582664, 0.08816202481587727]}