{"loss": [0.044352178062711446, 0.013423497123377664, 0.008386862065110887, 0.006384139082261494, 0.005365807030882154, 0.0046706343335764745, 0.0038316837911094937, 0.003269445151090622, 0.0026726634906870978, 0.0022213481632726534, 0.0017931901716760226, 0.0015965025605899946, 0.0010126912966370583, 0.0009818602619426592, 0.0011478445625730924, 0.0004599007245685373, 0.0005775690078735352, 0.0008232326113751956, 0.0005440007496093001, 0.0003231970393764121, 0.0003393461062972035, 0.0002884292376360723, 0.000326705165207386, 0.0005325644410082272, 0.00034017491686557023, 0.0003105797139661653, 0.00040489155799150467, 0.0010017480568162032, 0.0004144801226045404, 0.0006179829527224813, 0.0005274580658546516, 0.00048426482161240917, 0.000482367817312479, 0.0008552971162966319, 0.0004436710982450417, 0.00036312593147158623, 0.0003964506821440799, 0.0004950894841126033, 0.00036506767251661846, 0.0008389174139925412, 0.0006430019358439105, 0.001103711048407214, 0.0005093441743935857, 0.0005262728248323713, 0.0006926591907228742, 0.0009062262251973152, 0.006462556975228446, 0.002282211823122842, 0.005893337407282421, 0.0018143531467233384, 0.0019297607775245393, 0.0009248223421829087, 0.0031319798103400637, 0.002711658499070576, 0.003042138580765043, 0.0019046633637377194, 0.0033168518649680273, 0.0034291696335588184, 0.00507322432739394, 0.011015293853623527, 0.0017545356282166072, 0.019652104803494046, 0.008634613028594426, 0.0027023197284766604, 0.0029432132307972226, 0.014219029673508235, 0.0034123874668564114, 0.00466001353093556, 0.003019018364804132, 0.0043669260506119046, 0.003632522853357451, 0.0008023429795035294, 0.0028309311185564312, 0.0022859078432832447, 0.0017279403816376413, 0.0008819986666951861, 0.0012754353561571666, 0.001319771765598229, 0.0027366778148072107, 0.01277168414422444, 0.021582103201321194, 0.001692011287169797, 0.0014954946402992522, 0.0012172226394925798, 0.0031884219497442245, 0.014565831848553248, 0.002258890707577978, 0.006885640855346408, 0.004963567746537072, 0.03933266656739371, 0.015336673174585615, 0.011508905461856298, 0.019679003528186252, 0.0044192128947802955, 0.004852454577173505, 0.001056548740182604, 0.005466633077178683, 0.0011004264067326272, 0.0027585713458912714, 0.0018614627686994417, 0.0010354356574160711, 0.0035822253142084393, 0.0007672557341200965, 0.006664567227874484], "mae": [0.16615232399531774, 0.07638694558824811, 0.05762872099876404, 0.04947016068867275, 0.042906028883797784, 0.04126371656145368, 0.03643220237323216, 0.032914353268487115, 0.03085848901953016, 0.026788524218967984, 0.02520806235926492, 0.025566222412245616, 0.020596804363386973, 0.022710353136062622, 0.028083679931504384, 0.015607582671301705, 0.01915739050933293, 0.023549175688198636, 0.017548428050109317, 0.01343973193849836, 0.013823679515293666, 0.01215639284678868, 0.012545280158519745, 0.015449485608509608, 0.011150359043053218, 0.01152635578598295, 0.012301272579601832, 0.023711310965674266, 0.01371665405375617, 0.017804612006459917, 0.013084993830748968, 0.01617086572306497, 0.014937051704951696, 0.02216513454914093, 0.01471915521792003, 0.01339895065341677, 0.01261490476982934, 0.014369983758245195, 0.014706166727202279, 0.01898936927318573, 0.02028423547744751, 0.02616918512753078, 0.013790294528007507, 0.014354401401111059, 0.019177788070269992, 0.018864071794918606, 0.07633266278675624, 0.03717830777168274, 0.06702363065310887, 0.033567850078855245, 0.023693889379501343, 0.02430871980530875, 0.04592465502875192, 0.03178533485957554, 0.032412018094744, 0.034614233033997674, 0.025569619876997813, 0.050798428910119195, 0.06000411084720066, 0.09453173194612775, 0.02417601432119097, 0.1268118109021868, 0.07052200181143624, 0.04104947618075779, 0.044857685055051534, 0.11052494389670235, 0.04132513914789472, 0.06315683467047555, 0.041675065244947164, 0.05850355114255633, 0.05139443704060146, 0.017426903758730208, 0.040582465273993354, 0.04238578251429966, 0.02712135229791914, 0.017540931701660156, 0.027472321476255144, 0.01713265372174127, 0.047238166843141825, 0.10853081090109688, 0.14451045649392263, 0.024869510105678012, 0.027250524078096663, 0.01952678178037916, 0.04238035423415048, 0.10533142941338676, 0.04076041919844491, 0.07625424861907959, 0.049109386546271186, 0.18460842541285924, 0.11384548459734235, 0.09358589989798409, 0.12690311670303345, 0.058293559721538, 0.05734294652938843, 0.02305036357470921, 0.060846341507775445, 0.023259667413575307, 0.04102281587464469, 0.03576408539499555, 0.02104383281299046, 0.05373753394399371, 0.0169626208288329, 0.07871675491333008]}