target,prediction
-0.196328267455101, 0.2624625861644745
-0.015536749735474586, -0.1347503960132599
-0.1046881303191185, 0.33375921845436096
-0.1356269121170044, 0.028463594615459442
-0.5788228511810303, 0.23016135394573212
-0.2640180289745331, 0.028463594615459442
0.09452547878026962, -0.20604702830314636
-0.036194413900375366, 0.1537250280380249
-0.3244549632072449, 0.11716976016759872
