target,prediction
0.38707295060157776, -0.15516602993011475
-1.8681708574295044, -1.0
-0.6069980263710022, -1.0
-0.7191261649131775, -1.0
-0.451930969953537, -0.3523639142513275
0.5064076781272888, -1.0
0.5078754425048828, -0.19174587726593018
-0.4744090735912323, -0.8415627479553223
0.8867520689964294, -0.7701518535614014
