target,prediction
-0.8213480710983276, -0.8874830007553101
-0.5634422898292542, -1.0
-0.7227405905723572, -0.4490186274051666
-0.8262386918067932, -1.0
-0.7581880688667297, -0.32222360372543335
-0.6609748005867004, -1.0
-0.8245640397071838, -0.9991564750671387
-0.7006475329399109, -0.825042188167572
-0.618417501449585, -0.6010986566543579
