target,prediction
-0.1468656063079834, -1.0
-0.6076701283454895, -1.0
-0.763276994228363, -0.3272024095058441
-0.5566586852073669, -0.8312348127365112
-0.2558007836341858, -0.2734847664833069
-0.2137024998664856, -1.0
-1.459540843963623, -0.9985392689704895
-1.1393194198608398, -0.4627823829650879
0.0011083632707595825, -1.0
