target,prediction
0.8952796459197998, -0.5273423194885254
-4.167613506317139, -1.0
1.3805168867111206, -0.27076902985572815
3.688190460205078, -0.9796527028083801
-4.6423020362854, -1.0
1.353114128112793, -0.73801589012146
0.017192304134368896, 0.08610048145055771
-4.045605182647705, -0.7119079828262329
-0.1802518218755722, -1.0
