target,prediction
-0.9022876620292664, -0.1407439410686493
-0.3556533753871918, -1.0
-0.4645954668521881, -1.0
-0.27659502625465393, -0.7937497496604919
-0.5624498724937439, -0.8054355382919312
-0.6049623489379883, -1.0
-0.8635189533233643, 0.03954244405031204
-0.4684341847896576, -0.7793070673942566
-2.4779562950134277, -1.0
