target,prediction
-2.206326961517334, -0.9921653866767883
-0.9879416227340698, -0.9227421283721924
-1.6436296701431274, -0.9373956918716431
-1.547650694847107, -0.9708378911018372
-1.090444564819336, -0.9087414145469666
-1.6342275142669678, -0.9991294741630554
-1.1782279014587402, -0.8887196183204651
-1.196537971496582, -0.8494740724563599
-1.234808325767517, -0.9417482614517212
