{"loss": [0.45799822277492946, 0.331069999270969, 0.2259412341647678, 0.1757131947411431, 0.15008876058790419, 0.1401019361284044, 0.14801956547631157, 0.15866263707478842, 0.13997650146484375, 0.1340416802300347, 0.1347196896870931, 0.14733307891421848, 0.15228503280215794, 0.1435928609636095, 0.15081903669569227, 0.1448243326610989, 0.13969193564520943, 0.13583771387736002, 0.13662883970472547, 0.14784684446122912, 0.14555891354878744, 0.15802929136488172, 0.14218150244818795, 0.14521397484673393, 0.1336214542388916, 0.1350696881612142, 0.14254828294118246, 0.15893851386176217, 0.1515692737367418, 0.15273314052157932, 0.15462134944068062, 0.1440700954861111, 0.1388636695014106, 0.13820544878641763, 0.13173690107133654, 0.14733078744676378, 0.16896204153696695, 0.16089630126953125, 0.16608001126183403, 0.19769724210103354, 0.14495950274997288, 0.1347612672381931, 0.14755331145392525, 0.15388482146792942, 0.14948765436808267, 0.14115076594882542, 0.1418665647506714, 0.14868217044406468, 0.14471748140123156, 0.15387835767534044, 0.1459364891052246, 0.13803365495469835], "mae": [0.6373030874464247, 0.5199871063232422, 0.4240300390455458, 0.3916615645090739, 0.36618685722351074, 0.34336715274386936, 0.33222632937961155, 0.33737969398498535, 0.32836082246568465, 0.32624085744222003, 0.3342004352145725, 0.3493859503004286, 0.3535413212246365, 0.35070392820570206, 0.3542736636267768, 0.343016783396403, 0.3392367098066542, 0.3325261010064019, 0.3333410686916775, 0.340293010075887, 0.3394700951046414, 0.3508611255221897, 0.3396909501817491, 0.34726081954108345, 0.33881529172261554, 0.3352194097306993, 0.3432036240895589, 0.3490451176961263, 0.3462211820814345, 0.3495518896314833, 0.35081643528408474, 0.33891052669949, 0.33278703689575195, 0.3342124621073405, 0.3264310095045302, 0.3425914446512858, 0.36504671308729386, 0.3531964090135362, 0.3560890356699626, 0.37772883309258354, 0.3393072817060683, 0.32497313287523055, 0.34072184562683105, 0.35084104537963867, 0.35321246253119576, 0.3434891965654161, 0.3490201367272271, 0.3535735872056749, 0.35037822193569607, 0.3539190822177463, 0.34738794962565106, 0.34015507168240017]}