{"loss": [0.03748185932636261, 4.106139385839924e-05, 0.06447431445121765, 0.18951871991157532, 0.3458497226238251, 0.47667068243026733, 0.69352126121521, 0.7952096462249756, 0.71775221824646, 0.6508747935295105, 0.6433156728744507, 0.6346290111541748, 0.6916101574897766, 0.5359370112419128, 0.6050724387168884, 0.6564845442771912, 0.6614229083061218, 0.6861811280250549, 0.7435564994812012, 0.7452772855758667, 0.8492991924285889, 0.8647221922874451, 0.6746519207954407, 0.7514309287071228, 0.587005615234375, 0.5761494040489197, 0.7349634766578674, 1.0138602256774902, 0.8592697381973267, 1.0186951160430908, 0.9501860737800598, 0.7900128364562988, 0.7766132950782776, 0.772949755191803, 0.5880191326141357, 0.9263482689857483, 1.2403349876403809, 1.2184025049209595, 1.2617387771606445, 1.5258272886276245, 0.9756521582603455, 0.8891343474388123, 1.2443944215774536, 1.1826460361480713, 1.1725728511810303, 0.9373177886009216, 0.9535645246505737, 1.088315486907959, 1.0226198434829712, 1.2342257499694824, 1.2114206552505493, 0.8450735211372375], "mae": [0.1936023235321045, 0.00640791654586792, 0.253917932510376, 0.43533748388290405, 0.5880898833274841, 0.6904134154319763, 0.8327792286872864, 0.8917452692985535, 0.8472025990486145, 0.8067681193351746, 0.8020696043968201, 0.7966360449790955, 0.8316310048103333, 0.7320771813392639, 0.7778640389442444, 0.8102373480796814, 0.8132790923118591, 0.8283604979515076, 0.8622972369194031, 0.8632944226264954, 0.9215742945671082, 0.9299044013023376, 0.8213719725608826, 0.8668511509895325, 0.7661629319190979, 0.7590450644493103, 0.8573001027107239, 1.006906270980835, 0.9269680380821228, 1.0093042850494385, 0.9747748970985413, 0.8888266682624817, 0.881256639957428, 0.87917560338974, 0.7668240666389465, 0.9624698758125305, 1.1137032508850098, 1.1038126945495605, 1.1232714653015137, 1.235243797302246, 0.9877510666847229, 0.9429392218589783, 1.1155242919921875, 1.0874953269958496, 1.0828540325164795, 0.9681517481803894, 0.9765062928199768, 1.0432236194610596, 1.011246681213379, 1.110957145690918, 1.1006455421447754, 0.9192788004875183]}