target,prediction
-0.007224217057228088, -0.05526835843920708
-0.16564153134822845, 0.27607858180999756
0.28281742334365845, 0.1340722143650055
0.14460031688213348, 0.07051590830087662
-0.1797514408826828, -0.36626264452934265
0.5187569260597229, 0.09135323017835617
-0.5934751629829407, -0.3225890100002289
0.501408576965332, -0.011566655710339546
0.28810834884643555, 0.09034882485866547
