target,prediction
-0.32072120904922485, -0.15516602993011475
-1.197828769683838, -1.0
-0.2409045249223709, -1.0
-0.48550504446029663, -1.0
-0.3437834084033966, -0.3523639142513275
-0.0002116076648235321, -1.0
0.15668727457523346, -0.19174587726593018
-0.73052978515625, -0.8415627479553223
-0.1773771196603775, -0.7701518535614014
