target,prediction
-0.5453192591667175, -0.4585418999195099
-1.793986439704895, -0.43692418932914734
-0.7646712064743042, -0.7849836945533752
-0.7629470825195312, -0.9323177337646484
-1.2281817197799683, -0.9313021302223206
-0.3401552140712738, -0.7244831323623657
-0.7911565899848938, -0.9379035234451294
-0.925782322883606, -0.9955023527145386
-1.7922399044036865, -0.9270220994949341
