target,prediction
-0.5916340351104736, -0.6410256624221802
-0.7935928106307983, -0.8461538553237915
-1.0598266124725342, -1.0
-0.803941547870636, -1.0
-0.8957924842834473, -0.9606837630271912
-0.23007313907146454, -0.6666666865348816
-0.9202992916107178, -0.916239321231842
-0.7568535804748535, -1.0
-1.1125656366348267, -1.0
