target,prediction
-1.079788327217102, -0.9325353503227234
-0.9416571855545044, -0.9735219478607178
-0.5256829857826233, -0.889154851436615
-1.1598327159881592, -0.987232506275177
-1.1135883331298828, -0.9599564671516418
-0.6784986853599548, -0.9755531549453735
-0.9371700286865234, -0.9994922280311584
-0.7917103171348572, -0.9721436500549316
-0.4870944321155548, -0.9261516332626343
