{"loss": [0.08526478873358832, 0.06269912189907498, 0.05332011116875542, 0.04777650833129883, 0.03953369723425971, 0.03521987332238091, 0.0333914836247762, 0.031507330470614964, 0.026273843977186413, 0.023342291514078777, 0.022630172305636936, 0.019104411866929797, 0.01957496272193061, 0.017703823248545327, 0.01731246444914076, 0.014059113131629096, 0.01717207564247979, 0.01695291863547431, 0.013151338365342881, 0.011547475390964084, 0.012879791524675157, 0.012222536404927571, 0.010325862301720513, 0.011944648954603407, 0.010035354561275906, 0.00808481772740682, 0.010633981227874756, 0.046520392100016274, 0.030765186415778266, 0.01350962585873074, 0.01165259944068061, 0.011334111955430772, 0.008889120154910618, 0.011663007736206054, 0.00888675782415602, 0.008798274728986952, 0.010479452874925401, 0.0157042834493849, 0.007107539971669515, 0.012702846527099609, 0.03339952892727322, 0.033849427435133195, 0.015244918399386936, 0.01764774587419298, 0.01033918195300632, 0.011041451825035943, 0.007886407110426161, 0.014540665679507785, 0.010238346126344468, 0.007873696751064724, 0.009468460083007812, 0.010362153583102756, 0.08352038065592447, 0.01524912781185574, 0.01075597537888421, 0.014693371454874675, 0.015019330713484023, 0.011505831612481011, 0.007180229822794596, 0.055238697263929576, 0.024368630515204534, 0.02194703287548489, 0.022486270798577204, 0.016290129555596247, 0.015296388996971978, 0.02569560474819607, 0.022379493713378905, 0.011320710182189941, 0.011050639549891154, 0.014555541674296062, 0.01667125357521905, 0.05429050127665202, 0.047919511795043945, 0.12617495854695637, 0.27294345431857636, 0.11448868645562066, 0.02479290167490641, 0.016306637393103705, 0.03554822603861491, 0.04582729869418674, 0.031159003575642902, 0.014450960689120822, 0.013426539633009169, 0.026499912473890518, 0.020334728558858237, 0.008302879995769924, 0.050154225031534834, 0.04604847166273329, 0.04463358455234104, 0.02196524937947591, 0.016483830081091985, 0.03584645324283176, 0.01998664140701294, 0.023631228340996638, 0.010154924127790663, 0.02628981007470025, 0.011818689770168728, 0.005595097939173381, 0.006010182698567708, 0.008939805958006117, 0.011581424872080486, 0.014606311586168078, 0.022551295492384167, 0.00846883389684889, 0.012084472179412841], "mae": [0.2068531460232205, 0.16649343702528213, 0.15343137317233616, 0.14765260484483506, 0.12643535402086045, 0.12191083696153429, 0.11935491561889648, 0.11755872302585178, 0.10890549553765191, 0.09874695671929254, 0.10017336739434136, 0.0935434447394477, 0.09797270033094618, 0.08848044077555338, 0.09041336907280816, 0.0856678909725613, 0.09290765126546224, 0.08965053558349609, 0.07956275939941407, 0.07442765765719944, 0.07859352429707846, 0.07861157523261177, 0.07354216045803494, 0.081951814227634, 0.07635566923353407, 0.06620578765869141, 0.07847926881578234, 0.1968870586819119, 0.153098816341824, 0.08945583767361111, 0.07904404534233941, 0.07758143742879232, 0.06689959632025824, 0.08364605903625488, 0.06533135308159722, 0.06985967424180772, 0.07645465003119575, 0.09178837670220269, 0.0572897646162245, 0.08557420836554633, 0.1543765491909451, 0.16411410437689888, 0.09420948028564453, 0.09541559219360352, 0.07996349334716797, 0.07581909497578938, 0.0656538274553087, 0.08413007524278429, 0.07899141311645508, 0.06166714032491048, 0.06764433119032118, 0.08100226720174154, 0.15985630883110893, 0.09096110661824544, 0.06572157012091742, 0.08099928432040744, 0.09320642683241102, 0.08103521664937337, 0.06400714980231391, 0.20766932169596355, 0.09306395848592122, 0.10303224987453885, 0.11026456620958117, 0.10361618465847439, 0.09006848865085178, 0.08434453540378146, 0.09527261522081164, 0.08053137991163466, 0.0857079029083252, 0.09192979600694444, 0.09737577438354492, 0.1386295954386393, 0.1499752468532986, 0.22722365061442057, 0.44179857042100695, 0.28004540337456596, 0.11801728142632378, 0.10012289683024088, 0.15864156087239584, 0.1701553768581814, 0.14126093122694228, 0.09810124503241645, 0.08548365169101291, 0.13279266357421876, 0.11297969818115235, 0.06950405438741049, 0.1966477500067817, 0.17755970425075954, 0.18133650885687935, 0.11921416388617621, 0.09396855036417644, 0.14330116907755533, 0.11970388624403212, 0.0996437602572971, 0.07229997846815321, 0.08862419128417968, 0.085405609342787, 0.05901309119330512, 0.06289291381835938, 0.07435556517706977, 0.08692051569620768, 0.10195131301879883, 0.1282305187649197, 0.07281227111816406, 0.07574892573886448]}