{"loss": [0.021123847365379332, 0.011410505324602128, 0.010088251531124115, 0.009819920361042022, 0.012621077895164489, 0.0095567524433136, 0.009022354334592819, 0.01850733458995819, 0.009734936803579331, 0.01064274162054062, 0.010264299809932709, 0.010912561416625976, 0.009107547998428344, 0.010873325914144517, 0.010424907505512237, 0.012486492842435836, 0.011349595338106155, 0.009327852725982666, 0.010273873805999756, 0.009979051351547242, 0.008350566774606705, 0.008548161387443543, 0.010218910127878188, 0.01206793412566185, 0.00963200256228447, 0.011653918772935867, 0.017860431969165803, 0.03449719548225403, 0.014239764213562012, 0.014198541641235352, 0.01315484642982483, 0.01942310631275177, 0.0185226246714592, 0.012216679751873016, 0.012772987782955169, 0.014148177206516266, 0.0146722674369812, 0.015850797295570374, 0.01600799262523651, 0.02676537036895752, 0.03829723596572876, 0.03541207313537598, 0.020072908699512483, 0.016013501584529875, 0.01134369969367981, 0.011011278629302979, 0.01034376621246338, 0.009472069144248963, 0.009934193640947341, 0.009787989407777786, 0.01281353533267975, 0.024088573455810548, 0.0298394113779068, 0.013596995174884796, 0.007099014520645141, 0.011614089459180832, 0.021309894323349, 0.01922808438539505, 0.015742117166519166, 0.0343608021736145, 0.012737973034381867, 0.028055614233016966, 0.016070346534252166, 0.030151879787445067, 0.01822233945131302, 0.024858833849430086, 0.014559604227542877, 0.02052813917398453, 0.02102326899766922, 0.019005981087684632, 0.031044638156890868, 0.0380048543214798, 0.0346102774143219, 0.048685497045516966, 0.2520627737045288, 0.16201428174972535, 0.036259818077087405, 0.012715904414653778, 0.06565313935279846, 0.024365523457527162, 0.044683259725570676, 0.025068488717079163, 0.024606141448020934, 0.023132964968681335, 0.032495006918907166, 0.019154642522335053, 0.03443540334701538, 0.0596319317817688, 0.050743937492370605, 0.0401551365852356, 0.01987610012292862, 0.03675868213176727, 0.025672492384910584, 0.019078217446804047, 0.022255420684814453, 0.024257980287075043, 0.022433698177337646, 0.028303927183151244, 0.025127613544464113, 0.03444420099258423, 0.036279743909835814, 0.041512641310691836, 0.032288593053817746, 0.02881890833377838, 0.020398841798305513], "mae": [0.12645483016967773, 0.09806439280509949, 0.08531280755996704, 0.09194745421409607, 0.09897851347923278, 0.08527088761329651, 0.08294443488121032, 0.1209906816482544, 0.08408852219581604, 0.09275873303413391, 0.08603870272636413, 0.09227561354637145, 0.07724162340164184, 0.0891038715839386, 0.08698045015335083, 0.09090765118598938, 0.081325364112854, 0.08045400381088257, 0.09185625314712524, 0.09128104448318482, 0.07693639993667603, 0.07030157446861267, 0.08771870732307434, 0.0969817042350769, 0.08770622611045838, 0.09361922144889831, 0.11633265018463135, 0.16842862367630004, 0.10563571453094482, 0.09558532834053039, 0.09775471091270446, 0.10364530086517335, 0.09920614957809448, 0.09963401556015014, 0.09333667159080505, 0.09327402710914612, 0.09808468222618102, 0.08869437575340271, 0.09879697561264038, 0.11845725774765015, 0.16163771152496337, 0.15827268362045288, 0.11385793685913086, 0.09801566004753112, 0.09869676232337951, 0.08434064388275146, 0.08936911821365356, 0.07034153938293457, 0.07166035175323486, 0.08029688596725464, 0.0835778534412384, 0.11776838302612305, 0.11734105348587036, 0.0941885232925415, 0.06063383221626282, 0.08764222264289856, 0.12139112949371338, 0.11753208637237549, 0.09598174691200256, 0.16722021102905274, 0.07913168668746948, 0.14179229736328125, 0.09842843413352967, 0.1466688871383667, 0.10033707618713379, 0.1090472936630249, 0.09401121139526367, 0.11107165813446045, 0.10865249633789062, 0.1107854962348938, 0.14747558832168578, 0.1361091136932373, 0.1496821403503418, 0.16605265140533448, 0.46333789825439453, 0.3407188892364502, 0.13831923007965088, 0.0809520959854126, 0.22267651557922363, 0.14103403091430664, 0.1550661087036133, 0.11722991466522217, 0.11149904727935792, 0.13896100521087645, 0.13427789211273194, 0.10757296085357666, 0.16526288986206056, 0.18757623434066772, 0.2105884313583374, 0.1598469614982605, 0.09432638883590698, 0.14685899019241333, 0.13319578170776367, 0.10683674812316894, 0.10924351215362549, 0.09897429943084717, 0.10061533451080322, 0.11063008308410645, 0.11014463901519775, 0.13584091663360595, 0.1313161015510559, 0.16543104648590087, 0.15462833642959595, 0.11826871633529663, 0.09780333042144776]}