target,prediction
-1.265435814857483, -0.9921653866767883
-1.1054702997207642, -0.9227421283721924
-0.7982680797576904, -0.9373956918716431
-0.9823042154312134, -0.9708378911018372
-1.1380174160003662, -0.9087414145469666
-1.0070925951004028, -0.9991294741630554
-0.9974992871284485, -0.8887196183204651
-1.0545263290405273, -0.8494740724563599
-0.6024720072746277, -0.9417482614517212
