{"loss": [1.0987188551161025, 0.7942137188381619, 0.5807788636949327, 0.47710593541463214, 0.4382778803507487, 0.44253142674763996, 0.4454392327202691, 0.4847169982062446, 0.5349955558776855, 0.5600944095187717, 0.5650699933369955, 0.4880051083034939, 0.5032999250623915, 0.5333178308275011, 0.4590725368923611, 0.46282211939493817, 0.45593717363145614, 0.46589867273966473, 0.49671729405721027, 0.48904238806830513, 0.5358761681450738, 0.5190244250827365, 0.5488921801249186, 0.5116903516981337, 0.5247672928704156, 0.5324524243672689, 0.5096110237969292, 0.5463293923272027, 0.549265808529324, 0.5402938524881998, 0.4869358274671767, 0.5015473365783691, 0.4864368968539768, 0.5892062187194824, 0.5613411797417535, 0.5315098762512207, 0.49792083104451496, 0.48998286989000106, 0.5716107156541612, 0.5397768550448947, 0.5367833773295084, 0.5045160187615289, 0.5095317098829482, 0.4858966933356391, 0.5606510374281142, 0.5821758376227485, 0.6535516315036349, 0.6373308499654134, 0.5274285210503472, 0.5719618797302246, 0.5920967525906033, 0.590152793460422, 0.539607842763265], "mae": [0.9763935936821831, 0.8335150612725152, 0.6876553429497613, 0.5993624263339572, 0.5615994135538737, 0.5390547646416558, 0.5145810974968804, 0.5253283182779948, 0.5454387664794922, 0.5604944229125977, 0.5604734950595431, 0.5219914648267958, 0.5355957878960503, 0.5463667975531684, 0.5210346115960015, 0.5252250035603842, 0.5182756847805448, 0.5244846343994141, 0.5376187430487739, 0.5281249152289497, 0.5546900431315104, 0.5488064024183485, 0.5535469055175781, 0.5466112560696073, 0.5537497202555338, 0.5500619676378038, 0.5416883892483182, 0.5594823625352647, 0.5505192014906142, 0.5484751595391167, 0.5292288992140028, 0.5335661040412055, 0.5326340463426378, 0.5739035076565213, 0.5566847059461806, 0.553055551317003, 0.54308991962009, 0.5373870001898872, 0.5702583524915907, 0.5548322995503744, 0.5547222561306424, 0.5394051869710287, 0.5562667846679688, 0.541001107957628, 0.5572952164543999, 0.5605738957722982, 0.5957349141438802, 0.5942983627319336, 0.5645149019029405, 0.560876210530599, 0.5566717783610026, 0.5635277430216471, 0.5545010036892362]}