{"loss": [1.2055213451385498, 0.20033976435661316, 0.014394057914614677, 0.4875045418739319, 1.6840291023254395, 3.954052686691284, 5.814859390258789, 6.860537052154541, 9.076875686645508, 9.768845558166504, 10.762292861938477, 7.920241832733154, 8.31591510772705, 8.472188949584961, 5.435261249542236, 4.625566482543945, 5.428773880004883, 5.098943710327148, 6.179759979248047, 7.5245513916015625, 8.61337661743164, 7.322503566741943, 9.17190933227539, 6.1510515213012695, 6.590328216552734, 8.342903137207031, 6.799015522003174, 6.71395206451416, 8.042375564575195, 8.165996551513672, 5.642951488494873, 6.44221305847168, 5.759936332702637, 10.45920467376709, 10.02954387664795, 8.361932754516602, 6.698923110961914, 5.3745269775390625, 7.707093715667725, 7.4669880867004395, 8.482686042785645, 7.096192359924316, 6.262901306152344, 5.005516052246094, 10.493910789489746, 9.872166633605957, 11.699246406555176, 11.572541236877441, 7.431185722351074, 8.14079475402832, 11.377586364746094, 9.513145446777344, 6.0623698234558105], "mae": [1.0979623794555664, 0.4475933015346527, 0.11997523903846741, 0.6982152462005615, 1.2977014780044556, 1.9884799718856812, 2.4114019870758057, 2.6192626953125, 3.0127854347229004, 3.1255152225494385, 3.2805933952331543, 2.8142924308776855, 2.883732795715332, 2.9107024669647217, 2.331364631652832, 2.1507129669189453, 2.329972982406616, 2.2580840587615967, 2.485912322998047, 2.743091583251953, 2.9348554611206055, 2.706012487411499, 3.0285160541534424, 2.4801313877105713, 2.5671634674072266, 2.8884084224700928, 2.607492208480835, 2.5911295413970947, 2.8359081745147705, 2.8576207160949707, 2.3754897117614746, 2.538151502609253, 2.399986743927002, 3.234069347381592, 3.166945457458496, 2.8917007446289062, 2.5882277488708496, 2.318302631378174, 2.776165246963501, 2.732578992843628, 2.9125051498413086, 2.663867950439453, 2.5025789737701416, 2.2373011112213135, 3.2394306659698486, 3.142000436782837, 3.4204161167144775, 3.401843786239624, 2.726020097732544, 2.85320782661438, 3.373067855834961, 3.084338665008545, 2.4621880054473877]}