target,prediction
-0.6632925868034363, -0.9313021302223206
-0.754721999168396, -0.43692418932914734
-0.4354511499404907, -0.9955023527145386
-0.708680272102356, -0.4585418999195099
-0.5348881483078003, -0.9379035234451294
-0.8077073097229004, -0.7244831323623657
-0.5546615123748779, -0.9323177337646484
-0.7631279826164246, -0.9270220994949341
-0.7697271108627319, -0.7849836945533752
