{"loss": [0.3592469351632254, 0.11955597570964269, 0.033979139157703946, 0.021602075014795576, 0.015952356159687042, 0.010567125465188707, 0.009021381182329995, 0.009237702403749739, 0.006543731050831931, 0.006524338253906795, 0.005454640835523605, 0.004761437220232827, 0.005560186292443957, 0.004003196422542844, 0.0038136650941201617, 0.004393545644623893, 0.0034357037927423206, 0.003262926425252642, 0.0028173761176211493, 0.00286317483655044, 0.003236907667347363, 0.0027931718421833856, 0.0026112632559878485, 0.0018867910174386843, 0.002135304734110832, 0.0017221890656011446, 0.0014117884316614696, 0.0018470953883869307, 0.0015348069635885103, 0.0015543610123651369, 0.0010652467608451843, 0.0012433987909129687, 0.0014783162623643875, 0.002588869205542973, 0.0009114427625068597, 0.0007669595070183277, 0.0006797509267926216, 0.0008859079597251755, 0.000283428534333195, 0.0002858264571321862, 0.0014689648523926735, 0.00028338885333921226, 0.0003256599884480238, 0.00034651126978652816, 0.0006195761130324432, 0.00015219808223524263, 0.00023704728976424252, 0.00021949333937040398, 0.0006534113947834287, 0.00030755038772310527, 0.0010029287077486515, 0.00028789818419941833, 0.0004658486827143601, 0.00046072647507701604, 0.00027499100126858266, 0.0006154915983123439, 0.0002765171728762133, 0.0010989970261497156, 0.0021035069865839823, 0.0016193781048059464, 0.003793717228940555, 0.0013381701761058398, 0.0007747359839933259, 0.0016455002395170076, 0.0003029017908764737, 0.000280872785619327, 0.00029748122740004746, 0.0002574545464345387, 0.0003474460182977574, 0.00017874884153051035, 0.00030617951415479183, 0.00023150563772235597, 0.0005137025977351836, 0.00031707558913954666, 0.000319902685337833, 0.000498690309801272, 0.000317862889330302], "mae": [0.5191351005009243, 0.2946694237845285, 0.14331536633627756, 0.11452210800988334, 0.09334945678710938, 0.07048913836479187, 0.06378979768071856, 0.07044624430792672, 0.05150949954986572, 0.054855529751096456, 0.04755946568080357, 0.04189699036734445, 0.052872930254255025, 0.036879513944898336, 0.03596488918576922, 0.04458879998752049, 0.03521944156714848, 0.03388360355581556, 0.029151437538010732, 0.031449628727776666, 0.03912895917892456, 0.03456108484949384, 0.034014374017715454, 0.023542110409055437, 0.030917359249932424, 0.025321215391159058, 0.02317419009549277, 0.031933529036385674, 0.02900062075683049, 0.029917527522359575, 0.024014406970569065, 0.02676909097603389, 0.03127509355545044, 0.04212703875132969, 0.023918767060552324, 0.022856482437678745, 0.020805473838533674, 0.02399763890675136, 0.012907241071973528, 0.01333405077457428, 0.03226150572299957, 0.013076774775981903, 0.01492262418781008, 0.015334874391555786, 0.020284286567143033, 0.009720847010612488, 0.01247482214655195, 0.011643565126827784, 0.020583127226148332, 0.013551202203546251, 0.02614418523652213, 0.01317215817315238, 0.016692644783428738, 0.017453756715570177, 0.012516772108418601, 0.02100892790726253, 0.013696383152689253, 0.028742700815200806, 0.04171473639351981, 0.03570106412683215, 0.05133638211659023, 0.030179785830633982, 0.023859445537839617, 0.033963991062981744, 0.014221318066120148, 0.013695555073874337, 0.014016758118356978, 0.012173065117427282, 0.013646583471979414, 0.009503015450068883, 0.014343732169696264, 0.011627140854086195, 0.016999962074416026, 0.0134934059211186, 0.012361339160374232, 0.017967845712389265, 0.013606331178120204]}