{"loss": [0.3570880889892578, 0.1231826941172282, 0.03740390141805013, 0.021442219614982605, 0.014656491577625275, 0.00939930168290933, 0.008241863921284676, 0.008320038517316183, 0.005851977194348971, 0.0059095267206430435, 0.004593072769542535, 0.00410609816511472, 0.0054601312925418215, 0.0035778110225995383, 0.0035367452849944434, 0.004702738796671231, 0.0038193988924225173, 0.0038929671669999757, 0.003672038825849692, 0.003858604778846105, 0.005096126347780228, 0.005172974430024624, 0.005460279683272044, 0.005568941434224446, 0.006342612206935883, 0.0062522199004888535, 0.006406001125772794, 0.00810191904505094, 0.009244694684942564, 0.009992337475220362, 0.010465454310178757, 0.010107123603423437, 0.012813898424307505, 0.014261883993943533, 0.013300960262616476, 0.01347903162240982, 0.013831396897633871, 0.016029663383960724, 0.015278818706671396, 0.015307329595088959, 0.01890439788500468, 0.016824158529440563, 0.015567149966955185, 0.015071613093217215, 0.015105913082758585, 0.014036164929469427, 0.014097255965073904, 0.014050511022408804, 0.015848764528830845, 0.015538649012645086, 0.017536709705988567, 0.015386991202831268, 0.015828498949607212, 0.016401056200265884, 0.017285638799269993, 0.016931939870119095, 0.013820767402648926, 0.015083195020755133, 0.01997181897362073, 0.018306153515974682, 0.01882990449666977, 0.016366828233003616, 0.01703455423315366, 0.016237108657757442, 0.014835031082232794, 0.016078095883131027, 0.018145744999249775, 0.017654248823722202, 0.01959248011310895, 0.017841933916012447, 0.017501534273227055, 0.01792783538500468, 0.021462947130203247, 0.01809919128815333, 0.0194488987326622, 0.018868787835041683, 0.01719091087579727], "mae": [0.500470240910848, 0.2996505896250407, 0.16209038098653158, 0.11599630117416382, 0.08985904852549235, 0.06827652454376221, 0.06280294060707092, 0.06794032454490662, 0.051997328797976174, 0.054358204205830894, 0.04680416981379191, 0.044162715474764504, 0.05309524138768514, 0.0401041309038798, 0.04011322806278864, 0.04777100682258606, 0.03894446790218353, 0.03954004247983297, 0.03593526780605316, 0.03707500298817953, 0.043691461284955345, 0.03903151055177053, 0.04167936245600382, 0.038224413990974426, 0.041793256998062134, 0.0399139920870463, 0.03544024129708608, 0.04203697542349497, 0.044701069593429565, 0.048498560984929405, 0.04045433302720388, 0.04487768809000651, 0.05339037378629049, 0.06451983253161113, 0.05052804450194041, 0.04652416706085205, 0.04787032802899679, 0.051653265953063965, 0.041463752587636314, 0.04004931449890137, 0.059882541497548424, 0.04607614874839783, 0.04358766476313273, 0.041812638441721596, 0.04568527638912201, 0.039562257627646126, 0.040545632441838585, 0.040851896007855736, 0.051285937428474426, 0.04170709848403931, 0.05399054785569509, 0.039580966035525, 0.0491604208946228, 0.048393706480662026, 0.04049193859100342, 0.0419946014881134, 0.040280379354953766, 0.05367559691270193, 0.06724407772223155, 0.06305776536464691, 0.0757358968257904, 0.051974679032961525, 0.048856248458226524, 0.05369216203689575, 0.040206633508205414, 0.041356523831685386, 0.04452386995156606, 0.039798458417256675, 0.042491028706232704, 0.03934448460737864, 0.040286084016164146, 0.04354196786880493, 0.04475438098112742, 0.04011555761098862, 0.03922230998675028, 0.049242461721102394, 0.040729994575182595]}