target,prediction
0.17524059116840363, 0.2624625861644745
0.022685974836349487, -0.1347503960132599
0.15265347063541412, 0.33375921845436096
0.026689738035202026, 0.028463594615459442
0.24577265977859497, 0.23016135394573212
0.17817473411560059, 0.028463594615459442
-0.04387183487415314, -0.20604702830314636
0.031885042786598206, 0.1537250280380249
0.2021932750940323, 0.11716976016759872
