target,prediction
-1.1120537519454956, -1.0
-0.9276272654533386, -0.8085470199584961
-0.8044309616088867, -1.0
-0.7106324434280396, -1.0
-0.9120186567306519, -1.0
-0.8907331228256226, -1.0
-0.7837428450584412, -1.0
-0.7844099402427673, -1.0
-0.5543017983436584, 0.11623931676149368
