target,prediction
-0.38693711161613464, -0.04283304139971733
1.7800108194351196, -1.0
-0.3579186201095581, 0.5625163316726685
-0.19368639588356018, 0.33375921845436096
-0.05075796693563461, 0.6991934776306152
0.466057151556015, -0.07649680227041245
0.6481310129165649, 0.37948140501976013
0.11185262352228165, 0.4118645489215851
-0.38072144985198975, 0.04099501296877861
