target,prediction
-1.0636577606201172, -0.9572136998176575
-0.8525808453559875, -0.7349447011947632
-0.610410749912262, -0.6456629633903503
-0.7868561148643494, -0.7293646335601807
-0.3572671115398407, -0.5586131811141968
-1.478040337562561, -0.9012320041656494
-0.7089672684669495, -0.7561491131782532
-0.6291903853416443, 0.2365526407957077
-0.6480178236961365, -0.6774695515632629
