target,prediction
-1.013630747795105, -0.8874830007553101
-0.340539813041687, -1.0
-0.5394129753112793, -0.4490186274051666
-0.9087103605270386, -1.0
-0.6115012168884277, -0.32222360372543335
-1.0515732765197754, -1.0
-0.9830060601234436, -0.9991564750671387
-0.8103209733963013, -0.825042188167572
-0.7919192910194397, -0.6010986566543579
