target,prediction
-0.694008469581604, -0.04283304139971733
8.49915599822998, -1.0
-0.3210948407649994, 0.5625163316726685
-0.16868233680725098, 0.33375921845436096
-0.4196816086769104, 0.6991934776306152
1.43191397190094, -0.07649680227041245
1.9709632396697998, 0.37948140501976013
-0.050364263355731964, 0.4118645489215851
-0.5472652912139893, 0.04099501296877861
