target,prediction
-1.4342964887619019, -0.3742330074310303
-1.6268185377120972, 0.020833097398281097
-1.194963812828064, -0.5065705180168152
1.538872241973877, 0.210304394364357
-0.45610421895980835, -0.4882643222808838
0.5968008041381836, 0.30756133794784546
0.015255611389875412, 0.21211561560630798
-1.0224379301071167, -0.4152171015739441
-0.927962064743042, -0.4829823076725006
