{"loss": [0.024511452067124382, 0.02068980640890823, 0.017131220764603865, 0.01808683859536309, 0.015849076512424, 0.017344777483833985, 0.01569349815987901, 0.015373303741384176, 0.014979764670613805, 0.01472794604892898, 0.013409454247355238, 0.013579384529956016, 0.014310557615504151, 0.014032123310941365, 0.01289572490974317, 0.01379412828531346, 0.013750512140904876, 0.0133217873981061, 0.013181752586064556, 0.013473262585309245, 0.01261266368016001, 0.01375100388034105, 0.013308796328350423, 0.016224338886289862, 0.013675875243134274, 0.013777386272881848, 0.01404937879083075, 0.0132922567295937, 0.014351216461815183, 0.014826964074093157, 0.014728557864273987, 0.01459159242117824, 0.013863681969610119, 0.013790903389476224, 0.015550746201557582, 0.013625322141935379, 0.014545637655497616, 0.015461887741860783, 0.014577331977529182, 0.015860631245594014, 0.014879988451853851, 0.015082630842761069, 0.015424816306273655, 0.014888896940709197, 0.01466783947970729, 0.014847499341663817, 0.015165313970003584, 0.0159232090913775, 0.015481611067571713, 0.014672417230784048, 0.01627083456535028], "mae": [0.14706873527434797, 0.12413893908849678, 0.10278704555408266, 0.10852097439317432, 0.0950945391251499, 0.10406869692324627, 0.09416124969553324, 0.09223967835721446, 0.08987858802368283, 0.08836762597605018, 0.08045654937279847, 0.08147633005133778, 0.08586326792957918, 0.08419279018317188, 0.0773744089246234, 0.08276501672517893, 0.08250317348047666, 0.07993080443924248, 0.07909047434750431, 0.08083984082243499, 0.07567604612144477, 0.08250600955908528, 0.07985279398022371, 0.09734619341895095, 0.08205517369535993, 0.08266425359680638, 0.08429622471462096, 0.07975350378299952, 0.0861070975007963, 0.08896171125543356, 0.0883713128782414, 0.08754966431075752, 0.08318221303714964, 0.08274553012054542, 0.0933043331182549, 0.08175196029753429, 0.08727371386213745, 0.09277118693439444, 0.08746395069629206, 0.09516377603776324, 0.08928007480221371, 0.09049579191804692, 0.09254881092555553, 0.08933345712054074, 0.08800732506042494, 0.08908486110753297, 0.09099188610718167, 0.09553958389932923, 0.09288968012839129, 0.08803451482050513, 0.09762499824346099]}