{"loss": [0.02478816654991298, 0.020412025794410812, 0.01695370814497477, 0.01789018806819838, 0.0156454661848452, 0.016892258765504126, 0.01528272963990509, 0.014977988411849753, 0.014465288830055208, 0.014210973053058564, 0.01286566243480096, 0.01292803784458818, 0.013823451220292866, 0.01346565282604204, 0.012305212826528657, 0.013180596095330859, 0.013022943245803633, 0.01268288275388462, 0.012532626965404305, 0.01287145444439905, 0.012017652459517005, 0.01320692036218971, 0.012702435106397651, 0.015607910623839403, 0.012947972400612774, 0.013240481083300719, 0.013551804140444795, 0.012653123737915212, 0.013794333615003767, 0.014519063644333578, 0.014188997367642436, 0.014111622503023799, 0.013293477259574148, 0.0133145269146737, 0.015214618127948333, 0.01306481587679242, 0.014076959897320945, 0.01488396939750154, 0.014080901879283281, 0.015351893228017345, 0.014470144644349711, 0.01488115267960117, 0.014969020860309854, 0.014570128473075178, 0.014164244607775276, 0.014538798966612783, 0.014781101761961441, 0.015655531554982137, 0.015128802258116896, 0.014438457330344578, 0.015815909637526646], "mae": [0.14872979623445945, 0.12247252070599722, 0.10172218787992655, 0.10734101049534095, 0.0938729150229205, 0.10135421535017779, 0.09169658317216814, 0.0898679182731141, 0.08679233474756222, 0.08526548864279826, 0.0771937001541565, 0.07756817827559144, 0.08294097567741425, 0.08079395964919768, 0.07383169982263155, 0.07908367212286305, 0.0781373443602245, 0.07609705256361948, 0.07519595492717901, 0.07722875716135533, 0.07210572568834364, 0.07924155470109669, 0.07621453541748203, 0.09364770770272464, 0.07768772665481434, 0.07944313045949254, 0.08131101594442455, 0.07591894572723147, 0.08276625174870304, 0.08711428021613137, 0.08513403503078966, 0.08467002370377387, 0.07976073344561117, 0.07988711269610456, 0.09128702364756555, 0.0783892977942401, 0.08446188542976459, 0.08930389160591311, 0.0844846875286246, 0.09211214410510121, 0.08682140661040978, 0.08928696080354986, 0.08981387307018128, 0.08742025445711098, 0.08498538226076077, 0.08723293407649743, 0.08868685249845948, 0.09393335196968498, 0.09077224430942885, 0.08663071958609864, 0.09489512238058856]}