target,prediction
0.22358591854572296, -0.05526835843920708
0.08225215971469879, 0.27607858180999756
-0.11214880645275116, 0.1340722143650055
0.29286062717437744, 0.07051590830087662
-0.21834632754325867, -0.36626264452934265
0.056465279310941696, 0.09135323017835617
-0.24735350906848907, -0.3225890100002289
0.4375596344470978, -0.011566655710339546
0.3897314965724945, 0.09034882485866547
