{"loss": [0.07431915673342618, 0.03962695598602295, 0.035990980538454925, 0.02294822172685103, 0.014509744264862755, 0.012614561752839521, 0.011738328771157698, 0.010256808589805256, 0.00966845452785492, 0.008415961130098864, 0.0080072514035485, 0.007613677870143543, 0.006972876462069425, 0.006544017656282945, 0.005835539915344932, 0.005290268497033553, 0.005007898942990737, 0.004246473651040684, 0.0039226185869086876, 0.0031526884572072463, 0.002658725292845206, 0.001977868208831007, 0.001360901885411956, 0.0008793936365030029, 0.00054826337674802, 0.00034459612586281514, 0.00035029865632003003, 0.00028864122842523187, 0.0003271155186336149, 0.00023533780635757879, 0.0008273098448460752, 0.0002754222262989391, 0.00026402497579428285, 0.00018442301502959296, 0.0002935382706875151, 0.0006572438234632665, 0.0004949683154171163, 0.0002935733857818625, 0.0007510943846269088, 0.000827753408388658, 0.0004550317641008984, 0.0002516860311681574, 0.0003436471504921263, 0.00033017142083157194, 0.00045818060805851763, 0.0009839260442690415, 0.0007736183364282955, 0.003006767142902721, 0.0007075955667956309, 0.0005270347676493905, 0.0030366371978412976, 0.0005915073931894519, 0.003049633042378859, 0.0029599622569300914, 0.001772384751926769, 0.0009951720183545892, 0.020293685522946445, 0.020897273312915455, 0.05619148774580522], "mae": [0.20135248791087756, 0.15335137193853204, 0.15012618628415195, 0.10818989710374312, 0.0726549896326932, 0.0657787485556169, 0.05974944613196633, 0.049308619715950706, 0.045861883596940475, 0.03998369791290977, 0.038746955719861115, 0.038675923239101066, 0.03447572209618308, 0.03385393727909435, 0.02936955744569952, 0.02819074554876848, 0.030476412989876488, 0.02417962117628618, 0.02382672374898737, 0.02046837860887701, 0.022520091045986523, 0.01815935969352722, 0.015639578754251652, 0.013670909133824434, 0.016045600175857544, 0.012512375007976185, 0.0143250511451201, 0.013218004595149647, 0.014323573220859875, 0.011913535269823942, 0.02450390566479076, 0.011682518503882668, 0.011273518204689026, 0.009623331102457914, 0.013809380206194792, 0.021309981291944332, 0.018972728740085255, 0.010933555662631989, 0.023336616429415615, 0.024141376668756657, 0.015471596609462391, 0.011909747665578669, 0.014495985074476763, 0.01406213641166687, 0.015984804792837662, 0.026220692829652267, 0.022640496492385864, 0.05080240423029119, 0.018876744942231613, 0.017491488294167953, 0.04790260575034402, 0.01782522147352045, 0.04997712915593928, 0.04962102933363481, 0.03547055071050471, 0.023108447139913387, 0.04407086968421936, 0.07602508501573042, 0.216469482942061]}