{"loss": [0.11054854840040207, 0.04683477804064751, 0.03274420648813248, 0.02055109292268753, 0.022833017632365227, 0.023072637617588043, 0.020434288308024406, 0.014442624524235725, 0.011941619217395782, 0.014380844309926033, 0.01571108028292656, 0.01692293770611286, 0.01387433148920536, 0.01394167635589838, 0.014996211975812912, 0.016992619261145592, 0.01935926266014576, 0.01796417310833931, 0.01581939496099949, 0.017603611573576927, 0.021444514393806458, 0.021080419421195984, 0.020434554666280746, 0.021056633442640305, 0.020084887742996216, 0.02321673184633255, 0.024790968745946884, 0.02142949588596821, 0.025240454822778702, 0.021466396749019623, 0.028860868886113167, 0.021400023251771927, 0.023107875138521194, 0.022238684818148613, 0.024057231843471527, 0.01740328222513199, 0.02415277436375618, 0.021080173552036285, 0.02677193284034729, 0.018275408074259758, 0.02450358122587204, 0.020042188465595245, 0.018927717581391335, 0.02205660566687584, 0.022709479555487633, 0.027104612439870834, 0.01641186699271202, 0.030249550938606262, 0.019109826534986496, 0.017620742321014404, 0.01360517181456089, 0.01712810806930065, 0.0264790877699852, 0.024742309004068375, 0.019636306911706924, 0.01588641107082367, 0.02419402077794075, 0.013870105147361755, 0.03356657177209854], "mae": [0.23400869965553284, 0.15954208374023438, 0.13620972633361816, 0.09966279566287994, 0.10428668558597565, 0.109178826212883, 0.10272216796875, 0.08176782727241516, 0.07552029192447662, 0.0803116112947464, 0.08447643369436264, 0.08810943365097046, 0.07728724181652069, 0.07710293680429459, 0.08154843002557755, 0.08840234577655792, 0.09497442841529846, 0.09006296843290329, 0.08237858861684799, 0.08750168979167938, 0.09976240992546082, 0.09627941995859146, 0.09351811558008194, 0.09608298540115356, 0.09268508851528168, 0.10333248972892761, 0.10895799100399017, 0.09701654314994812, 0.10980667918920517, 0.09605558961629868, 0.12475143373012543, 0.09836094081401825, 0.101737841963768, 0.09872892498970032, 0.10693332552909851, 0.08583079278469086, 0.113716721534729, 0.09756039083003998, 0.11681702733039856, 0.09073995798826218, 0.10559415817260742, 0.09514997154474258, 0.09197552502155304, 0.10113358497619629, 0.09908479452133179, 0.1168433427810669, 0.08496038615703583, 0.13370904326438904, 0.09206663072109222, 0.08704996109008789, 0.08443065732717514, 0.0912884920835495, 0.12565268576145172, 0.12353049963712692, 0.11254394799470901, 0.08845898509025574, 0.09127870202064514, 0.07911725342273712, 0.1627088487148285]}