target,prediction
-1.0213967561721802, -0.05299145355820656
-0.9218268394470215, -0.5948718190193176
-1.6876416206359863, -0.6820513010025024
-0.2845098674297333, -0.9572649598121643
-0.5758740901947021, -1.0
-0.3414711058139801, -1.0
-0.9997025728225708, -1.0
-1.3323640823364258, -0.5128205418586731
-1.1125521659851074, -0.8803418874740601
