target,prediction
-0.6803123950958252, -0.9313021302223206
-0.21453644335269928, -0.43692418932914734
-2.110503911972046, -0.9955023527145386
0.28199124336242676, -0.4585418999195099
-0.3108779788017273, -0.9379035234451294
-0.5005047917366028, -0.7244831323623657
-1.051738977432251, -0.9323177337646484
-1.6657086610794067, -0.9270220994949341
0.047148197889328, -0.7849836945533752
