target,prediction
-0.6000747680664062, -0.9921730756759644
-0.8500568866729736, -0.8899502754211426
-0.5157172083854675, -0.5835279822349548
-0.6551104784011841, -0.9991704225540161
-0.8807617425918579, -0.89494389295578
-1.2849184274673462, -0.969939112663269
-0.4966839849948883, -0.9870376586914062
-0.5294651389122009, -0.9881988763809204
-0.7481437921524048, -0.9948689341545105
