target,prediction
-0.9568968415260315, -0.951178789138794
-0.6485981345176697, -0.9368153810501099
-0.7613564133644104, -0.8494740724563599
-0.6632615923881531, -0.9773666858673096
-0.8912285566329956, -0.9245556592941284
-0.4832841753959656, -0.9505259394645691
-4.903972148895264e-05, -0.9788901209831238
-1.0203818082809448, -0.9301414489746094
-1.0923292636871338, -0.8605731129646301
