{"loss": [0.1785011927286784, 0.06761006249321831, 0.03741565280490451, 0.02677177323235406, 0.020426637596554227, 0.015927512115902372, 0.013302063941955567, 0.01139224237865872, 0.009388905101352268, 0.00818446609708998, 0.007868276039759318, 0.006273545821507772, 0.006668675608105129, 0.007330261336432563, 0.0043850504689746436, 0.0033263600534862944, 0.00336028966638777, 0.002660240067376031, 0.0026965782046318052, 0.0029093739059236315, 0.003566516439119975, 0.00255615943007999, 0.0032967795928319295, 0.0038584689299265545, 0.0035290198193656075, 0.0021195663346184625, 0.002441417508655124, 0.0016520503494474622, 0.0019214330448044672, 0.0016212551130188836, 0.00206948502196206, 0.005120911863115099, 0.002137469748655955, 0.002731679876645406, 0.0021784987714555527, 0.001705133252673679, 0.0013110814823044672, 0.0027031169997321237, 0.003725035654173957, 0.002945081392923991, 0.0024552307195133635, 0.0028668052620357937, 0.003647600279914008, 0.005518334772851732, 0.006410981549157036, 0.005871611171298557, 0.0030617025163438586, 0.005161580443382263, 0.0026709962222311234, 0.002244537737634447, 0.002703902290927039, 0.0024202065335379706, 0.0032424615489112006, 0.0032187875774171617, 0.005154055025842454, 0.0025249219603008695, 0.003283447027206421, 0.0048074788517422145, 0.005026942160394457, 0.004310966531435648, 0.01747211217880249, 0.006079171101252238, 0.02604223887125651, 0.006436824136310153, 0.020687437057495116, 0.00561007923550076, 0.007158503267500136, 0.006917066706551446, 0.020780442820654974, 0.008064319027794732, 0.00612513091829088, 0.03352701134151882, 0.009662784470452202, 0.00582483344607883, 0.007435424460305108, 0.004499354627397326, 0.011281994978586833, 0.009819851318995158, 0.012001515759362116, 0.0027133108841048345, 0.010660939746432833, 0.006055210696326362, 0.003912718759642707, 0.015382667382558187, 0.0069347070323096385, 0.004227515723970201, 0.004736719528834025, 0.004487755232387119, 0.01564452780617608, 0.011314039760165744, 0.004100967446962992, 0.051328818003336586, 0.007844119601779513, 0.002994744645224677, 0.004413934879832797, 0.00838997827635871, 0.007208806276321411, 0.010269160403145685, 0.003451866904894511, 0.0031843307945463393, 0.0025971609685156083, 0.002887402640448676, 0.003719257977273729, 0.006976914405822754], "mae": [0.3642350090874566, 0.19843175676133898, 0.14934060838487412, 0.1256267547607422, 0.1090410868326823, 0.09682541953192816, 0.08853592872619628, 0.08239385816786024, 0.07388110690646701, 0.0682307932111952, 0.06939614613850911, 0.05999735726250543, 0.06442650689019097, 0.07055362595452203, 0.05095074971516927, 0.04200234678056505, 0.04280820422702365, 0.03799842463599311, 0.03826906681060791, 0.04221920437282986, 0.047486310535007056, 0.03949463367462158, 0.04434887833065457, 0.04965202543470595, 0.04667833116319445, 0.035050437185499404, 0.03996080027686225, 0.03248330222235785, 0.03186835183037652, 0.029334775606791177, 0.03592237631479899, 0.061676947275797527, 0.03532695240444607, 0.04137928220960829, 0.03609411716461182, 0.030492316351996528, 0.02689486344655355, 0.04097272555033366, 0.047578652699788414, 0.04245435661739773, 0.038310053613450794, 0.04048174222310384, 0.050028514862060544, 0.05917911529541016, 0.06565096113416884, 0.062307220035129125, 0.044109193483988444, 0.055247725380791556, 0.038775711589389375, 0.03668310112423367, 0.03986823558807373, 0.03620167308383518, 0.04484699037339952, 0.04720710118611653, 0.059016153547498916, 0.03773948351542155, 0.044032451841566296, 0.05257568889194065, 0.056406566831800675, 0.05055825975206163, 0.11499128341674805, 0.05755712721082899, 0.1429668532477485, 0.06073088116115994, 0.12600728140936956, 0.057898166444566516, 0.06719054116143121, 0.06874296930101183, 0.12286195755004883, 0.06713971032036675, 0.06295041508144802, 0.15947725507948135, 0.0820012092590332, 0.056281958685980904, 0.06910370720757378, 0.05242652363247342, 0.09058171378241645, 0.07738522953457302, 0.09195711347791884, 0.042083332273695206, 0.09164019690619575, 0.060139444139268666, 0.04764177004496257, 0.10694799423217774, 0.06335749626159667, 0.05340608490837945, 0.05401618215772841, 0.051278575261433916, 0.09920785692003038, 0.08646544880337186, 0.049101172553168405, 0.20259598626030817, 0.07078600459628635, 0.04313291178809272, 0.04962224430508084, 0.07677204873826769, 0.07015644709269206, 0.08062965604994032, 0.04542765087551541, 0.045409472783406575, 0.03876251114739312, 0.04270276758405897, 0.04838940832349989, 0.06908731990390354]}