{"loss": [0.13956108093261718, 0.06750192046165467, 0.042557594180107114, 0.03352968990802765, 0.03091522753238678, 0.026636865735054017, 0.02499106228351593, 0.02340255379676819, 0.0215163454413414, 0.021914726495742796, 0.020726388692855834, 0.022093018889427184, 0.02015689164400101, 0.02071998417377472, 0.018739207088947295, 0.01821217089891434, 0.018482297658920288, 0.017489571869373322, 0.01700102388858795, 0.018434298038482667, 0.018154630064964296, 0.01854252368211746, 0.017412588000297546, 0.018625220656394957, 0.01773144006729126, 0.0174681156873703, 0.017051787674427034, 0.01747714579105377, 0.016838769614696502, 0.018009749054908753, 0.017238643765449525, 0.019377076625823976, 0.016018643975257874, 0.017024850845336913, 0.015907807648181914, 0.017016054689884187, 0.015921342372894286, 0.019352321326732636, 0.019053474068641663, 0.018006503582000732, 0.015311788022518157, 0.01931644231081009, 0.019022713601589202, 0.023201686143875123, 0.020532798767089844, 0.0180873841047287, 0.019562822580337525, 0.019462060928344727, 0.018929626047611236, 0.016374583542346954, 0.017007730901241302, 0.015314701199531554, 0.01969330608844757, 0.01637285202741623, 0.02062314748764038, 0.015168583393096924, 0.016390490531921386, 0.018013772368431092, 0.018758586049079894, 0.016785214841365814, 0.033947688341140744, 0.017093653976917266, 0.04266423881053925, 0.02083599418401718, 0.03332690894603729, 0.02321604937314987, 0.023153743147850035, 0.020490795373916626, 0.03307192027568817, 0.023839157819747925, 0.018559400737285615, 0.043467527627944945, 0.022683660686016082, 0.020308473706245424, 0.017530085146427156, 0.0218095064163208, 0.027293667197227478, 0.02318078726530075, 0.027326756715774538, 0.018603098392486573, 0.025914597511291503, 0.019172129034996033, 0.01890531778335571, 0.03351522386074066, 0.020990544557571413, 0.019597658514976503, 0.020486390590667723, 0.019577012956142427, 0.031516152620315555, 0.025979089736938476, 0.01650042235851288, 0.0663994312286377, 0.020444197952747344, 0.016110330820083618, 0.015543824434280396, 0.0199544295668602, 0.019558843970298768, 0.02454787790775299, 0.019011673331260682, 0.017976422607898713, 0.019510537385940552, 0.01732374131679535, 0.020114035904407503, 0.02559618353843689], "mae": [0.3079638957977295, 0.20963647365570068, 0.16752612590789795, 0.15163475275039673, 0.14089632034301758, 0.1290283679962158, 0.1261835813522339, 0.120582914352417, 0.11334999799728393, 0.11320120096206665, 0.11204444169998169, 0.11210848093032837, 0.11185777187347412, 0.11532928943634033, 0.10671684741973878, 0.10103964805603027, 0.10272072553634644, 0.09866223335266114, 0.10091179609298706, 0.10614939928054809, 0.10735929012298584, 0.10673904418945312, 0.10432864427566528, 0.10701119899749756, 0.0972012996673584, 0.0979841709136963, 0.10325886011123657, 0.10198698043823243, 0.09450637698173522, 0.10258710384368896, 0.10266599655151368, 0.11940933465957641, 0.09805817604064941, 0.1047404646873474, 0.09796847105026245, 0.10241565704345704, 0.09518883228302003, 0.09859765768051147, 0.09940353631973267, 0.09621583223342896, 0.09818271994590759, 0.10205832719802857, 0.11170271635055543, 0.10549073219299317, 0.11984182596206665, 0.10145391225814819, 0.10749491453170776, 0.1117206335067749, 0.10225788354873658, 0.09401912689208984, 0.10616692304611205, 0.0936974585056305, 0.11554466485977173, 0.09191323518753051, 0.11792112588882446, 0.09252967238426209, 0.09737796783447265, 0.10191924571990967, 0.10308264493942261, 0.09952938556671143, 0.15601669549942015, 0.09823113679885864, 0.17244186401367187, 0.11785231828689575, 0.14101755619049072, 0.11431070566177368, 0.12148202657699585, 0.1132050633430481, 0.150579833984375, 0.12103888988494874, 0.11192885637283326, 0.1760328769683838, 0.1247403860092163, 0.10561225414276124, 0.10236649513244629, 0.11400830745697021, 0.1414128541946411, 0.12259078025817871, 0.12124520540237427, 0.11412750482559204, 0.135043728351593, 0.1020224928855896, 0.10039654970169068, 0.13896994590759276, 0.11707905530929566, 0.11927067041397095, 0.11716033220291137, 0.10645670890808105, 0.1459353446960449, 0.12913166284561156, 0.10078561305999756, 0.2100130558013916, 0.1029808759689331, 0.09665102958679199, 0.09305970072746277, 0.10924546718597412, 0.11168426275253296, 0.1195728063583374, 0.11001241207122803, 0.10024945735931397, 0.11397147178649902, 0.10508445501327515, 0.10792789459228516, 0.12956956624984742]}