{"loss": [0.31869157155354816, 0.3156839476691352, 0.2998014556037055, 0.2863009770711263, 0.28532841470506454, 0.2913011444939507, 0.29469100634257, 0.3029134538438585, 0.30359893374972874, 0.30839580959743923, 0.2987389299604628, 0.29848241806030273, 0.2923005951775445, 0.2974117596944173, 0.29236043824089897, 0.3082744280497233, 0.2981581687927246, 0.300021489461263, 0.3070896731482612, 0.3164234691196018, 0.3022518687778049, 0.30566814210679794, 0.3291933801439073, 0.3052125506930881, 0.3259410858154297, 0.3879839844173855, 0.3409101433224148, 0.34430472056070965, 0.3824150562286377, 0.340656836827596, 0.3470817936791314, 0.3877849578857422, 0.35448718070983887, 0.4627520773145888, 0.4948187934027778, 0.4049289756351047, 0.3453228208753798, 0.3773486614227295, 0.4551266034444173, 0.42683641115824383, 0.43230337566799587, 0.4506651560465495, 0.38683578703138566, 0.40476785765753853, 0.4040607081519233, 0.5064063602023654, 0.5840504434373643, 0.5045652389526367, 0.40659793217976886, 0.48003360960218644, 0.4732693566216363, 0.5377351442972819], "mae": [0.4819891717698839, 0.47964223225911456, 0.4650228288438585, 0.44351818826463485, 0.434011803732978, 0.41776079601711696, 0.42325517866346574, 0.4183624055650499, 0.43352500597635907, 0.449727111392551, 0.4305905236138238, 0.4191541141933865, 0.41774071587456596, 0.4289104673597548, 0.4155861536661784, 0.45171308517456055, 0.41637245814005536, 0.43047502305772567, 0.4341891076829698, 0.434318913353814, 0.4373040199279785, 0.4294217692481147, 0.4624606238471137, 0.4252733654446072, 0.45449696646796334, 0.49396159913804794, 0.44861141840616864, 0.4559593200683594, 0.4854842291937934, 0.45686960220336914, 0.4450540542602539, 0.48027367062038845, 0.4620010058085124, 0.5306286811828613, 0.5476560062832303, 0.4925558302137587, 0.4406021171145969, 0.4480586051940918, 0.49701182047526044, 0.46662108103434247, 0.4966070916917589, 0.5015363693237305, 0.4666224585639106, 0.4565654860602485, 0.46846654680040145, 0.5230535401238335, 0.5709571838378906, 0.5370320743984647, 0.4707169002956814, 0.4944721327887641, 0.48822614881727433, 0.5201973915100098]}