{"loss": [0.42521989345550537, 0.00027098756982013583, 2.1861395835876465, 11.96125316619873, 18.25179100036621, 30.611820220947266, 30.00811004638672, 35.36476135253906, 38.27546691894531, 44.52006912231445, 31.6602840423584, 32.88154602050781, 38.075897216796875, 41.76239776611328, 43.68501663208008, 57.25346755981445, 30.98613166809082, 35.48935317993164, 28.118749618530273, 33.64217758178711, 41.04560470581055, 45.0001335144043, 58.49394989013672, 44.58797836303711, 58.29460525512695, 56.78465270996094, 42.951995849609375, 43.17973327636719, 62.99867630004883, 68.40506744384766, 62.49932861328125, 68.7549057006836, 63.437801361083984, 77.05664825439453, 76.28736114501953, 60.772457122802734, 56.125244140625, 51.70494842529297, 59.629188537597656, 58.35087585449219, 75.31282043457031, 70.65514373779297, 80.74744415283203, 70.49078369140625, 100.89512634277344, 93.71658325195312, 102.19722747802734, 83.59877014160156, 75.59554290771484, 71.87088012695312, 92.93299102783203, 90.8813247680664], "mae": [0.6520888805389404, 0.016461700201034546, 1.478559970855713, 3.4585044384002686, 4.27221155166626, 5.532794952392578, 5.477965831756592, 5.9468278884887695, 6.1867170333862305, 6.672336101531982, 5.626747131347656, 5.734243392944336, 6.170567035675049, 6.462383270263672, 6.609464168548584, 7.5666022300720215, 5.566518783569336, 5.95729398727417, 5.302711486816406, 5.800187587738037, 6.406684398651123, 6.708213806152344, 7.648133754730225, 6.677423000335693, 7.635090351104736, 7.535559177398682, 6.55377721786499, 6.571128845214844, 7.937170505523682, 8.270735740661621, 7.905651569366455, 8.291857719421387, 7.964785099029541, 8.778191566467285, 8.73426342010498, 7.795669078826904, 7.491678237915039, 7.190615177154541, 7.721993923187256, 7.638774394989014, 8.678296089172363, 8.405661582946777, 8.985958099365234, 8.395878791809082, 10.044656753540039, 9.680732727050781, 10.109264373779297, 9.14323616027832, 8.69456958770752, 8.477669715881348, 9.640175819396973, 9.533169746398926]}