target,prediction
-1.2546391487121582, -0.9921653866767883
-1.1667948961257935, -0.9227421283721924
-0.5158345699310303, -0.9373956918716431
-1.18455171585083, -0.9708378911018372
-0.8622705936431885, -0.9087414145469666
-0.8860599398612976, -0.9991294741630554
-0.7970468997955322, -0.8887196183204651
-0.7275305986404419, -0.8494740724563599
-0.8163695335388184, -0.9417482614517212
