target,prediction
-0.9350658655166626, -1.0
-0.6309351921081543, -1.0
-0.9591329097747803, -1.0
-0.8607063889503479, -0.6700854897499084
-0.8869806528091431, -0.6376068592071533
-0.9155597686767578, -1.0
-1.0126917362213135, -0.5811966061592102
-0.427062451839447, -0.3504273593425751
-0.8093645572662354, -0.5897436141967773
