target,prediction
0.07186675071716309, -0.15516602993011475
-1.8204203844070435, -1.0
-0.4286789298057556, -1.0
-0.9220533967018127, -1.0
-0.2297697812318802, -0.3523639142513275
-0.9345852732658386, -1.0
-0.2479647397994995, -0.19174587726593018
-0.6482491493225098, -0.8415627479553223
0.7419314384460449, -0.7701518535614014
