target,prediction
-1.0229034423828125, -0.9528473019599915
-1.1427249908447266, -0.9778019785881042
-1.211215615272522, -0.9350743293762207
-1.0344016551971436, -0.8988755941390991
-1.1713502407073975, -0.9978962540626526
-0.9891551733016968, -0.9313746690750122
-1.14990234375, -0.9833151698112488
-1.345839262008667, -0.9360173940658569
-1.2507373094558716, -0.9751904010772705
