target,prediction
-0.28387609124183655, -1.0
-0.8199270367622375, -1.0
-0.2781479060649872, -0.3272024095058441
-0.7374569177627563, -0.8312348127365112
-0.17868384718894958, -0.2734847664833069
-0.5193791389465332, -1.0
-0.4596191942691803, -0.9985392689704895
-1.3860363960266113, -0.4627823829650879
-0.8271169066429138, -1.0
