{"loss": [0.01632295322768434, 0.017579497296100952, 0.013175944342817278, 0.012125469974820013, 0.011944282289871093, 0.011841456143026775, 0.011788785131512075, 0.011774964966195407, 0.010928121042298044, 0.011493516184530863, 0.010729813963489751, 0.010386010334158126, 0.011039349072020442, 0.010484920862794397, 0.011396151776168333, 0.010183477726938985, 0.011515263646990697, 0.01152232296685001, 0.010297347426655714, 0.010138357774719773, 0.011431953837862082, 0.01039455287738655, 0.010258035717683781, 0.010574309943650228, 0.01107602368531838, 0.01122504246250082, 0.010583763920205703, 0.011200532110557736, 0.010739484076681126, 0.010836448232014212, 0.010761533444283168, 0.011453014008691356, 0.010719785909732046, 0.011902514170878457, 0.01061357133509846, 0.011383711912013204, 0.010792017858585728, 0.01201865730780243, 0.011309837782158716, 0.012147342087509018, 0.011441105909275346, 0.011784607633464762, 0.011558733413148514, 0.01112128772862819, 0.011396677823007031, 0.013114567256122124, 0.011665606689910558, 0.012325555320659124, 0.011899389910088624, 0.01303230839709082], "mae": [0.09793775367350858, 0.10547700207388706, 0.07905554483741475, 0.07275268948079049, 0.07166584011747733, 0.07104867739199627, 0.07073280227547918, 0.07064974634112925, 0.06556877885847213, 0.06896111769162669, 0.06437893409846221, 0.06231608487655044, 0.06623625453333443, 0.0629096029402121, 0.06837688092392781, 0.06110104933444737, 0.06909170538859327, 0.06913393093961956, 0.06178412801597748, 0.060830153509799145, 0.06859157664892172, 0.062367266946795605, 0.06154823031622386, 0.0634458871078234, 0.0664562839158407, 0.06735025248784475, 0.06350239368694024, 0.06720300511621262, 0.06443694562896977, 0.06501864364888191, 0.0645691068921321, 0.06871812522103116, 0.06431866742802875, 0.07141497524158266, 0.06368145545651278, 0.06830235609700545, 0.06475206140831101, 0.07211186837052902, 0.06785901296999129, 0.07288394960284653, 0.06864657370232753, 0.07070767095955043, 0.06935244622209445, 0.06672762802388191, 0.06838006922520236, 0.07868755906362418, 0.06999370646710822, 0.073953457717764, 0.07139621137956231, 0.07819394415611182]}