{"loss": [0.01593901779520033, 0.017175554920465238, 0.012604140698513186, 0.011600244548444279, 0.01135846829942272, 0.011122468812518736, 0.011048378255202912, 0.010983201374995836, 0.010249048402708096, 0.010643204922494983, 0.01005090231092929, 0.009503830842060367, 0.010146642257578234, 0.009637855179283698, 0.010537475843111672, 0.009391034047209257, 0.010446577479775416, 0.010682466168320996, 0.009313744568481502, 0.009234593880632282, 0.01046445362593056, 0.00943903209937005, 0.009488264180953814, 0.009715154822998463, 0.010202844470754502, 0.010323966389966504, 0.009803272045888883, 0.01030408469187436, 0.009795139039782474, 0.009958962036424547, 0.009884790159212646, 0.010455408820489388, 0.009963094103643964, 0.011131447545544347, 0.009766001104519357, 0.010708818897143473, 0.010056508301265104, 0.011328597468596208, 0.010462598515801301, 0.01135516467864459, 0.010827607951836763, 0.01115929452745724, 0.011020157201768063, 0.010564169098998972, 0.010765489716220886, 0.012735287327914088, 0.011163806765190817, 0.011917401291633184, 0.011469855210575594, 0.0123742585007916], "mae": [0.09563417386011624, 0.10305358161446927, 0.0756248279270999, 0.06960169905236949, 0.06815116353808426, 0.06673513205570451, 0.06629028782819409, 0.06589874879256219, 0.061493881783770785, 0.06385882293548951, 0.060305086552994026, 0.0570232961009647, 0.06087994503035249, 0.057827045689811306, 0.06322481643171939, 0.056346137194341284, 0.06267969664035632, 0.0640949311877545, 0.0558820364154398, 0.05540771372560143, 0.06278683560343787, 0.05663372500681786, 0.05692931063107362, 0.05829091877300377, 0.061216755775924524, 0.06194382476876525, 0.05882004700680329, 0.061824748044939586, 0.058770970449520774, 0.05975381084549792, 0.05930856815049672, 0.06273254237482201, 0.05977850769793653, 0.06678872593321411, 0.058596140804944664, 0.0642526633241804, 0.06033914739146591, 0.06797104403426833, 0.06277566224971688, 0.06813113444768047, 0.0649653630913843, 0.06695620832517966, 0.06612095134259799, 0.06338526465267427, 0.06459299522125257, 0.07641132143399895, 0.06698273487528, 0.07150453582863543, 0.0688190682405341, 0.07424558556570543]}