{"loss": [0.13018265637484464, 0.12061614340001886, 0.11090922355651855, 0.09966715899380771, 0.09243214130401611, 0.078913076357408, 0.07702776518735019, 0.07072598283941095, 0.06338619102131236, 0.05432791059667414, 0.04802242734215476, 0.04340339248830622, 0.04017430543899536, 0.03400764411145991, 0.029066708954897793, 0.026394578543576328, 0.024619476361708206, 0.022940884936939587, 0.02117793939330361, 0.016838537021116776, 0.01693544333631342, 0.015166037461974403, 0.013685044917193327, 0.012266241691329262, 0.01022065363147042, 0.010641451586376537, 0.008980394764380022, 0.007286589254032482, 0.0069494464180686255, 0.006044898520816456, 0.006347477436065674, 0.004741656847975471, 0.004470546475865624, 0.00358506901697679, 0.00460208071903749, 0.0033164400268684735, 0.004380317574197596, 0.003467564894394441, 0.0026645692573352294, 0.002769019624049013, 0.002218334512277083, 0.002455528656190092, 0.0026123215529051695, 0.0024200640618801117, 0.0033392045985568652, 0.0035469650544903493, 0.004139946942979639, 0.0018021504987369883, 0.0016924483193592591, 0.0020457944748076525, 0.00140028294514526, 0.004650313745845448, 0.0012781581926074896, 0.004916563291441311, 0.003291116180745038, 0.0029035928574475374, 0.006091791797767986, 0.0029573667455803265, 0.0036789998412132263, 0.0036113963208415293, 0.0014367222108624198, 0.004666081883690574, 0.0029639859091151843], "mae": [0.2776363762942227, 0.27035362070257013, 0.2596223571083762, 0.24535168300975452, 0.23558449745178223, 0.2198336341164329, 0.21416486393321643, 0.20339913801713425, 0.18990562178871848, 0.17150826887650925, 0.1619658036665483, 0.1533435799858787, 0.1478869156403975, 0.1310980428348888, 0.12016625837846236, 0.11420213092457164, 0.10917180234735663, 0.1053159236907959, 0.10203021222894842, 0.08939914269880815, 0.09108751470392401, 0.08499561114744707, 0.08124044808474454, 0.07958238233219493, 0.0689267787066373, 0.0708163163878701, 0.0640511079268022, 0.056350225752050224, 0.055236643010919746, 0.05385222760113803, 0.05578298460353504, 0.04319947957992554, 0.04447414929216558, 0.03937054222280329, 0.04654772173274647, 0.039822112430225716, 0.0464282902804288, 0.041346997022628784, 0.035438342527909714, 0.036163796078075065, 0.033477929505434906, 0.03408973596312783, 0.03897394104437395, 0.03394937244328586, 0.04393810846588828, 0.049547585574063385, 0.0551963285966353, 0.030458033084869385, 0.02911305698481473, 0.033128388903357765, 0.02679279175671664, 0.05429653146050193, 0.024644927545027298, 0.05722386186773127, 0.04393735798922452, 0.03820994767275723, 0.052459131587635384, 0.03963397849689831, 0.05074411088770086, 0.04972814429890026, 0.029069854454560715, 0.05887117710980502, 0.04733018983494152]}