{"loss": [0.061679497361183167, 0.06329900026321411, 0.06686520576477051, 0.06518755853176117, 0.06123320013284683, 0.05934643745422363, 0.05788080394268036, 0.057522524148225784, 0.05832017958164215, 0.05993570387363434, 0.053352534770965576, 0.04945097118616104, 0.043322283774614334, 0.046360474079847336, 0.05126255750656128, 0.05326659232378006, 0.05123860388994217, 0.04999851807951927, 0.04784337431192398, 0.05607721954584122, 0.052908286452293396, 0.05089939385652542, 0.05297929793596268, 0.05506199225783348, 0.05236805975437164, 0.05036004260182381, 0.0548563078045845, 0.06312040984630585, 0.06117473170161247, 0.060477133840322495, 0.059082940220832825, 0.05566473677754402, 0.06621726602315903, 0.06186877191066742, 0.055818092077970505, 0.06983116269111633, 0.0631314218044281, 0.06365929543972015, 0.05547197535634041, 0.054478149861097336, 0.06029162555932999, 0.06631381064653397, 0.06312628835439682, 0.059994108974933624, 0.05777028203010559, 0.056752268224954605, 0.06081615388393402, 0.05849915370345116, 0.053968802094459534, 0.05464066565036774, 0.05857168883085251, 0.05530422553420067, 0.055827584117650986, 0.05270746350288391, 0.056153059005737305, 0.04841767996549606, 0.06776371598243713, 0.048386916518211365, 0.06557077914476395, 0.052123717963695526, 0.056647349148988724, 0.05321364849805832, 0.05393509566783905], "mae": [0.2063615620136261, 0.21079599857330322, 0.22389551997184753, 0.22422456741333008, 0.21787959337234497, 0.21348285675048828, 0.20923539996147156, 0.20796939730644226, 0.20723259449005127, 0.2050362229347229, 0.1913454532623291, 0.18457677960395813, 0.17331624031066895, 0.17853260040283203, 0.18681910634040833, 0.1940813660621643, 0.19207346439361572, 0.19089660048484802, 0.1842997819185257, 0.19565963745117188, 0.19881656765937805, 0.192630797624588, 0.1958191692829132, 0.2017369568347931, 0.19178983569145203, 0.19241784512996674, 0.2017541527748108, 0.2112661600112915, 0.20606514811515808, 0.19570249319076538, 0.20706132054328918, 0.1929645538330078, 0.20880097150802612, 0.20120444893836975, 0.19592726230621338, 0.21238428354263306, 0.2099011242389679, 0.20902442932128906, 0.19360008835792542, 0.19220887124538422, 0.19501163065433502, 0.2041860818862915, 0.2097635120153427, 0.19804461300373077, 0.20015308260917664, 0.18481427431106567, 0.21045124530792236, 0.20126992464065552, 0.18815261125564575, 0.18590739369392395, 0.19961896538734436, 0.1971924901008606, 0.19265736639499664, 0.19691230356693268, 0.18516768515110016, 0.18433231115341187, 0.20304253697395325, 0.1836881786584854, 0.21243956685066223, 0.19608156383037567, 0.19571545720100403, 0.17396047711372375, 0.1993105262517929]}