target,prediction
0.3180607259273529, -0.3355972468852997
1.2807444334030151, 0.7511199116706848
-0.05360383167862892, 0.07588529586791992
0.5758114457130432, 0.015420551411807537
-0.07046223431825638, 0.028463594615459442
0.06880571693181992, 0.4232093095779419
0.5909552574157715, 0.06467325985431671
-0.2392139732837677, 0.08671718835830688
0.310701847076416, 0.10733789950609207
