target,prediction
-0.8168019652366638, -1.0
-0.9974043965339661, -1.0
-1.8097095489501953, -1.0
-0.5972450375556946, -0.6700854897499084
-0.9040526747703552, -0.6376068592071533
-0.7524523735046387, -1.0
-1.5726203918457031, -0.5811966061592102
-0.35542935132980347, -0.3504273593425751
-1.670728087425232, -0.5897436141967773
