target,prediction
-0.44313547015190125, -0.05299145355820656
-0.5581181049346924, -0.5948718190193176
-1.0637131929397583, -0.6820513010025024
-0.7494471073150635, -0.9572649598121643
-1.3026630878448486, -1.0
-1.1367521286010742, -1.0
-0.8601804971694946, -1.0
-0.4365290105342865, -0.5128205418586731
-0.8881398439407349, -0.8803418874740601
