target,prediction
-0.8854818940162659, -0.9742664098739624
-0.39663299918174744, -0.9021643400192261
-0.9991327524185181, -0.9812618494033813
-0.8055515885353088, -0.9987353682518005
-0.6175298690795898, -0.9684217572212219
-1.0083489418029785, -0.9633339643478394
-0.5949058532714844, -0.9731748700141907
-0.7823337912559509, -0.996860921382904
-0.6529876589775085, -0.9991080164909363
