target,prediction
-0.6892848014831543, -0.7304806113243103
-0.6749919056892395, -0.7985579967498779
-0.7859227061271667, -0.6685413718223572
-0.8980602622032166, -0.6060441732406616
-0.6888160705566406, -0.8392928242683411
-0.5186709761619568, -0.6250165104866028
-0.6551918387413025, -0.9531270861625671
-0.7797340750694275, -0.9497789740562439
-0.6627536416053772, -0.9341546893119812
