target,prediction
-1.009608268737793, -0.9325353503227234
-0.9437423944473267, -0.9735219478607178
-0.9636874794960022, -0.889154851436615
-0.8415510058403015, -0.987232506275177
-0.7151917219161987, -0.9599564671516418
-1.1109740734100342, -0.9755531549453735
-0.8431300520896912, -0.9994922280311584
-1.110905408859253, -0.9721436500549316
-1.1781871318817139, -0.9261516332626343
