{"loss": [0.021995335730228396, 0.01782596281941198, 0.01653969367386867, 0.014414704597345635, 0.01419945881033126, 0.013463860069857557, 0.013092790060580103, 0.012782542501657002, 0.013457464026447036, 0.012000097003037056, 0.013407257430013631, 0.012873407944401442, 0.012011508788696555, 0.013683103812846039, 0.012460402853439068, 0.01171120923292527, 0.011940794370614507, 0.012014671931209248, 0.011601289458819114, 0.011839330227650383, 0.012098539807418918, 0.011548889475784353, 0.012531509519489972, 0.0126850031255416, 0.011683325319734013, 0.013758446299528545, 0.01252611067791281, 0.012174226511706746, 0.012861017254189932, 0.012261793869488566, 0.012160130743589804, 0.011820638411175335, 0.013943816056845115, 0.012251678903644467, 0.01337089501407866, 0.012510663198136429, 0.014873022905561436, 0.013514693348177063, 0.01330303954620693, 0.012760789321296748, 0.013605057902844657, 0.013202350750539844, 0.014276156439413457, 0.013608367423608119, 0.013023935103714846, 0.014075559913276742, 0.012647672097275374, 0.014357229405897521, 0.012997592736476991, 0.01352359383197182, 0.014811451410251981, 0.01448624468024842], "mae": [0.15396732266567675, 0.1247816585416979, 0.1157778134046176, 0.10090292875067919, 0.09939626656416285, 0.09424706394504609, 0.0916496184797272, 0.08947783181900154, 0.09420243687584313, 0.08400055894535056, 0.09385084546613862, 0.09011379042674529, 0.0840806461458021, 0.0957817392693032, 0.08722290231183955, 0.08197849893787941, 0.08358550341529734, 0.08410269436982407, 0.08120902506815371, 0.08287543166946151, 0.08468975349317058, 0.08084222861765064, 0.08772057006717005, 0.08879502302237129, 0.08178334928368339, 0.096309140106821, 0.08768283192439388, 0.08521959701774807, 0.0900271070563685, 0.08583275721293468, 0.08512096552265233, 0.08274440483774263, 0.09760683819172507, 0.08576170886946807, 0.09359622964756802, 0.08757458520795079, 0.10411104598092165, 0.09460290947266357, 0.09312118648062186, 0.08932536057354512, 0.09523533670510755, 0.09241635690589167, 0.0999329441233231, 0.095258574252417, 0.09116752171082215, 0.0985289113878766, 0.08853369210154668, 0.10050050749339541, 0.09098322234446432, 0.0946652391615688, 0.10367993458648729, 0.10140376193568257]}