{"loss": [0.021430248477171097, 0.01751167647991802, 0.01607640369362775, 0.013837295932599988, 0.013634561365685034, 0.012858687220714949, 0.012361993427465775, 0.01212061157994019, 0.012755310319325667, 0.011231243322010134, 0.012675520253793541, 0.012076714083539084, 0.01112384413526114, 0.012806596744784076, 0.0115515227492084, 0.01081835273116449, 0.011055449020166815, 0.011120073941579265, 0.010774772382358085, 0.010774979748093081, 0.011075527919006945, 0.010620645766824501, 0.011530376526732257, 0.011581527757863438, 0.0107547422754556, 0.012805805908794727, 0.011549326095515618, 0.011358294478144855, 0.011982548693377932, 0.011454927927151946, 0.011204716771909791, 0.01088421981398952, 0.01289255695743105, 0.011506095422262342, 0.012448401916039874, 0.011745390397954851, 0.013835856570439424, 0.012666831222897705, 0.012364884349771316, 0.011799698874051225, 0.012888682064382978, 0.012460156707017816, 0.013272056582448746, 0.012950198532767885, 0.012171668276692183, 0.013487563455541307, 0.011913438979696829, 0.013492375560391668, 0.012197533086138197, 0.012785838824811702, 0.014010530690714283, 0.01377757053492618], "mae": [0.1500108936132785, 0.12258105023930169, 0.11253403400290618, 0.09686124229998168, 0.09544195802175887, 0.0900106590866982, 0.08653416847348633, 0.0848447801604435, 0.08928743245894712, 0.07861832714955158, 0.08872889488473132, 0.08453645577446726, 0.07786673614204881, 0.08964635408426251, 0.08086086152770029, 0.07572878728224483, 0.07738845317327149, 0.07784058366347042, 0.07542328469666247, 0.07542472405882304, 0.07752821767865917, 0.0743448283668779, 0.08071251777327648, 0.08107048795580778, 0.07528317864771128, 0.08964042586383848, 0.08084520744770546, 0.07950784483279068, 0.08387747999660668, 0.08018461340391293, 0.0784332918580178, 0.07618909855398913, 0.09024827582303542, 0.0805424534746105, 0.08713862739301685, 0.08221775718165278, 0.09685103665302401, 0.08866750649518274, 0.08655382349236816, 0.08259756988827037, 0.09022069211428607, 0.08722115895554547, 0.09290454143645546, 0.09065194778716203, 0.08520215670773343, 0.09441307430062287, 0.08339420398621022, 0.09444630974214957, 0.08538276006493101, 0.08950074267834689, 0.09807339667090657, 0.09644262373895611]}