target,prediction
-0.6121639609336853, -0.9666519165039062
-0.5922896862030029, -0.9559298157691956
-0.613036036491394, -0.9948722124099731
-0.8671616315841675, -0.6135348081588745
-0.9671623110771179, -0.998160183429718
-1.029211401939392, -0.9916234612464905
-0.6694804430007935, -0.9967668056488037
-0.8854717016220093, -0.999636709690094
-1.0320560932159424, -0.992731511592865
