{"loss": [0.46994617250230575, 0.43027377128601074, 0.3979942003885905, 0.3853006362915039, 0.38161367840237087, 0.371752315097385, 0.3718846109178331, 0.37588755289713544, 0.37185658348931205, 0.3694235218895806, 0.3677082856496175, 0.36874858538309735, 0.3696623378329807, 0.37219013108147514, 0.37848038143581814, 0.3710787826114231, 0.3652812639872233, 0.3643507957458496, 0.36289556821187335, 0.36427421040005153, 0.3649791081746419, 0.3691815270317925, 0.3617917166815864, 0.3678528467814128, 0.36092257499694824, 0.3558167881435818, 0.3528628349304199, 0.35812603102789986, 0.35194283061557347, 0.3501265048980713, 0.35109925270080566, 0.3433867030673557, 0.3388952679104275, 0.3462882571750217, 0.34687002499898273, 0.34427279896206325, 0.34513243039449054, 0.33790914217631024, 0.3383179505666097, 0.33942288822597927, 0.3288748794131809, 0.3255030843946669, 0.3377615875667996, 0.33695093790690106, 0.3323175377315945, 0.33268917931450737, 0.34314849641587997, 0.34143898222181535, 0.34251019689771867, 0.3421783447265625, 0.34189960691663956, 0.3338177998860677, 0.3315555519527859, 0.34237999386257595, 0.3352824846903483, 0.35602982838948566, 0.3532399601406521, 0.3401186996036106, 0.34806307156880695, 0.3688916365305583, 0.3578449885050456, 0.3716622723473443, 0.36131543583340114, 0.33466630511813694, 0.35243744320339626, 0.37216175927056205, 0.3479127354092068, 0.35397691196865505, 0.3315157890319824, 0.32651641633775497, 0.3305710421668159, 0.3673771752251519, 0.3558466699388292, 0.3512781196170383, 0.3649785253736708, 0.3799810939364963, 0.3318724102444119, 0.33751408259073895, 0.35221264097425675, 0.3472128179338243, 0.3395821518368191, 0.33203665415445965, 0.35776588651869035], "mae": [0.5975985527038574, 0.5643502871195475, 0.539923455980089, 0.5258709589640299, 0.5163663228352865, 0.5111415651109483, 0.5135638978746202, 0.5131098959181044, 0.5092898474799262, 0.5069710413614908, 0.5073004298739963, 0.5123778449164497, 0.5115591684977213, 0.5089553197224935, 0.5175089306301541, 0.5100814501444498, 0.5079207950168185, 0.5081023110283746, 0.5067257351345487, 0.5082123544481065, 0.5066290961371528, 0.5102327134874132, 0.5084640714857314, 0.5082738664415147, 0.5058531761169434, 0.5096283488803439, 0.498789734310574, 0.5033875041537814, 0.49841107262505424, 0.496672789255778, 0.49917131000094944, 0.49274656507703996, 0.4925198025173611, 0.5043587154812283, 0.5065280596415201, 0.49779658847384983, 0.4923192660013835, 0.4914795027838813, 0.4892846743265788, 0.495024840037028, 0.485549873775906, 0.4796981281704373, 0.4872250027126736, 0.48712587356567383, 0.48193449444240993, 0.48803064558241105, 0.49862390094333225, 0.4956032435099284, 0.4941958851284451, 0.49309232499864364, 0.49345986048380536, 0.48680273691813153, 0.48357486724853516, 0.49184486601087785, 0.4868466589185927, 0.5059124098883735, 0.502272711859809, 0.4863558875189887, 0.49862241744995117, 0.5164146953158908, 0.510295655992296, 0.5187389055887858, 0.5090614424811469, 0.48941516876220703, 0.503311898973253, 0.5228446324666342, 0.4993690914577908, 0.5091454717848036, 0.4884960386488173, 0.4840363926357693, 0.49003558688693577, 0.5200385517544217, 0.5123407575819228, 0.508068773481581, 0.5196693738301595, 0.529663191901313, 0.49472358491685653, 0.49850601620144314, 0.5100935300191244, 0.5093081792195638, 0.5040137502882216, 0.49451367060343426, 0.5218987994723849]}