{"loss": [0.8109567165374756, 0.7253913879394531, 0.6207607984542847, 0.5561315417289734, 0.5201780796051025, 0.5057171583175659, 0.47881224751472473, 0.5039880275726318, 0.5111915469169617, 0.4931069314479828, 0.4898291826248169, 0.4643027186393738, 0.462841659784317, 0.490752637386322, 0.4836493134498596, 0.5034652948379517, 0.4765790104866028, 0.47497615218162537, 0.47880300879478455, 0.5177531838417053, 0.48948583006858826, 0.49074670672416687, 0.5151766538619995, 0.4993884563446045, 0.5125054717063904, 0.5391164422035217, 0.48730194568634033, 0.48741939663887024, 0.48485705256462097, 0.4851183295249939, 0.4784355163574219, 0.48694735765457153, 0.4561421573162079, 0.5399037003517151, 0.5511196851730347, 0.5307081937789917, 0.49743106961250305, 0.4746648371219635, 0.4902662932872772, 0.48508161306381226, 0.46767860651016235, 0.4867035746574402, 0.4960286617279053, 0.48176053166389465, 0.4829518496990204, 0.5153059959411621, 0.5406415462493896, 0.5469496846199036, 0.5388292670249939, 0.551294207572937, 0.5502036809921265, 0.5297301411628723, 0.49958500266075134, 0.5294649600982666, 0.4786153733730316, 0.562997579574585, 0.5767709612846375, 0.5199714303016663, 0.5737907886505127, 0.6424635052680969, 0.6105284094810486, 0.638800859451294, 0.5932357907295227, 0.5103529691696167, 0.5760234594345093, 0.6356189250946045, 0.5509933829307556, 0.6165712475776672, 0.543241024017334, 0.5181350111961365, 0.5572178959846497, 0.6945757269859314, 0.6677160263061523, 0.6523026823997498, 0.6934886574745178, 0.7483389377593994, 0.612095296382904, 0.6256415247917175, 0.6736389994621277, 0.6568944454193115, 0.6578776836395264, 0.6007722616195679, 0.7042728066444397], "mae": [0.9005313515663147, 0.8516991138458252, 0.7878837585449219, 0.7457422614097595, 0.7212337255477905, 0.7111379504203796, 0.6919625997543335, 0.70992112159729, 0.7149766087532043, 0.7022157311439514, 0.6998779773712158, 0.6813976168632507, 0.6803246736526489, 0.700537383556366, 0.6954489946365356, 0.7095528841018677, 0.6903470158576965, 0.6891851425170898, 0.6919559240341187, 0.7195506691932678, 0.6996326446533203, 0.7005331516265869, 0.717758059501648, 0.7066742181777954, 0.715894877910614, 0.7342454791069031, 0.6980701684951782, 0.6981542706489563, 0.6963167786598206, 0.6965043544769287, 0.6916903257369995, 0.6978161334991455, 0.6753829717636108, 0.7347813844680786, 0.7423743605613708, 0.7284972071647644, 0.7052879333496094, 0.6889592409133911, 0.7001901865005493, 0.696478009223938, 0.6838703155517578, 0.6976414322853088, 0.7042930126190186, 0.6940897107124329, 0.694947361946106, 0.7178481817245483, 0.7352833151817322, 0.7395604848861694, 0.734049916267395, 0.7424919009208679, 0.7417571544647217, 0.7278256416320801, 0.7068132758140564, 0.7276434302330017, 0.6918203234672546, 0.7503316402435303, 0.7594543695449829, 0.7210904359817505, 0.757489800453186, 0.8015382289886475, 0.7813631892204285, 0.7992501854896545, 0.770218014717102, 0.7143899202346802, 0.758962094783783, 0.797257125377655, 0.7422893047332764, 0.7852205038070679, 0.737048864364624, 0.7198159694671631, 0.7464702725410461, 0.8334121108055115, 0.8171389102935791, 0.8076525926589966, 0.8327596783638, 0.86506587266922, 0.7823652029037476, 0.790975034236908, 0.820755124092102, 0.8104902505874634, 0.8110966086387634, 0.7750949859619141, 0.8392096161842346]}