target,prediction
-0.5767028331756592, -0.9528473019599915
-1.135337471961975, -0.9778019785881042
-0.6890910267829895, -0.9350743293762207
-1.0592856407165527, -0.8988755941390991
-1.3975368738174438, -0.9978962540626526
-0.9061336517333984, -0.9313746690750122
-1.0669203996658325, -0.9833151698112488
-1.3009954690933228, -0.9360173940658569
-1.170631766319275, -0.9751904010772705
