{"loss": [0.0038091957569122313, 0.003562380000948906, 0.0057575501501560215, 0.004175712168216705, 0.0038542397320270537, 0.00428665429353714, 0.003506043553352356, 0.0034409306943416597, 0.002632877230644226, 0.004929976910352707, 0.0033450469374656676, 0.004056715965270996, 0.005319844186306, 0.005953842028975487, 0.004661881178617477, 0.0055403031408786775, 0.00501197837293148, 0.005637530982494354, 0.007629413902759552, 0.008499769866466523, 0.005686753988265991, 0.004856922477483749, 0.005943512171506881, 0.004823468998074532, 0.015302203595638275, 0.007083068042993546, 0.008193012326955795, 0.015946820378303528, 0.0076622627675533295, 0.005743145942687988, 0.011972016096115113, 0.0125636026263237, 0.007679212093353272, 0.012396056205034256, 0.01227833479642868, 0.02765098512172699, 0.008207517117261887, 0.011361358314752578, 0.010424287617206573, 0.011265352368354797, 0.009706900268793107, 0.028365892171859742, 0.013882842659950257, 0.01416023075580597, 0.011210039258003235, 0.07853054404258727, 0.02851293683052063, 0.016431781649589538, 0.008659473061561585, 0.01820594072341919, 0.016141542792320253, 0.02025413066148758, 0.015269190073013306, 0.012144380807876587, 0.006723384559154511, 0.011239968985319138, 0.014462217688560486, 0.02409944385290146], "mae": [0.04246583580970764, 0.044199293851852416, 0.06242793798446655, 0.04585579037666321, 0.03865620493888855, 0.04616501331329346, 0.04364420771598816, 0.03763960003852844, 0.03827019333839417, 0.05665374398231506, 0.04300788640975952, 0.03839649558067322, 0.04870408773422241, 0.06081649661064148, 0.04704330563545227, 0.05807835459709167, 0.04989200830459595, 0.05174866318702698, 0.06055880784988403, 0.06416224241256714, 0.053085386753082275, 0.051424652338027954, 0.057198899984359744, 0.04620448350906372, 0.1076849341392517, 0.0492015540599823, 0.06819656491279602, 0.11073201894760132, 0.0706148624420166, 0.05045233964920044, 0.07882798910140991, 0.08358834385871887, 0.07173624634742737, 0.08328537344932556, 0.0870819330215454, 0.12703747749328614, 0.06954790353775024, 0.06567543745040894, 0.08732829093933106, 0.077313894033432, 0.09037207365036011, 0.12378029823303223, 0.080230712890625, 0.09420424699783325, 0.0791864812374115, 0.21106469631195068, 0.1306444525718689, 0.09697481393814086, 0.08022337555885314, 0.10745593309402465, 0.11285042762756348, 0.110473370552063, 0.09786736369132995, 0.10390892028808593, 0.06038658022880554, 0.07584905624389648, 0.10353896617889405, 0.1297426700592041]}