{"loss": [0.015399262640211317, 0.012719209988911946, 0.017969948715633816, 0.008463684717814128, 0.008460440900590685, 0.010767071114646063, 0.010542003975974188, 0.007117044925689697, 0.008508891529507108, 0.01541508568657769, 0.006378075811598036, 0.005301512943373786, 0.0048415210511949325, 0.005398448308308919, 0.005319976806640625, 0.0073100116517808705, 0.004513042834069994, 0.004595173398653666, 0.003924237026108636, 0.004146652751498752, 0.0041323055823644, 0.00505685309569041, 0.004009891549746195, 0.0055281950367821586, 0.01435702641805013, 0.009348383214738633, 0.007353281974792481, 0.013850597540537517, 0.00668886767493354, 0.007747403118345472, 0.025886080000135633, 0.0074057095580630835, 0.005836196078194513, 0.005160893003145854, 0.005285479293929206, 0.017115165127648248, 0.005398299958970811, 0.007943754063712226, 0.00627921289867825, 0.00810682839817471, 0.008686380253897773, 0.024711317486233182, 0.006900591320461697, 0.006014710664749146, 0.00707368188434177, 0.09195838504367404, 0.028352414237128365, 0.013766011926862928, 0.009835977686776055, 0.01390338208940294, 0.010912261406580607, 0.019990535577138265, 0.02072753111521403, 0.012009444501664903, 0.013623991277482775, 0.013526421123080784, 0.010518228345447116, 0.024700956874423557], "mae": [0.08572924931844075, 0.07569404708014595, 0.10706421534220377, 0.06029673682318793, 0.059621508916219076, 0.07843663427564833, 0.07154489623175728, 0.05974721378750271, 0.06311039924621582, 0.09429084989759658, 0.05335521697998047, 0.05265841484069824, 0.04998389879862467, 0.05446468459235297, 0.051392184363471136, 0.06664648056030273, 0.048547718260023326, 0.050146161185370554, 0.04542601373460558, 0.04540546735127767, 0.04628534317016601, 0.05470202763875325, 0.04671432707044813, 0.05118722915649414, 0.10036800172593859, 0.06583115259806314, 0.05939304563734266, 0.10218713548448351, 0.06190513504876031, 0.06715860896640354, 0.11528134875827366, 0.06259512371487087, 0.06402553452385797, 0.05056406656901042, 0.054430150985717775, 0.0977370262145996, 0.056857564714219835, 0.07038691308763292, 0.062166351742214625, 0.06353068351745605, 0.07636624442206488, 0.11899356842041016, 0.062003903918796115, 0.06084302266438802, 0.06602934731377495, 0.24082984924316406, 0.11433973312377929, 0.09079793294270834, 0.07454595565795899, 0.09891249338785807, 0.08730814192030165, 0.1140054702758789, 0.12149848937988281, 0.08989861806233725, 0.07564066780938042, 0.09461788601345486, 0.08079077932569716, 0.12775039672851562]}