{"loss": [0.08410516844855415, 0.08139861954583062, 0.07232011689080133, 0.07789740562438965, 0.06952314376831055, 0.06646610895792643, 0.08009191089206272, 0.0635336611005995, 0.08955613242255317, 0.06319134500291612, 0.06227032343546549, 0.07784367667304146, 0.06405056317647298, 0.05441732406616211, 0.06625537342495388, 0.056636805004543725, 0.05077512529161241, 0.17022510104709201, 0.05566619767083062, 0.07208957142300076, 0.06336241298251682, 0.06251191563076443, 0.05924499299791124, 0.07728470166524251, 0.03418264653947618, 0.07800361315409342, 0.035707206196255156, 0.0347367975446913, 0.07506934271918403, 0.04329534106784397, 0.03791807492574056, 0.028630513615078398, 0.02836767037709554, 0.02051689492331611, 0.02255520290798611, 0.024022136794196236, 0.019805424743228488, 0.03630513085259331, 0.026734715037875705, 0.015200587113698323, 0.01762926843431261, 0.02403925789727105, 0.02588712904188368, 0.013342758019765219, 0.01172690921359592, 0.012783224052853055, 0.011965811252593994, 0.010831148756874933, 0.01923318041695489, 0.010658735036849975, 0.02709406746758355, 0.01440907186932034, 0.007412096526887682, 0.016125815444522434, 0.007856081591712104, 0.007012303670247396, 0.010725967089335124, 0.011084930102030436, 0.007536580165227254, 0.005783788363138835, 0.01592849228117201, 0.008657232258054945, 0.00926311347219679, 0.008897745609283447, 0.01120773024029202, 0.008908041980531481, 0.008302850193447536, 0.015216522746615939, 0.005736152993308173, 0.011663023630777996, 0.03147467242346869, 0.007564067178302341, 0.011354438463846843, 0.00660355356004503, 0.005731585290696886, 0.0146590789159139, 0.006560860739813911, 0.005476740002632141, 0.012791744867960612, 0.006125556098090278, 0.011364858680301243, 0.01132064660390218, 0.008095090256796942, 0.00967007213168674, 0.019039976596832275, 0.007915616697735257, 0.011865070131089952, 0.009945237636566162, 0.007028830051422119, 0.009546038839552138, 0.007440674967235989, 0.014928150177001952, 0.013236990239885118, 0.006557244062423706, 0.022760060098436143, 0.013186528947618273, 0.008565597401724922, 0.014861484368642172, 0.00837766064537896, 0.028171555201212565, 0.02002351681391398, 0.015591911474863688, 0.0042084700531429715, 0.007119586732652452, 0.008654012282689413, 0.0062021248870425755, 0.01054752270380656], "mae": [0.2321342044406467, 0.2308905283610026, 0.21621210310194228, 0.22933917575412327, 0.21092279222276475, 0.20665414598253037, 0.21516231960720486, 0.20295814938015408, 0.22692746056450738, 0.20290476481119793, 0.2004328621758355, 0.214706908331977, 0.19964608086480035, 0.18908702002631295, 0.20246418846978081, 0.1872343063354492, 0.18098744286431206, 0.2717924118041992, 0.1856655544704861, 0.20234349568684895, 0.19302917056613497, 0.19399132198757596, 0.17488464779324, 0.1927581787109375, 0.1532380739847819, 0.19584297604031034, 0.15163130230373806, 0.1440826204087999, 0.17069997787475585, 0.149303224351671, 0.14178444544474283, 0.1327450434366862, 0.12926591237386068, 0.12052913241916233, 0.12300074895222982, 0.12809681362575956, 0.11835906770494249, 0.15607969495985244, 0.13438745074801975, 0.09969961378309462, 0.10754498375786675, 0.12871821721394858, 0.11955050362481011, 0.09059749179416232, 0.08683175510830349, 0.09252457088894314, 0.08698310852050781, 0.0831904517279731, 0.11409220165676541, 0.07984300189548069, 0.12794201109144424, 0.09856896930270725, 0.06886841456095377, 0.10709585613674588, 0.07499910460578071, 0.06901073455810547, 0.07150868309868706, 0.08481641875372993, 0.07074527740478516, 0.060396438174777564, 0.10343108707004123, 0.0766648080613878, 0.0749619483947754, 0.06937731636895074, 0.07966841061909993, 0.07834695180257162, 0.0691112412346734, 0.10337575276692708, 0.05779489411248101, 0.08250649770100911, 0.1374614397684733, 0.06847900284661187, 0.07717654440138075, 0.0640349653032091, 0.06000231636895074, 0.09567908181084527, 0.06431106991238064, 0.059288173251681855, 0.09137852986653645, 0.06230229271782769, 0.08505758179558648, 0.08526239395141602, 0.07314970758226183, 0.07681383556789823, 0.11513377295600044, 0.07141013145446777, 0.07928218841552734, 0.07925142182244195, 0.06233812438117133, 0.0752162668440077, 0.06656950314839681, 0.09927278094821507, 0.08574875725640191, 0.0651510238647461, 0.12559776306152343, 0.09069228702121311, 0.07233850161234538, 0.09847757551405165, 0.07337310579088, 0.1321248796251085, 0.11048595640394422, 0.10391024483574761, 0.05173356797960069, 0.07064324484931098, 0.07142851087782118, 0.06083185937669542, 0.08600500954522027]}