{"loss": [0.07472805976867676, 0.11988860368728638, 0.09083804488182068, 0.1347494125366211, 0.06729387044906616, 0.07030557990074157, 0.05503438711166382, 0.09801756143569947, 0.06167551875114441, 0.08286895155906678, 0.04644638895988464, 0.05254223346710205, 0.042237463593482974, 0.05230704545974731, 0.04089488685131073, 0.03329615890979767, 0.03705463409423828, 0.23673155307769775, 0.034662389755249025, 0.04998418092727661, 0.04349774122238159, 0.04738015234470368, 0.038177376985549925, 0.09021431803703309, 0.04164179563522339, 0.06944454908370971, 0.023349326848983765, 0.0187279611825943, 0.08205628395080566, 0.030529981851577757, 0.03034835159778595, 0.023743681609630585, 0.023056215047836302, 0.02369782328605652, 0.016374920308589936, 0.017890800535678864, 0.010862938314676284, 0.0835386037826538, 0.023674246668815613, 0.014583636820316315, 0.047415745258331296, 0.04596967101097107, 0.015805184841156006, 0.0070046566426754, 0.011894428730010986, 0.015713429450988768, 0.03742933869361877, 0.03116794228553772, 0.05332730412483215, 0.02072863429784775, 0.12396450042724609, 0.045813003182411195, 0.021401920914649965, 0.05888078212738037, 0.016234752535820008, 0.011676569283008576, 0.00443313792347908, 0.03573357462882996, 0.014746452867984771, 0.018715497851371766, 0.04907214045524597, 0.021272866427898406, 0.029118305444717406, 0.013827987015247345, 0.05443230867385864, 0.007988180965185165, 0.02423914223909378, 0.01259639859199524, 0.01869601011276245, 0.06561784148216247, 0.12558333873748778, 0.04358567893505096, 0.013879452645778657, 0.041433891654014586, 0.023047104477882385, 0.009602105617523194, 0.045422738790512084, 0.02258318066596985, 0.025179317593574523, 0.020081207156181335, 0.020526225864887237, 0.052860337495803836, 0.0390003651380539, 0.021724605560302736, 0.010451152920722961, 0.04418221116065979, 0.054604214429855344, 0.014740177989006042, 0.03657950758934021, 0.02085270881652832, 0.0179194375872612, 0.06176979541778564, 0.016544456779956817, 0.031992027163505556, 0.07678402662277221, 0.04958717823028565, 0.0425858736038208, 0.06951643824577332, 0.03961324989795685, 0.013549137115478515, 0.039688611030578615, 0.018140995502471925, 0.03089798390865326, 0.014218190312385559, 0.02204630970954895, 0.03040294349193573, 0.04288024306297302], "mae": [0.18915832042694092, 0.25694453716278076, 0.21623797416687013, 0.2747587919235229, 0.17996535301208497, 0.1887900710105896, 0.17903966903686525, 0.23385040760040282, 0.18391867876052856, 0.21247317790985107, 0.1651754379272461, 0.17570388317108154, 0.16851896047592163, 0.16408782005310057, 0.17809653282165527, 0.1502266049385071, 0.14455606937408447, 0.3776052236557007, 0.16596997976303102, 0.18409249782562256, 0.18190646171569824, 0.20411674976348876, 0.15005931854248047, 0.24080226421356202, 0.15777812004089356, 0.21105527877807617, 0.138035786151886, 0.11613829135894775, 0.21969139575958252, 0.13965966701507568, 0.1435673475265503, 0.13587887287139894, 0.13511966466903685, 0.12429621219635009, 0.11310694217681885, 0.11635837554931641, 0.0858826458454132, 0.2528550386428833, 0.14033284187316894, 0.10201921463012695, 0.18611658811569215, 0.1911495566368103, 0.10128966569900513, 0.07582802176475525, 0.08932668566703797, 0.11126058101654053, 0.15734864473342897, 0.147802996635437, 0.20610790252685546, 0.11844556331634522, 0.29420516490936277, 0.1911929130554199, 0.12580461502075196, 0.21846070289611816, 0.11577079296112061, 0.0881489634513855, 0.0521129846572876, 0.16825203895568847, 0.109916353225708, 0.11676517724990845, 0.1892089605331421, 0.13008906841278076, 0.14545167684555055, 0.08422014713287354, 0.17590199708938598, 0.06307633519172669, 0.11762107610702514, 0.08336544036865234, 0.09854304194450378, 0.2134648561477661, 0.294694709777832, 0.17042553424835205, 0.09746248126029969, 0.1608010172843933, 0.12399934530258179, 0.08563054800033569, 0.17779326438903809, 0.12692766189575194, 0.11942775249481201, 0.11743799448013306, 0.11200903654098511, 0.20017943382263184, 0.1702669858932495, 0.12399729490280151, 0.08994914293289184, 0.16400917768478393, 0.18763575553894044, 0.09258139133453369, 0.1477397322654724, 0.1214834213256836, 0.10796912908554077, 0.2048506498336792, 0.1149521827697754, 0.1401880383491516, 0.2271652936935425, 0.19018955230712892, 0.16068606376647948, 0.2314049243927002, 0.1452613115310669, 0.09733677506446839, 0.16998350620269775, 0.10348777770996094, 0.14338254928588867, 0.09909743070602417, 0.12149386405944824, 0.13176314830780028, 0.16935813426971436]}