target,prediction
1.1976323127746582, -0.2643006145954132
0.015402808785438538, 0.04099501296877861
0.2647542953491211, 0.33375921845436096
-0.1297275722026825, 0.2685486972332001
-0.03811068832874298, 0.4959885776042938
0.04154009371995926, -0.15679432451725006
-0.18442368507385254, 0.2917960286140442
0.03105533868074417, 0.12670809030532837
-0.10117040574550629, 0.4713987410068512
