target,prediction
-0.6703863143920898, -0.9666519165039062
-0.6667919754981995, -0.9559298157691956
-1.025404691696167, -0.9948722124099731
-1.1345897912979126, -0.6135348081588745
-1.226037859916687, -0.998160183429718
-1.055280089378357, -0.9916234612464905
-1.0585345029830933, -0.9967668056488037
-1.0714025497436523, -0.999636709690094
-0.7999019622802734, -0.992731511592865
