target,prediction
-0.9858078360557556, -0.8874830007553101
-0.3260635435581207, -1.0
0.0283817108720541, -0.4490186274051666
-1.1260043382644653, -1.0
-0.3240390121936798, -0.32222360372543335
-1.0218868255615234, -1.0
-0.8414586186408997, -0.9991564750671387
-0.5772534608840942, -0.825042188167572
-0.8624533414840698, -0.6010986566543579
