target,prediction
-0.902708113193512, -0.9913079142570496
-0.6381692886352539, -0.9999129176139832
-1.495420217514038, -0.9990180134773254
-0.6293347477912903, -0.9812979102134705
-1.0542266368865967, -0.9994727969169617
-0.7683130502700806, -0.99821937084198
-1.0447852611541748, -0.9938071370124817
-1.4314446449279785, -0.928724467754364
-0.8511502742767334, -0.9955627918243408
