target,prediction
0.03259279951453209, 0.38856270909309387
0.32764098048210144, -0.5583403706550598
-0.7183031439781189, -0.3716297447681427
-0.3408765196800232, -0.6598514318466187
0.5314100384712219, -0.7445086240768433
-0.5206817388534546, -0.19084984064102173
0.8094883561134338, 0.362287312746048
0.10436543822288513, 0.27558356523513794
-1.5539535284042358, -0.3813003599643707
