target,prediction
-0.38352063298225403, -0.6410256624221802
-0.6350409388542175, -0.8461538553237915
-0.21558037400245667, -1.0
-1.4817111492156982, -1.0
-0.5090980529785156, -0.9606837630271912
-0.46045804023742676, -0.6666666865348816
-0.6645588278770447, -0.916239321231842
-0.5157958269119263, -1.0
-0.19060054421424866, -1.0
