target,prediction
-3.9413182735443115, -0.9666519165039062
-0.9640001058578491, -0.9559298157691956
-0.8479726314544678, -0.9948722124099731
-0.9571589231491089, -0.6135348081588745
-0.40578916668891907, -0.998160183429718
-0.3309692144393921, -0.9916234612464905
-0.5608941316604614, -0.9967668056488037
-0.4690890908241272, -0.999636709690094
-0.5739682912826538, -0.992731511592865
