target,prediction
-0.4633926749229431, -1.0
-0.5005789995193481, -0.8666666746139526
-1.0252790451049805, -1.0
-1.1495662927627563, -0.8358974456787109
-0.15719738602638245, -0.44273504614830017
-0.7412042617797852, -0.7982906103134155
-0.3340093791484833, -0.5726495981216431
-0.9555943012237549, -1.0
-1.0053163766860962, -1.0
