target,prediction
-0.5818462371826172, -0.9666519165039062
-0.3646506369113922, -0.9559298157691956
-0.7514123916625977, -0.9948722124099731
-0.9365701675415039, -0.6135348081588745
-0.9967091083526611, -0.998160183429718
-0.7653918266296387, -0.9916234612464905
-0.49040913581848145, -0.9967668056488037
-0.7404590845108032, -0.999636709690094
-0.6191343069076538, -0.992731511592865
