target,prediction
-0.7006092071533203, -0.6410256624221802
-0.6758010983467102, -0.8461538553237915
-1.312113881111145, -1.0
-0.3509281277656555, -1.0
-1.0296858549118042, -0.9606837630271912
-0.48891472816467285, -0.6666666865348816
-1.1586552858352661, -0.916239321231842
-0.8957401514053345, -1.0
-1.0924785137176514, -1.0
