target,prediction
0.2619788646697998, 0.04099501296877861
-0.34654533863067627, 0.2562583088874817
0.32259535789489746, 0.5375418663024902
-0.37631264328956604, 0.09719386696815491
0.06602229923009872, 0.2685486972332001
-0.07371550053358078, -0.15679432451725006
0.31951093673706055, 0.20174172520637512
-0.612794816493988, -0.2643006145954132
0.17905578017234802, 0.5452412962913513
