{"loss": [0.026711512601849986, 0.020672689302209023, 0.01842732126813041, 0.01642720084457323, 0.016929616744413036, 0.015132885469558007, 0.01650858486484018, 0.014543966884994706, 0.014538885958680933, 0.015259445477468289, 0.015524121370038948, 0.014230499004554706, 0.01490225853041213, 0.014967499774211548, 0.014258960425688446, 0.013754661049450086, 0.012865721942656028, 0.013327798055028268, 0.015099855445988183, 0.01461306999873822, 0.013542215890061736, 0.014990006573847242, 0.01457709868719202, 0.014435947740988369, 0.013708984173729906, 0.014519446240830866, 0.015893078043320935, 0.01415630695943683, 0.013560231850707066, 0.014877728737607617, 0.01431858897843497, 0.014820044271004107, 0.014545201951485563, 0.015471388605199707, 0.014187405476244567, 0.015709082869265485, 0.015104818583553292, 0.0145652489103603, 0.014546785809902079, 0.014032400057321722, 0.015128730843112377, 0.015518905501275247, 0.01574586154835108, 0.015400761099204054, 0.015282389124696118, 0.015624550573026938, 0.015508664741621894], "mae": [0.160269199117749, 0.12403625474558289, 0.11056395734186465, 0.09856323708768175, 0.10157755866254778, 0.09079734026327006, 0.09905175620233925, 0.08726373269516319, 0.08723336835676947, 0.09155673233097411, 0.09314481741948025, 0.08538292769968335, 0.08941350772642959, 0.08980512443907854, 0.08555378771289253, 0.08252792970213782, 0.07719415325744304, 0.07996669455660271, 0.0905991532603706, 0.08767850461735555, 0.08125328619172975, 0.08994003944308346, 0.08746270648116053, 0.08661567958444971, 0.08225393706262178, 0.08711671403954789, 0.09535856889497302, 0.0849377822904566, 0.08136131334079667, 0.0892664158816889, 0.08591161849553605, 0.0889202404672628, 0.08727134436420314, 0.09282822870899067, 0.08512454264115547, 0.09425456583039796, 0.09062909676129337, 0.08739125559750431, 0.08728076746409634, 0.08419422651975755, 0.09077255659568688, 0.09311333694692442, 0.09447515785430563, 0.0924044819702981, 0.0916944010758216, 0.09374717307003204, 0.09305199531121187]}