{"loss": [0.026469640404070106, 0.020471818280998883, 0.017981386298651418, 0.016165323950491927, 0.016446560679084888, 0.014553666276613074, 0.015859397484951264, 0.013961683862138185, 0.013969614585003102, 0.014570667217386687, 0.015096610760756085, 0.01341806035686293, 0.014281834194001428, 0.014305257373567729, 0.013586524686573604, 0.013057621098987001, 0.012070615091333304, 0.012628736917580399, 0.014349572650934932, 0.013833681263219362, 0.012824801220019631, 0.014251064778323264, 0.013724809169852671, 0.013617564490906224, 0.012889704662076147, 0.014042646967171222, 0.015020468909061717, 0.013323760788873252, 0.012820823660602762, 0.014059022761243744, 0.013417087567606109, 0.014059781069274663, 0.01380765178098379, 0.014942262548505692, 0.013372526297553273, 0.015083925873466762, 0.014454103278349808, 0.013931011013836612, 0.013656664113438783, 0.01343780889362525, 0.014531394790074965, 0.014925518781903421, 0.015059644768996848, 0.014722774050001457, 0.014683358296372899, 0.015190900163758753, 0.014941067146033358], "mae": [0.15881783835842583, 0.12283123089958281, 0.10788872439138888, 0.09699183392109186, 0.09867846548965767, 0.08732207694657712, 0.09515626496286088, 0.08376996696200319, 0.0838177749289069, 0.0874244912236966, 0.09057968692750794, 0.08050876264166576, 0.08569098686703196, 0.08583123929179609, 0.08151944697005971, 0.0783465723208412, 0.07242367835001541, 0.0757730659656588, 0.08609729359579145, 0.08300208757931618, 0.07694873209921392, 0.08550665905859405, 0.08234877979821216, 0.0817057589839619, 0.07733795351780763, 0.08425539794964568, 0.09012245767982496, 0.07994222318967599, 0.07692505174547627, 0.08435433173521305, 0.08050223265401077, 0.08435852784185063, 0.08284601843476505, 0.0896529897877824, 0.0802352187752417, 0.09050355524080057, 0.08672491242172473, 0.08358563102157567, 0.08193965940104839, 0.08062689605469693, 0.08718871231701071, 0.08955281993979465, 0.09035780559106163, 0.08833661583804511, 0.08809998307245043, 0.09114565714022517, 0.08964693958751425]}