target,prediction
-1.221637487411499, -0.951178789138794
-1.2557775974273682, -0.9368153810501099
-1.0654985904693604, -0.8494740724563599
-1.3767064809799194, -0.9773666858673096
-1.3124074935913086, -0.9245556592941284
-1.083849549293518, -0.9505259394645691
-0.9927458167076111, -0.9788901209831238
-1.1206737756729126, -0.9301414489746094
-1.4366382360458374, -0.8605731129646301
