{"loss": [0.019419493419783457, 0.013024934700557165, 0.011873695467199599, 0.009627312421798706, 0.007660122854369027, 0.005998556635209492, 0.005078550960336413, 0.003916568788034576, 0.0032537092587777545, 0.003113674798182079, 0.002050650306046009, 0.0015392863590802466, 0.0018804315477609634, 0.0010188621734934194, 0.0009015777946582862, 0.0006492636831743377, 0.0005203919551734414, 0.00047283729405275414, 0.0006339232703404767, 0.0005013501670743738, 0.0004878338160259383, 0.00038363877683877945, 0.0006177178584039211, 0.00037101107383412976, 0.0004384255901511226, 0.0009559316427579948, 0.0008957857665206705, 0.0017441439309290477, 0.0007411969293441091, 0.0005980326927133969, 0.000697788582848651, 0.0009745864995888301, 0.0006551245626594339, 0.0008720869331487588, 0.0006358390008764607, 0.0008823490435523647, 0.0019747062719294, 0.0009563260578683444, 0.0011240484725151742, 0.007741969610963549, 0.003946312836238316, 0.002489425241947174, 0.0021569119500262396, 0.006197407841682434, 0.0066264308989048, 0.006340881543500083, 0.001864223341856684, 0.0029612654553992407, 0.01069496784891401, 0.0016235618719032832, 0.0030579763863767895, 0.006944716508899417, 0.004705180014882769, 0.0021537994699818747, 0.0020584409524287495, 0.004632635840347835, 0.008750030504805701, 0.001976338082126209, 0.0027496921164648874, 0.006101805184568677, 0.006961943847792489, 0.003654233046940395, 0.006915195712021419, 0.024083058748926436, 0.00628251103418214, 0.01492616640669959, 0.00782442678298269, 0.0031064857861825396, 0.006879143416881561, 0.002690160647034645, 0.005276735872030258, 0.002912703369344984, 0.002272786306483405, 0.0063965171575546265, 0.007760260786328997, 0.013876354055745261, 0.010484335677964347, 0.005876159029347556, 0.003995765798858234, 0.014067677514893668, 0.0057639745729310176, 0.009594989674431937, 0.014012829533645086, 0.004641365259885788, 0.01726897486618587, 0.016095800059182302, 0.0043767121221338, 0.013856880366802216, 0.01744261703320912, 0.007499538894210543, 0.0036254783294030596, 0.006571637732642037, 0.004765059266771589, 0.0032031219452619553, 0.005793347954750061, 0.004079901214156832, 0.004111221060156822, 0.003941349153007779, 0.008322514593601227, 0.01981264352798462, 0.010208182036876678, 0.004554912447929382, 0.0017784473353198596, 0.0025198832154273987], "mae": [0.08042020457131523, 0.06764767425400871, 0.06448870045798165, 0.060029025588716776, 0.05310460499354771, 0.04676222801208496, 0.043176902191979546, 0.038907404456819804, 0.036981161151613505, 0.04086676665714809, 0.03143727779388428, 0.02706060026373182, 0.034028014966419766, 0.023176478488104685, 0.022781770144190108, 0.018423046384538923, 0.016703819589955465, 0.015863284468650818, 0.01857445921216692, 0.016438743897846768, 0.016684850411755697, 0.01417550231729235, 0.019211798906326294, 0.013806925288268499, 0.014903848724705833, 0.02461974961417062, 0.02100790398461478, 0.03438807172434671, 0.020665209208215986, 0.017974764108657837, 0.019218255366597856, 0.025567989264215742, 0.018250733613967896, 0.02163878721850259, 0.01889731628554208, 0.021322054522378103, 0.03514908467020307, 0.02285840468747275, 0.026868454047611783, 0.0768998350415911, 0.04435275707926069, 0.036819049290248325, 0.035091557673045566, 0.06700368864195687, 0.07210053716387067, 0.0659117145197732, 0.03239886888435909, 0.04352217486926487, 0.08838467938559395, 0.030253957424845015, 0.04125698123659406, 0.06408341441835676, 0.0504331716469356, 0.034894119415964396, 0.03382962090628488, 0.05355109487261091, 0.08339773757117135, 0.03350298745291574, 0.03843677469662258, 0.06163346341678074, 0.05996411187308175, 0.03883217913763864, 0.05936020186969212, 0.14046554906027658, 0.06255060008593968, 0.10418416772569929, 0.06830435991287231, 0.040916613170078824, 0.07008147665432521, 0.03780086551393781, 0.04978651659829276, 0.042047977447509766, 0.035199454852512906, 0.06631195545196533, 0.072615989616939, 0.10424234185900007, 0.08607298135757446, 0.06495173488344465, 0.05388744388307844, 0.10305380821228027, 0.06556256328310285, 0.08405660731451851, 0.1025559561593192, 0.05870717763900757, 0.11914443969726562, 0.09956485033035278, 0.048724553414753506, 0.08023566859109062, 0.11359708649771554, 0.06502912299973625, 0.04475588457924979, 0.05648192337581089, 0.052046733243124824, 0.04217219352722168, 0.05740185294832502, 0.053340796913419454, 0.05604208792958941, 0.047892238412584574, 0.07463341099875313, 0.12845378262656076, 0.0920811380658831, 0.05215051344462803, 0.03215750626155308, 0.037416777440479825]}