{"loss": [0.023672014474868774, 0.022636473178863525, 0.021571795145670574, 0.019859381020069122, 0.019327099124590557, 0.018716548879941303, 0.0194836122294267, 0.01815441499153773, 0.0190921351313591, 0.020997628569602966, 0.020619104305903118, 0.01861218238870303, 0.02096170683701833, 0.019398870567480724, 0.02025919531782468, 0.018675431609153748, 0.019463807344436646, 0.01917845259110133, 0.018703126658995945, 0.020265474915504456, 0.018184495468934376, 0.0191991130510966, 0.01810211439927419, 0.019302643835544586, 0.019822326799233753, 0.02088333914677302, 0.018941377600034077, 0.020551869024833042, 0.01926611363887787, 0.02025396004319191, 0.020759284496307373, 0.018674916277329128, 0.019893122216065724, 0.01842106009523074, 0.018613950659831364, 0.01796986659367879, 0.020789331446091335, 0.018249751379092533, 0.017600213487943012, 0.028291061520576477, 0.02626090496778488, 0.02078372488419215, 0.019113987684249878, 0.017298406610886257, 0.031261722246805825, 0.022766230007012684, 0.019356881578763325, 0.022769242525100708, 0.02453579505284627, 0.017738771935304005, 0.01849594960610072, 0.028416988750298817, 0.017869601647059124, 0.013901785016059875, 0.02036559705932935, 0.02937677999337514, 0.032807340224583946, 0.018441076080004375, 0.018930137157440186, 0.018995478749275208, 0.0233164777358373, 0.015059197942415873, 0.02439589301745097, 0.04575047890345255, 0.027086719870567322, 0.03386615216732025, 0.019644514967997868, 0.01777832458416621, 0.021348843971888225, 0.018760334700345993, 0.027990055580933888, 0.016385186463594437, 0.013226727644602457, 0.017575969298680622, 0.02261631190776825, 0.02802646408478419, 0.03272972255945206, 0.024710625410079956, 0.01890106126666069, 0.04073303689559301, 0.023049436509609222, 0.0267583429813385, 0.026161417365074158, 0.022085453073183697, 0.034305075804392494, 0.034623488783836365, 0.021526118119557697, 0.03611848006645838, 0.025075020889441173, 0.02190278967221578, 0.024861343204975128, 0.0212591290473938, 0.02404031902551651, 0.020802850524584453, 0.02106044938166936, 0.02298171321551005, 0.02057298521200816, 0.017860877017180126, 0.020205429444710415, 0.04100509484608968, 0.02886281410853068, 0.021297335624694824, 0.01830832411845525, 0.018223350246747334], "mae": [0.08926974733670552, 0.0874854028224945, 0.08478406071662903, 0.07995901505152385, 0.0771200160185496, 0.07444676260153453, 0.07585270206133525, 0.06997910141944885, 0.07587835192680359, 0.08669928709665935, 0.07951528330643971, 0.07254539430141449, 0.08336387077967326, 0.0695825566848119, 0.0754276712735494, 0.06871814529101054, 0.07270009318987529, 0.06883564094702403, 0.06631060938040416, 0.07345529894034068, 0.06734894712766011, 0.07086193064848582, 0.06691568593184154, 0.070535808801651, 0.07200964291890462, 0.08179889619350433, 0.07031898697217305, 0.0853211482365926, 0.07169478634993236, 0.07311717669169109, 0.07521065572897594, 0.07304460803667705, 0.07175472378730774, 0.07054484883944194, 0.07200546065966289, 0.0725011130174001, 0.083127165834109, 0.07407181958357494, 0.0735512375831604, 0.12217061718304952, 0.09507870674133301, 0.08657471338907878, 0.07229773700237274, 0.0846869945526123, 0.12747679154078165, 0.1041414737701416, 0.07398282984892528, 0.09225564201672871, 0.11162354548772176, 0.06879104177157085, 0.07590394715468089, 0.11264405647913615, 0.0852608581384023, 0.06516300141811371, 0.08076538642247517, 0.11585708459218343, 0.12993332743644714, 0.07884759704271953, 0.08461904525756836, 0.09311006466547649, 0.10416326920191447, 0.07318466405073802, 0.10146475831667583, 0.18425500392913818, 0.0869927207628886, 0.1329614520072937, 0.08755674958229065, 0.08224576711654663, 0.09799907604853313, 0.08109783132870992, 0.09443690379460652, 0.08504841725031535, 0.07304560641447704, 0.08742135763168335, 0.08770864208539327, 0.12683768073717752, 0.14051891366640726, 0.11753148833910625, 0.09370449185371399, 0.15353214740753174, 0.10851215322812398, 0.12260923782984416, 0.12410857280095418, 0.11125551660855611, 0.14240891734759012, 0.1363498866558075, 0.0895986557006836, 0.11889903744061787, 0.12850304444630942, 0.10017189383506775, 0.10459601879119873, 0.084982434908549, 0.10560265183448792, 0.08154755334059398, 0.08002619942029317, 0.09735504786173503, 0.10095369815826416, 0.08303062121073405, 0.08911194403966267, 0.16635900735855103, 0.13077970345815024, 0.09060853719711304, 0.08019214868545532, 0.07400851945082347]}