target,prediction
-0.45652151107788086, -1.0
-0.5243695378303528, -0.8666666746139526
-0.45582979917526245, -1.0
-1.146823525428772, -0.8358974456787109
-0.4823847711086273, -0.44273504614830017
-0.4918069839477539, -0.7982906103134155
-0.8013016581535339, -0.5726495981216431
-1.0210726261138916, -1.0
-0.4482749104499817, -1.0
