target,prediction
-2.0350844860076904, -0.1407439410686493
-0.7202035784721375, -1.0
-0.08162511885166168, -1.0
0.09640349447727203, -0.7937497496604919
0.12416251003742218, -0.8054355382919312
-0.5097017288208008, -1.0
-0.4896301031112671, 0.03954244405031204
0.08754763007164001, -0.7793070673942566
-0.6931236982345581, -1.0
