target,prediction
-0.7128374576568604, -0.9325353503227234
-0.8715529441833496, -0.9735219478607178
-0.33449411392211914, -0.889154851436615
-0.36515578627586365, -0.987232506275177
-1.1885254383087158, -0.9599564671516418
-0.9789539575576782, -0.9755531549453735
-1.0073528289794922, -0.9994922280311584
-1.0895850658416748, -0.9721436500549316
-1.1770119667053223, -0.9261516332626343
