target,prediction
-0.865755021572113, -0.9528473019599915
-0.8659064173698425, -0.9778019785881042
-0.9781559705734253, -0.9350743293762207
-0.8921610713005066, -0.8988755941390991
-1.067597508430481, -0.9978962540626526
-1.1818240880966187, -0.9313746690750122
-0.9838404655456543, -0.9833151698112488
-1.1314443349838257, -0.9360173940658569
-1.0003347396850586, -0.9751904010772705
