{"loss": [0.2553034464518229, 0.2287303712632921, 0.20667875077989367], "mae": [0.2553034464518229, 0.2287303712632921, 0.20667875077989367]}