{"loss": [0.30741846561431885, 0.2596552848815918, 0.2354435920715332], "mae": [0.30741846561431885, 0.2596552848815918, 0.2354435920715332]}