target,prediction
-0.49246829748153687, -1.0
-0.5857410430908203, -0.8085470199584961
-0.6784322261810303, -1.0
-0.5895344018936157, -1.0
-1.03587806224823, -1.0
-0.6912033557891846, -1.0
-0.36586689949035645, -1.0
-0.34499695897102356, -1.0
-0.42493295669555664, 0.11623931676149368
