{"loss": [0.009763404966837096, 0.007083646035440381, 0.006484634024198979, 0.006951342630517783, 0.007807103408396585, 0.005419818090482632, 0.005872156962915265, 0.004902427875432492, 0.00538441953972028, 0.005608504137100921, 0.0056212881330135874, 0.004912212183678616, 0.005065091555306117, 0.004728495799209337, 0.004959341637699436, 0.005055758572483221, 0.004650459702185723, 0.006375952016089369, 0.005012368817183245, 0.004317072015989183, 0.005378769839940326, 0.005062167596792795, 0.005977523660511683, 0.005049772919882597, 0.0056732983055470835, 0.005260548499771524, 0.005052438179476523, 0.004932366811671968, 0.005237674737753093, 0.005901567828079591, 0.005129685473508189, 0.0049127285650187045, 0.0051782624216791815, 0.005169639463198909, 0.005621413670603157, 0.005426219999301299, 0.0062088192996769586, 0.004909024443752394, 0.0051851481838795085, 0.00508032937908291, 0.0050027171620175975, 0.005485015300663727, 0.007408608980403336, 0.0058643045104503225, 0.006200490617570614, 0.005370450814571641, 0.0060225835231773415, 0.005627909097302313, 0.005293360569589274, 0.005925193290887383], "mae": [0.05858036067911091, 0.042501892476621506, 0.038907715709806896, 0.0417081655649664, 0.04684282984911191, 0.032518868899446454, 0.03523279641817735, 0.02941452252665211, 0.03230657721174504, 0.03365113867046003, 0.033727861959411354, 0.029473320877510638, 0.03039057067830942, 0.028370799957479452, 0.029756210432991363, 0.03033443148805261, 0.027902871044470142, 0.0382555951991856, 0.03007427490952023, 0.025902478854875344, 0.03227250214229134, 0.030372979151790547, 0.03586500168624936, 0.03029842100507228, 0.03403956722006699, 0.031563378417517426, 0.03031455080645917, 0.029593997570291616, 0.03142617752185358, 0.035409415100467155, 0.03077813723701796, 0.02947652081542127, 0.031069581645565995, 0.03101780120173892, 0.03372834987878782, 0.03255730068233248, 0.037252839560659175, 0.029454170041984487, 0.031111176772409422, 0.030482079957364953, 0.030016253163669238, 0.032910111117457674, 0.04445164270093431, 0.035185931762068134, 0.03720314497216648, 0.0322227607948584, 0.03613565463036789, 0.03376749321076452, 0.03176003432220062, 0.035551204471267146]}