{"loss": [0.009840138391121515, 0.007107406830060413, 0.006627208975885062, 0.007079772217327496, 0.007803019721102591, 0.005497788700360207, 0.006041989301103868, 0.005012616844608948, 0.00552392293602275, 0.0056953627443345764, 0.005761992294356123, 0.005070875388414688, 0.005183612943848132, 0.004869074672449388, 0.005175216207080433, 0.005259768515970453, 0.004869798558642641, 0.00649630050470489, 0.005206596044588865, 0.004558690169811213, 0.0055708891982877845, 0.005193801098817615, 0.0061400044065342664, 0.005243103695194519, 0.005837210702599502, 0.005435791793259457, 0.005194472952117039, 0.00516596750315006, 0.0053532521853175, 0.00598377306976124, 0.005279346035220656, 0.005111634869773125, 0.005326447811725659, 0.005337750957277165, 0.00579506977649944, 0.005641735699869548, 0.006326686993787414, 0.005087424135812083, 0.005343188108787145, 0.005251699986686898, 0.005169775053040159, 0.00564045603375541, 0.007559385130289817, 0.005980681401003804, 0.006259516530386076, 0.005534169413576524, 0.006098690288835028, 0.005769325501645584, 0.005419937770763169, 0.0060559078143077715], "mae": [0.05904078917784606, 0.04264441239086038, 0.039763180666184984, 0.04247865731914675, 0.04681815949549858, 0.03298670933055956, 0.03625184775095673, 0.03007569649333335, 0.03314350330873398, 0.03417216274304645, 0.03457198578637909, 0.030425204300124596, 0.031101700534690475, 0.029214420588774312, 0.031051373862348235, 0.031558549342498174, 0.029218821084938028, 0.038977934539939016, 0.03123954996519125, 0.027352121006215806, 0.033425343194787294, 0.031162838613148044, 0.0368399475321798, 0.03145859815598535, 0.03502323562609491, 0.03261473703659573, 0.03116681369752047, 0.030995837039142715, 0.03211945478932071, 0.035902664720909375, 0.03167605448330234, 0.030669806931478583, 0.031958607963328146, 0.03202650002576257, 0.03477033746481067, 0.03385040276341644, 0.037960104809023225, 0.030524558537833507, 0.03205912865272287, 0.03151025366838534, 0.031018651461821038, 0.03384270189512994, 0.04535629820235798, 0.0358840540986203, 0.03755704085973216, 0.03320502563009982, 0.036592168035352104, 0.034615919846051064, 0.03251963691679977, 0.03633544574226654]}