target,prediction
-0.9799872636795044, -0.9528473019599915
-1.0792033672332764, -0.9778019785881042
-0.6910234093666077, -0.9350743293762207
-0.5226617455482483, -0.8988755941390991
-0.568963348865509, -0.9978962540626526
-0.7754793763160706, -0.9313746690750122
-1.0754811763763428, -0.9833151698112488
-0.6770854592323303, -0.9360173940658569
-0.6185155510902405, -0.9751904010772705
