{"loss": [0.1038990957396371, 0.07920401436941964, 0.06420588493347168, 0.050405957869121006, 0.04186237709862845, 0.036411566393716, 0.030350165707724436, 0.026135365877832686, 0.023114549262183055, 0.02067788371018001, 0.021979796034949168, 0.017021942351545607, 0.015276703451360975, 0.015323948647294725, 0.01291674907718386, 0.012190771954400199, 0.010989200856004442, 0.010615334979125432, 0.009434843701975686, 0.008218971214124135, 0.007642831653356552, 0.006109990179538727, 0.005823398275034768, 0.004804780440671104, 0.004586133041552135, 0.0037858832095350537, 0.0033046951783554895, 0.0033436239297900882, 0.0026748787079538617, 0.003140213500176157, 0.002501674262540681, 0.0037311834416219164, 0.0021862113582236426, 0.0016085392396364892, 0.0024614978049482617, 0.0017962192318269185, 0.0015917872743947165, 0.0019153895388756479, 0.0013920996072036879, 0.0013820821685450418, 0.0023045268441949573, 0.001356202975979873, 0.0016330169247729437, 0.0018437218719295093, 0.0015363025345972606, 0.0033057736498968942, 0.0037150790116616656, 0.0015471331509096281, 0.0038879926183394025, 0.0011805047148040362, 0.0016570616779582842, 0.0011223828686135156, 0.0012996900560600416, 0.0015849330063377107, 0.0010941919338490283, 0.0020090646243521144, 0.0012697175677333558, 0.0018758060676710947, 0.0035600231162139346, 0.0019698202876108034, 0.0025187781346695764, 0.0012091921110238349, 0.004424966871738434, 0.003360330792410033, 0.0017909911860312735, 0.0011054292055112974, 0.0012063164530055864, 0.004555010902030128, 0.0013420709541865758, 0.001501913315483502, 0.0035980838750089917, 0.007093249687126705, 0.0024454545761857715, 0.001303269128714289, 0.0023582915642431806, 0.005664709955453873, 0.0021277578281504767, 0.0013908775789397104, 0.002293830471379416, 0.0008896554687193462, 0.005829324679715293, 0.0054603735251086095, 0.0021972600370645523, 0.0057110706610339025, 0.002938838941710336, 0.0010864237057311194, 0.01122330129146576, 0.0028946205441440854, 0.0017344392836093903], "mae": [0.25700572558811735, 0.21959859984261648, 0.20115000861031668, 0.17287262848445348, 0.1534411907196045, 0.144858717918396, 0.12750109604426793, 0.11770272254943848, 0.10909054960523333, 0.1053771802357265, 0.1117429222379412, 0.09328875371388026, 0.09003434010914393, 0.09091019630432129, 0.0815072911126273, 0.08109440122331892, 0.07450939076287406, 0.07237812450953893, 0.07048591119902474, 0.06516174333436149, 0.061853340693882534, 0.056397893599101474, 0.05585194059780666, 0.04913825648171561, 0.05047879474503653, 0.04458884681974139, 0.04158971990857806, 0.04200721638543265, 0.037087666136877875, 0.04271321637289865, 0.03618328486170087, 0.04844505446297782, 0.035360753536224365, 0.030050064836229597, 0.03959361144474575, 0.03159799958978381, 0.029230890529496328, 0.032331494348389764, 0.027608852301325117, 0.027280671255929128, 0.03646770119667053, 0.027019981827054704, 0.0324646532535553, 0.030884185007640293, 0.02876510577542441, 0.04312240651675633, 0.048756727150508335, 0.029631723250661577, 0.04835242458752224, 0.025207928248814175, 0.02926862026963915, 0.02502288350037166, 0.027288473078182766, 0.028856292366981506, 0.02489680051803589, 0.03558753856590816, 0.02659267612865993, 0.03346454458577292, 0.047752439975738525, 0.033535976495061605, 0.03490736016205379, 0.026941569788115367, 0.05412686722619193, 0.049731744187218804, 0.03429444559982845, 0.02456684410572052, 0.027275956102779934, 0.05171091215951102, 0.028669529727527072, 0.029766942773546492, 0.05200655971254621, 0.06771678583962577, 0.039890825748443604, 0.02849517124039786, 0.037787411894117086, 0.06346115469932556, 0.0368392424924033, 0.028994634747505188, 0.037998629467827935, 0.023593395948410034, 0.06097327811377389, 0.06235268286296299, 0.03632652759552002, 0.06376847199031285, 0.04451105424336025, 0.025272020271846225, 0.08019271918705531, 0.044825975384031026, 0.03197317676884787]}