{"loss": [0.10109245777130127, 0.0836591124534607, 0.06369740764300029, 0.052461753288904824, 0.04616822302341461, 0.03560266892115275, 0.030351387957731884, 0.025934480130672455, 0.025686830282211304, 0.020906098186969757, 0.021486987670262653, 0.02097506821155548, 0.019251407434542973, 0.017694376409053802, 0.01772858202457428, 0.01634727915128072, 0.017113024989763897, 0.016682860751946766, 0.018701476355393726, 0.015145823359489441, 0.01630198707183202, 0.013612383355696997, 0.013320105771223703, 0.01255792131026586, 0.012108329683542252, 0.012402079999446869, 0.012621154387791952, 0.013774317999680838, 0.01322957749168078, 0.013432790835698446, 0.012722048908472061, 0.012964895615975061, 0.012021031230688095, 0.011641082664330801, 0.012128864725430807, 0.01078509787718455, 0.012442849576473236, 0.01214068258802096, 0.010540854185819626, 0.01118579258521398, 0.011931446691354116, 0.01266787201166153, 0.011752720922231674, 0.010747488588094711, 0.014173379788796106, 0.01588444908459981, 0.014522229631741842, 0.012690669546524683, 0.01589016119639079, 0.012905498345692953, 0.012243992338577906, 0.012010234097639719, 0.010659148295720419, 0.01164377729098002, 0.011344085137049357, 0.012274558345476786, 0.012309703975915909, 0.012823683520158132, 0.014871425926685333, 0.013958374659220377, 0.01200255254904429, 0.013416039446989695, 0.015600807964801788, 0.013817387322584787, 0.012651731570561727, 0.010645518700281778, 0.014002146820227305, 0.01512633760770162, 0.010660928984483084, 0.01318857322136561, 0.012766153862078985, 0.01794581984480222, 0.01370304822921753, 0.012333250294129053, 0.013554273794094721, 0.014349537591139475, 0.010870882620414099, 0.012410593529542288, 0.01358504593372345, 0.011543167134126028, 0.018577727178732555, 0.013888658334811529, 0.01118066410223643, 0.01465286190311114, 0.012811953822771708, 0.010695338249206543, 0.022001683712005615, 0.0110618956387043, 0.01161617785692215], "mae": [0.2547244032224019, 0.23048226038614908, 0.19295100371042886, 0.17661533753077188, 0.16163545846939087, 0.14508136113484701, 0.13207287589708963, 0.12062489986419678, 0.11924999952316284, 0.11062663793563843, 0.11440098285675049, 0.10804784297943115, 0.10391594966252644, 0.10261367758115132, 0.0995325247446696, 0.09767496585845947, 0.09664236505826314, 0.09661654631296794, 0.10324915250142415, 0.09557753801345825, 0.09395347038904826, 0.08809736371040344, 0.08916173378626506, 0.08364814519882202, 0.08501704533894856, 0.08153096834818523, 0.08490931987762451, 0.09158772230148315, 0.08434714873631795, 0.0901796817779541, 0.08746254444122314, 0.08651161193847656, 0.08665311336517334, 0.083585520585378, 0.08169976870218913, 0.08151023586591084, 0.08652809262275696, 0.0879855751991272, 0.08076484501361847, 0.083432137966156, 0.08302711447079976, 0.08778480688730876, 0.08459537227948506, 0.08399687210718791, 0.09294700622558594, 0.09957929452260335, 0.09244078397750854, 0.08778399229049683, 0.09926603237787883, 0.08659538626670837, 0.0895585020383199, 0.08546303709348042, 0.08511985341707866, 0.08631434043248494, 0.08549698193868001, 0.09064307808876038, 0.08764613668123881, 0.08855065703392029, 0.09968754649162292, 0.09435733159383138, 0.09188373883565266, 0.09010907014211018, 0.0983591079711914, 0.09407838185628255, 0.08964524666468303, 0.08381468057632446, 0.09530425071716309, 0.09719131390253703, 0.08668822050094604, 0.0938140054543813, 0.0897185206413269, 0.10936221480369568, 0.09521015485127766, 0.08811908960342407, 0.09652352333068848, 0.09473812580108643, 0.08508443832397461, 0.09107736746470134, 0.09425370891888936, 0.08819422125816345, 0.10529529054959615, 0.09453840057055156, 0.0848684310913086, 0.09959240754445393, 0.093601127465566, 0.08125099539756775, 0.12080573042233785, 0.08346819877624512, 0.08756241202354431]}