target,prediction
-0.6145265102386475, -0.7304806113243103
-0.7091521620750427, -0.7985579967498779
-0.7867138981819153, -0.6685413718223572
-0.918458878993988, -0.6060441732406616
-0.8273328542709351, -0.8392928242683411
-0.4001407325267792, -0.6250165104866028
-0.7752994298934937, -0.9531270861625671
-0.7721254229545593, -0.9497789740562439
-0.8479511141777039, -0.9341546893119812
