target,prediction
-0.7273522019386292, -0.6410256624221802
-0.8672938346862793, -0.8461538553237915
-1.3727002143859863, -1.0
-0.9960656762123108, -1.0
-1.1735680103302002, -0.9606837630271912
-0.8059847950935364, -0.6666666865348816
-1.074735164642334, -0.916239321231842
-1.2449485063552856, -1.0
-1.1081316471099854, -1.0
