target,prediction
0.602232813835144, -0.2643006145954132
-0.027025561779737473, 0.04099501296877861
0.30013307929039, 0.33375921845436096
-0.15529505908489227, 0.2685486972332001
-0.24735306203365326, 0.4959885776042938
-0.3976723849773407, -0.15679432451725006
-0.8280990123748779, 0.2917960286140442
-0.5777013301849365, 0.12670809030532837
-0.48739972710609436, 0.4713987410068512
