{"loss": [0.04819005727767944, 0.043438726001315646, 0.042272080977757774, 0.04108011391427782, 0.03995370864868164, 0.039559781551361084, 0.03792051143116421, 0.039704339371787176, 0.0418099562327067, 0.04251180754767524, 0.04258762134446038, 0.039034237464269005, 0.038295103443993464, 0.042649308840433754, 0.040862474176618785, 0.04177586568726434, 0.04119640257623461, 0.04488933086395264, 0.04547645648320516, 0.04436586300532023, 0.0434668759504954, 0.04115511642562018, 0.04335647159152561, 0.04439180427127414, 0.04852745268079969, 0.04811692237854004, 0.04383101065953573, 0.042721841070387095, 0.041682455274793834, 0.039982732799318105, 0.04058281249470181, 0.04107006722026401, 0.042921450403001576, 0.044005380736456975, 0.04348725080490112, 0.04545991950564914, 0.03970710436503092, 0.044940024614334106, 0.03990573353237576, 0.03982358839776781, 0.04048119982083639, 0.04387843608856201, 0.04523678289519416, 0.053955001963509455, 0.0656810204188029, 0.08587830596499973, 0.06374628676308526, 0.08931505680084229, 0.04637484418021308, 0.07858179012934367, 0.05079971419440375, 0.07580433951483832, 0.04385958446396722, 0.08139814270867242, 0.04832017421722412, 0.047464592589272395, 0.04370361566543579, 0.043015615807639226, 0.04470488760206434, 0.044817994038263954, 0.04781728320651584, 0.046268052524990506, 0.04837318261464437, 0.04460119538837009, 0.04351610276434156, 0.04686371154255337, 0.042223218414518565, 0.05558039744695028, 0.045791417360305786, 0.04762083292007446, 0.04247249828444587, 0.04025358623928494, 0.04720295137829251, 0.057578484217325844, 0.05683236651950412, 0.05823706918292575, 0.07299647728602092, 0.07352313730451795, 0.04311258594195048, 0.06238914860619439, 0.058681117163764104, 0.06137153837415907, 0.07480655776129828, 0.11427654160393609, 0.08544155624177721, 0.06705318556891547, 0.08662135071224636, 0.05960379044214884, 0.033350073628955416, 0.030681997537612915, 0.03969484898779127, 0.03680864969889323], "mae": [0.1213896009657118, 0.13586278756459555, 0.15316919485727945, 0.14841524759928384, 0.13511191474066842, 0.1290767722659641, 0.13162851333618164, 0.13895683818393284, 0.14369667900933158, 0.14484998914930555, 0.14146235254075792, 0.1371285253100925, 0.13367152214050293, 0.14283567004733616, 0.14713720480600992, 0.14749791887071398, 0.14111291037665474, 0.14207739300198025, 0.14012694358825684, 0.13814244005415174, 0.14114626248677573, 0.15007095866733128, 0.1490105523003472, 0.15478221575419107, 0.16880326800876194, 0.1532178454928928, 0.1423726346757677, 0.14700550503200954, 0.14263510704040527, 0.13907535870869955, 0.14345288276672363, 0.14516006575690377, 0.1451972590552436, 0.14884029494391549, 0.14408773846096462, 0.16178059577941895, 0.1337059868706597, 0.16300741831461588, 0.1142469114727444, 0.11650753021240234, 0.14022323820326063, 0.12352585792541504, 0.17442451583014595, 0.13250838385687935, 0.22460876570807564, 0.18219766351911756, 0.2249567773607042, 0.18961726294623482, 0.19241706530253092, 0.18820936150021023, 0.20306992530822754, 0.17986093627081978, 0.1752932204140557, 0.18083645237816703, 0.19369335969289145, 0.18447752793629965, 0.1572944853040907, 0.16713902685377333, 0.1639409859975179, 0.16637263033125135, 0.17651869191063774, 0.17265306578742134, 0.15561556816101074, 0.1697854995727539, 0.1591020425160726, 0.15501856803894043, 0.17472116152445474, 0.15178962548573813, 0.17939137087927925, 0.1923776070276896, 0.16030310259924996, 0.16962332195705837, 0.14615521166059706, 0.15200863944159615, 0.1463200251261393, 0.20966781510247123, 0.22358844015333387, 0.22795075840420193, 0.19161864121754965, 0.23280853695339626, 0.2285697725084093, 0.20137312677171496, 0.1977172295252482, 0.260022587246365, 0.2369009388817681, 0.18735384941101074, 0.2044964631398519, 0.19468588299221462, 0.14603786998324925, 0.10942168368233575, 0.14370330174763998, 0.14202221234639487]}