{"loss": [0.001473850104957819, 0.003702841466292739, 0.0062035927549004555, 0.004718832205981016, 0.003324714954942465, 0.0033130126539617777, 0.0034348343033343554, 0.004939054138958454, 0.006689657922834158, 0.006350910756736994, 0.0060334959998726845, 0.004294516984373331, 0.004789784085005522, 0.00517523568123579, 0.005350806284695864, 0.00692314887419343, 0.005559556186199188, 0.0049524009227752686, 0.005087893921881914, 0.0034254787024110556, 0.006301341578364372, 0.007877621799707413, 0.007638690527528524, 0.008887325413525105, 0.010160671547055244, 0.005315982736647129, 0.004574130289256573, 0.0065400972962379456, 0.004348558373749256, 0.006406913511455059, 0.00564573286101222, 0.004997570067644119, 0.004282853566110134, 0.005213416647166014, 0.004173174034804106, 0.008077855221927166, 0.004881416447460651, 0.009047828614711761, 0.0010878982720896602, 0.0003442277666181326, 0.002048020949587226, 4.605773256116663e-07, 0.008164011873304844, 1.455396159144584e-06, 0.02099209651350975, 0.0018075488042086363, 0.017914796248078346, 0.000432887754868716, 0.02389512211084366, 7.631898915860802e-05, 0.020340420305728912, 1.6178419173229486e-05, 0.008381685242056847, 8.414676813117694e-07, 0.010730198584496975, 0.008434043265879154, 0.002988845342770219, 0.0055010817013680935, 0.00353965163230896, 0.00351458927616477, 0.0040497309528291225, 0.004286927171051502, 0.0014181770384311676, 0.0055255829356610775, 0.002835037186741829, 0.0023881455417722464, 0.008832971565425396, 0.000851169228553772, 0.007827043533325195, 0.012620029039680958, 0.005723081529140472, 0.006413384340703487, 0.001529513276182115, 0.00025301147252321243, 0.00010724568710429594, 0.014957617968320847, 0.014590916223824024, 0.018864357843995094, 0.021661940962076187, 0.03941192105412483, 0.026466576382517815, 0.00018016001558862627, 0.004218718037009239, 0.0006929547525942326, 0.004068110138177872, 0.011098689399659634, 0.03405764326453209, 0.0008380942163057625, 0.009272061288356781, 0.03083464503288269, 0.04101066291332245, 0.02810671739280224], "mae": [0.03839075565338135, 0.06085097789764404, 0.07876288890838623, 0.06869375705718994, 0.05766034126281738, 0.05755877494812012, 0.05860745906829834, 0.07027840614318848, 0.08179032802581787, 0.07969260215759277, 0.07767558097839355, 0.06553256511688232, 0.06920826435089111, 0.07193911075592041, 0.07314920425415039, 0.0832054615020752, 0.0745624303817749, 0.0703732967376709, 0.07132947444915771, 0.058527588844299316, 0.07938098907470703, 0.08875596523284912, 0.08739960193634033, 0.09427261352539062, 0.10080015659332275, 0.07291078567504883, 0.06763231754302979, 0.0808708667755127, 0.06594359874725342, 0.08004319667816162, 0.07513809204101562, 0.0706934928894043, 0.06544351577758789, 0.07220399379730225, 0.06460011005401611, 0.08987689018249512, 0.06986713409423828, 0.09512007236480713, 0.03298330307006836, 0.01855337619781494, 0.045255064964294434, 0.0006786584854125977, 0.09035491943359375, 0.0012063980102539062, 0.14488649368286133, 0.04251527786254883, 0.13384616374969482, 0.020805954933166504, 0.1545804738998413, 0.008736073970794678, 0.14261984825134277, 0.00402224063873291, 0.09155154228210449, 0.0009173154830932617, 0.10358667373657227, 0.09183704853057861, 0.05467033386230469, 0.07416927814483643, 0.059494972229003906, 0.05928397178649902, 0.06363749504089355, 0.06547462940216064, 0.03765869140625, 0.07433426380157471, 0.05324506759643555, 0.048868656158447266, 0.09398388862609863, 0.0291748046875, 0.08847057819366455, 0.11233890056610107, 0.07565104961395264, 0.08008360862731934, 0.039108991622924805, 0.015906333923339844, 0.010355949401855469, 0.12230134010314941, 0.12079286575317383, 0.13734757900238037, 0.1471799612045288, 0.1985243558883667, 0.16268551349639893, 0.013422369956970215, 0.06495165824890137, 0.026324033737182617, 0.06378173828125, 0.1053503155708313, 0.18454712629318237, 0.028949856758117676, 0.09629154205322266, 0.17559796571731567, 0.20251089334487915, 0.16765058040618896]}