target,prediction
-0.7423382997512817, -0.9954615235328674
-0.7282200455665588, -0.9981775879859924
-0.8803001642227173, -0.9981014132499695
-0.9145157337188721, -0.9718270897865295
-0.7006270289421082, -0.9956896305084229
-0.975307047367096, -0.9583202004432678
-1.0801684856414795, -0.8246792554855347
-0.6311319470405579, -0.8119339346885681
-0.8516339659690857, -0.9829331040382385
