target,prediction
-0.14505282044410706, 0.04099501296877861
0.2650814652442932, 0.2562583088874817
0.12550345063209534, 0.5375418663024902
-0.08499108999967575, 0.09719386696815491
0.14239317178726196, 0.2685486972332001
0.09662505239248276, -0.15679432451725006
0.21341532468795776, 0.20174172520637512
-0.09623979777097702, -0.2643006145954132
0.14692959189414978, 0.5452412962913513
