target,prediction
-1.0192519426345825, -0.7937497496604919
-0.12339339405298233, -1.0
-0.7923836708068848, -1.0
-0.4437212347984314, 0.03954244405031204
-2.267404317855835, -0.1407439410686493
0.47042617201805115, -1.0
0.7956656217575073, -0.8054355382919312
-2.3473851680755615, -1.0
-0.7559195756912231, -0.7793070673942566
