target,prediction
-0.2567000985145569, -0.3355972468852997
0.12205678969621658, 0.7511199116706848
1.3407213687896729, 0.07588529586791992
-0.36246198415756226, 0.015420551411807537
-0.37163636088371277, 0.028463594615459442
0.5636113286018372, 0.4232093095779419
-0.2413705587387085, 0.06467325985431671
0.1847960352897644, 0.08671718835830688
-0.17397987842559814, 0.10733789950609207
