target,prediction
-0.7221766114234924, -0.31945016980171204
-0.5284518003463745, -0.34761562943458557
-0.7443667054176331, -0.38641995191574097
-0.15727035701274872, 0.24695047736167908
0.025323908776044846, 0.017631417140364647
-0.36309927701950073, -0.09679259359836578
0.20208404958248138, 0.2477288693189621
-0.6135403513908386, -0.3944125175476074
-0.33021456003189087, -0.39101624488830566
