target,prediction
0.16953878104686737, 0.38856270909309387
1.4022512435913086, -0.5583403706550598
-0.6143427491188049, -0.3716297447681427
-0.7925629615783691, -0.6598514318466187
-0.19577763974666595, -0.7445086240768433
-0.28349754214286804, -0.19084984064102173
0.5839564204216003, 0.362287312746048
0.2457394152879715, 0.27558356523513794
-0.9860376119613647, -0.3813003599643707
