target,prediction
-1.109696626663208, -0.9325353503227234
-1.1509637832641602, -0.9735219478607178
-0.8411797881126404, -0.889154851436615
-0.6864719390869141, -0.987232506275177
-0.6326144933700562, -0.9599564671516418
-1.1010332107543945, -0.9755531549453735
-0.7982829809188843, -0.9994922280311584
-0.9548459053039551, -0.9721436500549316
-1.2474620342254639, -0.9261516332626343
