target,prediction
2.360732078552246, 0.33375921845436096
16.651371002197266, -1.0
1.58360755443573, 0.04099501296877861
3.51127552986145, 0.37948140501976013
2.204547882080078, -0.04283304139971733
3.8713481426239014, -0.07649680227041245
1.9705528020858765, 0.6991934776306152
2.8679039478302, 0.5625163316726685
1.778279423713684, 0.4118645489215851
