target,prediction
-0.9391008019447327, -0.9913079142570496
-0.8143220543861389, -0.9999129176139832
-2.109086751937866, -0.9990180134773254
-0.9208663105964661, -0.9812979102134705
-0.7899700999259949, -0.9994727969169617
-1.0639259815216064, -0.99821937084198
-1.0389844179153442, -0.9938071370124817
-3.026813268661499, -0.928724467754364
-0.6814215779304504, -0.9955627918243408
