target,prediction
-0.9240095615386963, -0.7304806113243103
-1.0882635116577148, -0.7985579967498779
-0.8690369129180908, -0.6685413718223572
-0.8358665704727173, -0.6060441732406616
-0.8701518774032593, -0.8392928242683411
-0.711761474609375, -0.6250165104866028
-0.8687543869018555, -0.9531270861625671
-0.95287024974823, -0.9497789740562439
-0.961635947227478, -0.9341546893119812
