target,prediction
-0.7335818409919739, -1.0
-0.8150283098220825, -0.8085470199584961
-0.25938162207603455, -1.0
-0.39671790599823, -1.0
-0.6125496625900269, -1.0
-0.7023889422416687, -1.0
-0.48700839281082153, -1.0
-0.7168102860450745, -1.0
-0.4983595609664917, 0.11623931676149368
