target,prediction
-0.23934082686901093, -0.7851657271385193
-0.31703293323516846, -0.6501270532608032
-0.5477179884910583, -0.9410796761512756
-0.6116778254508972, -0.860497236251831
-0.8936002850532532, -0.9140663146972656
-0.3139064311981201, -0.40962421894073486
-0.4664573073387146, -0.8487789630889893
-0.7185238003730774, -0.8900718092918396
-1.3409029245376587, -0.5602872371673584
