target,prediction
-0.3657202422618866, 0.2624625861644745
-0.14768517017364502, -0.1347503960132599
-0.19440880417823792, 0.33375921845436096
-0.4663756191730499, 0.028463594615459442
-0.02071274444460869, 0.23016135394573212
0.04164867475628853, 0.028463594615459442
-0.2431470900774002, -0.20604702830314636
-0.4678533673286438, 0.1537250280380249
0.06459610164165497, 0.11716976016759872
