target,prediction
-0.8898422122001648, -0.951178789138794
-1.1273787021636963, -0.9368153810501099
-0.878453254699707, -0.8494740724563599
-0.8076614737510681, -0.9773666858673096
-1.1633797883987427, -0.9245556592941284
-0.6549515724182129, -0.9505259394645691
-0.4336150288581848, -0.9788901209831238
-1.0575182437896729, -0.9301414489746094
-1.1243953704833984, -0.8605731129646301
