target,prediction
-1.346289038658142, -0.9921653866767883
-1.2777374982833862, -0.9227421283721924
-0.4217876195907593, -0.9373956918716431
-1.2759065628051758, -0.9708378911018372
-0.8552066087722778, -0.9087414145469666
-0.9913089871406555, -0.9991294741630554
-0.7560452818870544, -0.8887196183204651
-0.7729482650756836, -0.8494740724563599
-0.8247982859611511, -0.9417482614517212
