{"loss": [0.12041046222050984, 0.09552256266276042, 0.07600786288579305, 0.06269343694051106, 0.05330100158850352, 0.045437956849733986, 0.03821937988201777, 0.034509748220443726, 0.03437596062819163, 0.029463643829027813, 0.03230050206184387, 0.028987844785054524, 0.026006345947583515, 0.025092596809069317, 0.02373698850472768, 0.02442071835199992, 0.024274172882239025, 0.024652749300003052, 0.0202687606215477, 0.02153751750787099, 0.021444961428642273, 0.0198813093205293, 0.02367083231608073, 0.021416666607062023, 0.020588329682747524, 0.02120095243056615, 0.022189875443776447, 0.021292326351006825, 0.01923518379529317, 0.020784723261992138, 0.022293413678805035, 0.01816273232301076, 0.022992856800556183, 0.022452217837174732, 0.020887757341066997, 0.01980386922756831, 0.02150789151589076, 0.01838960001866023, 0.019999946157137554, 0.02050020545721054, 0.021746238072713215, 0.02017843723297119, 0.02165825664997101, 0.020408157259225845, 0.020454183220863342, 0.019039668142795563, 0.022554730375607807, 0.025689673920472462, 0.0170467309653759, 0.021576225757598877, 0.017685395975907642, 0.01997740442554156, 0.01979425425330798, 0.0175118421514829, 0.018962107598781586, 0.01408590500553449, 0.019379906356334686, 0.018693731476863224, 0.017165849606196087, 0.01889730120698611, 0.020207226276397705, 0.01880379890402158, 0.016384898374478023, 0.018269799649715424, 0.016010835766792297, 0.01754209150870641, 0.018234995504220326, 0.016522568960984547, 0.021181300282478333, 0.02039254829287529, 0.021251680950323742, 0.019875502834717434, 0.024165218075116474, 0.01892766480644544, 0.019243004421393078, 0.024281834562619526, 0.018753354748090107, 0.02150205026070277, 0.02002483109633128, 0.017555925995111465, 0.018787740419308346, 0.018625115354855854, 0.01917560026049614, 0.025417288144429524, 0.02057260274887085, 0.020237286885579426, 0.015741534531116486, 0.02298457423845927, 0.019787499060233433, 0.021955154836177826, 0.01827944318453471, 0.027326357861359913, 0.01798426980773608, 0.017119503269592922, 0.018279463052749634, 0.01924350733558337, 0.015729551513989765, 0.02398145447174708, 0.02068692445755005, 0.01849336301287015, 0.022496891518433888, 0.017888156076272328, 0.02530965954065323, 0.01847708225250244, 0.026821501553058624, 0.018778113027413685], "mae": [0.29427893956502277, 0.2611333926518758, 0.225939671198527, 0.19851537545522055, 0.18208173910776773, 0.16782373189926147, 0.15447683135668436, 0.1454292138417562, 0.15047964453697205, 0.13702053825060526, 0.14610757430394491, 0.13747265934944153, 0.1310255527496338, 0.12695762515068054, 0.12400826811790466, 0.12446284294128418, 0.12726267178853354, 0.12520482142766318, 0.11287378271420796, 0.11871480941772461, 0.11765068769454956, 0.11147489150365193, 0.12046746412913005, 0.11824206511179607, 0.11688961585362752, 0.1181001365184784, 0.1215293010075887, 0.11896725495656331, 0.11558480064074199, 0.11546210447947185, 0.12230023741722107, 0.10784239570299785, 0.12335142493247986, 0.12273283799489339, 0.11570975184440613, 0.11504560708999634, 0.12268390258153279, 0.11121825377146403, 0.1190689206123352, 0.12143964568773906, 0.12291155258814494, 0.1202799379825592, 0.12309356530507405, 0.11517492930094402, 0.1221560537815094, 0.11325132846832275, 0.12413820624351501, 0.1364986797173818, 0.10731066266695659, 0.12301014860471089, 0.10582107305526733, 0.12024271488189697, 0.11513996124267578, 0.11112360159556071, 0.1151736577351888, 0.0955458680788676, 0.11681193113327026, 0.11502015590667725, 0.10888407627741496, 0.11586369077364604, 0.11975770195325215, 0.11671789487202962, 0.10470044612884521, 0.11431658267974854, 0.1062798798084259, 0.10912814736366272, 0.11390148599942525, 0.1043365200360616, 0.12118169665336609, 0.11243752638498943, 0.11894782384236653, 0.11467564105987549, 0.12991638978322348, 0.1128070851167043, 0.11254523197809856, 0.12456215421358745, 0.11420130729675293, 0.1234725018342336, 0.11772971351941426, 0.10630573829015096, 0.11144540707270305, 0.11191458503405254, 0.11294364929199219, 0.12876317898432413, 0.11719932158788045, 0.1180293361345927, 0.10095979770024617, 0.12171562512715657, 0.11673490206400554, 0.1200715700785319, 0.10481284062067668, 0.1369205911954244, 0.10832310716311137, 0.10758590698242188, 0.10949182510375977, 0.11146535476048787, 0.0991014043490092, 0.1243301232655843, 0.11405839522679646, 0.10856463511784871, 0.1234216292699178, 0.11043383677800496, 0.13057971000671387, 0.11067166924476624, 0.13374418020248413, 0.11075025796890259]}