{"loss": [0.11790946551731654, 0.09193295240402222, 0.07151689699717931, 0.05717483588627407, 0.047992748873574395, 0.04083868861198425, 0.035463686500276835, 0.03112192451953888, 0.028717515724045888, 0.025698287146432058, 0.02446739375591278, 0.021756644759859358, 0.01833974463599069, 0.017001947121960775, 0.014677831104823522, 0.014151814792837416, 0.01217235199042729, 0.012201909508023943, 0.010017208755016327, 0.00875174573489598, 0.007973814649241311, 0.006635352436985288, 0.009662838918822152, 0.004924551184688296, 0.003951885870524815, 0.003387454631073134, 0.003540924085038049, 0.0026916105832372394, 0.002291708386370114, 0.0022969312433685574, 0.0023587968732629505, 0.002047854209584849, 0.003106286483151572, 0.002869620387043272, 0.0029478411057165693, 0.002146208791860512, 0.0020735894462891986, 0.001444061951977866, 0.0016352076615606035, 0.0025867532406534466, 0.002883122701730047, 0.0017021347635558673, 0.001285002433827945, 0.0017917508791599954, 0.0013480053416320256, 0.001718337115432535, 0.002003218313413007, 0.004744322704417365, 0.002571198024920055, 0.0018561724573373795, 0.004606382655245917, 0.0012322662930403436, 0.002510394368852888, 0.0020264286015714917, 0.001958607030766351, 0.0017616635720644677, 0.002080777127827917, 0.0014788094641906874, 0.001088459776448352, 0.0008208005955176694, 0.0016822276104773795, 0.001371549176318305, 0.0013911799926842963, 0.0011958618249211992, 0.001011238233851535, 0.0012684902176260948, 0.0015309265415583337, 0.0012968724061335837, 0.0021470958100897925, 0.006596210811819349, 0.0028467377913849695, 0.002424586830394609, 0.005723960697650909, 0.0020230081198470934, 0.002093733421393803, 0.012187589492116655, 0.002188287542334625, 0.002606296379651342, 0.0024461610508816583, 0.002957081954394068, 0.0019761089767728534, 0.0016396411561540195, 0.0016115057681288039, 0.0053950377873012, 0.0026592513812439783, 0.0018416852025049074, 0.0012111709054027284, 0.005130106317145484, 0.002136645439480032, 0.0016420007284198488, 0.004130078479647636, 0.0066332535019942695, 0.0021384128236344884, 0.0015454131311603955, 0.0019073325342365674, 0.0012285990108336722, 0.0020284407905169894, 0.003918896296194622, 0.006794085460049766, 0.002949667828423636, 0.001836269162595272, 0.0014438722282648087, 0.007531903684139252, 0.0014684696548751422, 0.005621441240821566, 0.0019779599138668607], "mae": [0.26568964549473356, 0.23236509731837682, 0.20660628591264998, 0.18143982546670095, 0.1663806779044015, 0.14908645834241593, 0.13549076659338816, 0.12061383043016706, 0.12205850226538521, 0.10907214028494698, 0.11672392061778478, 0.10795204980032784, 0.09352199520383563, 0.0902851905141558, 0.08375579970223564, 0.08423737968717303, 0.0782295720917838, 0.08275858845029559, 0.06788394706589836, 0.06782390815871102, 0.06594270893505641, 0.05728057026863098, 0.07650230612073626, 0.050831773451396396, 0.04496066910879953, 0.04153384906905038, 0.04291817971638271, 0.037426156657082696, 0.036515193326132636, 0.03598952719143459, 0.037372976541519165, 0.03478155391556876, 0.045290355171476095, 0.041459189993994575, 0.04048384087426322, 0.03313590373311724, 0.03529423262391772, 0.02871799043246678, 0.03143542792115893, 0.03731336338179452, 0.04029694199562073, 0.032204163925988336, 0.026752039790153503, 0.0327227349792208, 0.02830828513417925, 0.032108575105667114, 0.03500381537846157, 0.056334814855030606, 0.042253115347453525, 0.03283149216856275, 0.05725902318954468, 0.02740523431982313, 0.03990188666752407, 0.034557772534234185, 0.03239502651350839, 0.032950788736343384, 0.03515537083148956, 0.030048076595578874, 0.02648570282118661, 0.021184435912540982, 0.03217488740171705, 0.028294929436274936, 0.02944293405328478, 0.02727500455720084, 0.02498001285961696, 0.027319039617265974, 0.031660073569842746, 0.030161195567675998, 0.0383462735584804, 0.07023244670459203, 0.0394710898399353, 0.03797727397509983, 0.06484325442995344, 0.03439281667981829, 0.03608939051628113, 0.0956550921712603, 0.03522575753075736, 0.042128920555114746, 0.037504455872944424, 0.04543021321296692, 0.03485906549862453, 0.032113339219774516, 0.031932752047266276, 0.061716394765036445, 0.04253811069897243, 0.03316312176840646, 0.02620396443775722, 0.05919497353690011, 0.03706552301134382, 0.03118085435458592, 0.05313040103231158, 0.07192452464784894, 0.035461642912455967, 0.02988610735961369, 0.0345260032585689, 0.026313979710851396, 0.03675896780831473, 0.0560531531061445, 0.07127141101019722, 0.04132823007447379, 0.03424712802682604, 0.029638486249106272, 0.07475803579602923, 0.030488024864877974, 0.06648066639900208, 0.034589680177824836]}