target,prediction
-0.5755495429039001, -0.9528473019599915
-0.8091772794723511, -0.9778019785881042
-1.2057148218154907, -0.9350743293762207
-0.6745150089263916, -0.8988755941390991
-0.9881809949874878, -0.9978962540626526
-0.6433596611022949, -0.9313746690750122
-0.8516103029251099, -0.9833151698112488
-1.0490812063217163, -0.9360173940658569
-1.1234508752822876, -0.9751904010772705
