{"loss": [0.6377965609232584, 0.4887918366326226, 0.33260835541619194, 0.25026506847805446, 0.1979894240697225, 0.1652979718314277, 0.11769694752163357, 0.1064880092938741, 0.10704492198096381, 0.10339455472098456, 0.10681438446044922, 0.10374069876141018, 0.11198314030965169, 0.12624936633639866, 0.11364820268419054, 0.12593099806043836, 0.12600666946834987, 0.12498981422848171, 0.12530497709910074, 0.1242520809173584, 0.11957591109805638, 0.10570217503441705, 0.1280379295349121, 0.11687864197625054, 0.12421025170220269, 0.13501629564497206, 0.1262887716293335, 0.11220204830169678, 0.12165145079294841, 0.12234135468800862, 0.12123035060034858, 0.12099030282762316, 0.11796078417036268, 0.12644080320994058, 0.13622505135006374, 0.11203824149237739, 0.10751625564363268, 0.11133861541748047, 0.113011810514662, 0.10381035672293769, 0.1139262384838528, 0.1189745267232259, 0.1072201132774353, 0.11100898186365764, 0.11706152227189806, 0.12979143195682102, 0.1286543740166558, 0.11846862898932563, 0.12063478098975287, 0.11229390568203396, 0.12438131703270806, 0.13032450940873888, 0.11229083273145887, 0.12393181853824192, 0.10937317212422688, 0.12764453887939453, 0.12489766544765896, 0.11069363355636597, 0.11324273215399848, 0.1283325751622518], "mae": [0.7646036148071289, 0.6574764781528049, 0.5239079263475206, 0.4395597245958116, 0.3854373296101888, 0.3464700910780165, 0.29992908901638454, 0.295229434967041, 0.29714449246724445, 0.2899342113071018, 0.2929970423380534, 0.28750795788235134, 0.2935843997531467, 0.3094242413838704, 0.2969161139594184, 0.31014426549275714, 0.3096526198916965, 0.3083431190914578, 0.3088804880777995, 0.30906396441989475, 0.3025827142927382, 0.2891610728369819, 0.31140438715616864, 0.3018249405754937, 0.3096375995212131, 0.31958558824327254, 0.3100080755021837, 0.2956682840983073, 0.30600057707892525, 0.30538344383239746, 0.3041927019755046, 0.30440807342529297, 0.2998619344499376, 0.30995678901672363, 0.3191490173339844, 0.2960940466986762, 0.2892404662238227, 0.2931945588853624, 0.29668596055772567, 0.2881583372751872, 0.29524336920844185, 0.3005370299021403, 0.2886289490593804, 0.29408227072821724, 0.2991117901272244, 0.3145889706081814, 0.314785639444987, 0.3047465748257107, 0.30674992667304146, 0.29958298471238876, 0.3104654947916667, 0.3139791753556993, 0.2993817064497206, 0.3102750778198242, 0.2959141996171739, 0.3127538628048367, 0.31209344334072536, 0.29785580105251735, 0.30036062664455837, 0.3146914111243354]}