{"loss": [0.8189764022827148, 0.663816511631012, 0.48848050832748413, 0.39022961258888245, 0.3210836946964264, 0.2752549648284912, 0.17705345153808594, 0.14893874526023865, 0.15022511780261993, 0.13455916941165924, 0.14663806557655334, 0.15027886629104614, 0.17586944997310638, 0.1934889703989029, 0.17442180216312408, 0.19569748640060425, 0.19709868729114532, 0.18209923803806305, 0.18313877284526825, 0.17089049518108368, 0.17785245180130005, 0.16538181900978088, 0.19941234588623047, 0.18629691004753113, 0.19771155714988708, 0.1960592120885849, 0.1936623752117157, 0.17180155217647552, 0.18825902044773102, 0.19940713047981262, 0.2008109986782074, 0.1969703733921051, 0.18280614912509918, 0.18817740678787231, 0.21215759217739105, 0.16341182589530945, 0.1712825894355774, 0.17152397334575653, 0.17265965044498444, 0.14797432720661163, 0.15961802005767822, 0.1734447181224823, 0.1701022833585739, 0.1788867712020874, 0.19107797741889954, 0.18425960838794708, 0.18780174851417542, 0.17361292243003845, 0.17986422777175903, 0.15969499945640564, 0.17970223724842072, 0.1953573375940323, 0.15501420199871063, 0.17996631562709808, 0.15439799427986145, 0.1975889652967453, 0.19404388964176178, 0.1722782999277115, 0.1660289317369461, 0.18847233057022095], "mae": [0.9049731492996216, 0.8147493600845337, 0.6989138126373291, 0.6246836185455322, 0.5666424632072449, 0.5246474742889404, 0.42077720165252686, 0.385925829410553, 0.38758885860443115, 0.36682307720184326, 0.38293349742889404, 0.38765817880630493, 0.4193679094314575, 0.4398738145828247, 0.41763836145401, 0.44237709045410156, 0.44395798444747925, 0.4267308712005615, 0.42794716358184814, 0.41338902711868286, 0.4217255711555481, 0.4066716432571411, 0.44655609130859375, 0.431621253490448, 0.4446476697921753, 0.44278573989868164, 0.44007086753845215, 0.4144895076751709, 0.4338882565498352, 0.44655025005340576, 0.4481194019317627, 0.4438134431838989, 0.42755836248397827, 0.43379420042037964, 0.4606056809425354, 0.40424227714538574, 0.41386300325393677, 0.4141545295715332, 0.41552335023880005, 0.3846743106842041, 0.39952224493026733, 0.41646695137023926, 0.41243457794189453, 0.4229500889778137, 0.43712466955184937, 0.4292547106742859, 0.4333609938621521, 0.4166688323020935, 0.4241040349006653, 0.39961856603622437, 0.42391300201416016, 0.44199246168136597, 0.393718421459198, 0.4242243766784668, 0.3929350972175598, 0.4445098042488098, 0.44050413370132446, 0.4150642156600952, 0.40746647119522095, 0.43413400650024414]}