target,prediction
-0.29725703597068787, 0.24840712547302246
-0.09782128781080246, 0.37310296297073364
0.12497309595346451, 0.19142526388168335
-0.5779947638511658, 0.07454606890678406
-0.713050365447998, -0.3269128203392029
-0.232715904712677, 0.286578893661499
-0.38859280943870544, 0.19777856767177582
0.4122468829154968, 0.2556208670139313
-0.4194203317165375, -0.58564293384552
