target,prediction
-5.8878493309021, -1.0
-1.6291242837905884, -0.8085470199584961
0.039829470217227936, -1.0
-0.19421805441379547, -1.0
-0.5949580073356628, -1.0
-0.013315275311470032, -1.0
-0.27943742275238037, -1.0
-0.06784188747406006, -1.0
-7.840760231018066, 0.11623931676149368
