{"loss": [0.5112923092312283, 0.5344790140787761, 0.33977622985839845, 0.2947294659084744, 0.2773302502102322, 0.25011461046006944, 0.18169335259331598, 0.15288574430677626, 0.161911498175727, 0.11219751569959853, 0.10298515955607096, 0.10178972880045573, 0.08471840222676595, 0.06935791969299317, 0.06748961872524685, 0.04707251124911838, 0.046001497904459634, 0.04187596374087864, 0.036723756790161134, 0.031954799758063424, 0.03191417323218452, 0.035614286528693306, 0.03152693642510308, 0.027846874131096735, 0.02320938375261095, 0.021830213069915772, 0.020301379097832573, 0.01838360759947035, 0.0165842162238227, 0.0158501042260064, 0.01310559908548991, 0.012553665373060439, 0.011271193292405871, 0.012719992796579998, 0.011347536245981853, 0.013604123062557644, 0.01389729446834988, 0.008904354439841377, 0.007789375384648641, 0.007138078080283271, 0.007156399885813395, 0.009059610631730821, 0.008457041449016996, 0.007983189821243287, 0.006962298684649997, 0.00877225399017334, 0.008619572718938191, 0.01799492173724704, 0.01061692436536153, 0.02561261388990614, 0.015291445785098605, 0.009260263707902696, 0.010404760307735867, 0.042486249075995554, 0.012176599767473009, 0.008218143383661907, 0.007510973347557915, 0.02214854425854153, 0.010701764954460992, 0.010084538327323065, 0.015107042259640165, 0.022271288765801325, 0.007132790486017863, 0.005680885579850938, 0.008534298340479533, 0.005404908458391825, 0.011935207578870986, 0.007748925685882568, 0.014013662603166369], "mae": [0.6379810333251953, 0.5994344075520833, 0.48415938483344184, 0.4521456400553385, 0.4234848870171441, 0.4024270375569661, 0.3375915315416124, 0.3127073923746745, 0.2742673026190864, 0.25909733242458766, 0.235321044921875, 0.2044603983561198, 0.2218531714545356, 0.1925599839952257, 0.16576059129503037, 0.15745373831854925, 0.14024344550238715, 0.1439257091946072, 0.12574273215399848, 0.11482863956027561, 0.13452381557888454, 0.11986544926961264, 0.1375742064581977, 0.11691071192423502, 0.10482043160332574, 0.10446638531155056, 0.10744712617662218, 0.10176527235243056, 0.0971554438273112, 0.09505981869167751, 0.08541590902540419, 0.085627105500963, 0.08243926895989312, 0.08619648615519206, 0.0795291370815701, 0.09477144877115885, 0.09711926778157552, 0.06777993837992351, 0.06486386193169488, 0.06237283812628852, 0.06429718865288628, 0.06472714742024739, 0.0704148292541504, 0.06787946489122179, 0.06255010498894585, 0.06599534352620443, 0.07021725442674424, 0.10498491923014323, 0.07116682264539931, 0.13102442423502605, 0.09528593487209744, 0.07532336976793078, 0.08211954964531792, 0.1773887104458279, 0.08443572256300184, 0.07017262246873644, 0.06927476459079318, 0.126602660285102, 0.0714941660563151, 0.06521577835083008, 0.09384756088256836, 0.12162271075778537, 0.06803567144605849, 0.05394388304816352, 0.06776559087965224, 0.05280267397562663, 0.08848341835869683, 0.06325609948900011, 0.08334148195054795]}