{"loss": [0.30728945732116697, 0.25440003871917727, 0.15074737071990968, 0.1306606650352478, 0.11112086772918701, 0.09738588333129883, 0.06333248615264893, 0.055622851848602294, 0.03910458385944367, 0.033955007791519165, 0.026107245683670045, 0.017138706147670747, 0.022305592894554138, 0.018081505596637727, 0.009152305871248245, 0.01338520348072052, 0.006600715219974518, 0.010631848871707917, 0.00666610449552536, 0.007591259479522705, 0.01303483247756958, 0.0077876955270767215, 0.014535751938819886, 0.008740386366844178, 0.011251486837863922, 0.01013985499739647, 0.012072674930095673, 0.015229643881320953, 0.016140443086624146, 0.013725832104682922, 0.011204881966114045, 0.0171528697013855, 0.011166664212942124, 0.011735358089208604, 0.009919164329767227, 0.01259215772151947, 0.014570236206054688, 0.008566874265670776, 0.010421838611364365, 0.010544534027576446, 0.007752861827611923, 0.012947583198547363, 0.01040150672197342, 0.009708809852600097, 0.009338518977165223, 0.008149735629558563, 0.01383482813835144, 0.01638417989015579, 0.009561368823051452, 0.021333086490631103, 0.00904705822467804, 0.013846495747566223, 0.01570332795381546, 0.01826024353504181, 0.00818445160984993, 0.008734063804149627, 0.007955516874790191, 0.0148936927318573, 0.008926002681255341, 0.008270914107561112, 0.010398565232753754, 0.014627678692340851, 0.014603011310100555, 0.009331674873828888, 0.012214505672454834, 0.011888682097196578, 0.018886610865592957, 0.009484468400478363, 0.011220580339431763], "mae": [0.46262617111206056, 0.47508487701416013, 0.3571655750274658, 0.33056595325469973, 0.3160468816757202, 0.29581661224365235, 0.22989602088928224, 0.19569995403289794, 0.17513656616210938, 0.15224376916885377, 0.13156719207763673, 0.10697052478790284, 0.12243744134902954, 0.11160142421722412, 0.07418696880340576, 0.0998709499835968, 0.06672877669334412, 0.08879750967025757, 0.06366811990737915, 0.07103537321090699, 0.09581958055496216, 0.07340182065963745, 0.10220828056335449, 0.07949206233024597, 0.08892896771430969, 0.08245583176612854, 0.08790276050567628, 0.09736804962158203, 0.11093964576721191, 0.10019857883453369, 0.08624398112297058, 0.11218769550323486, 0.08930147290229798, 0.08752483129501343, 0.08184940218925477, 0.0968511462211609, 0.10706088542938233, 0.0705807387828827, 0.08393480181694031, 0.07927672266960144, 0.06854429244995117, 0.0842792809009552, 0.09160206317901612, 0.0824871003627777, 0.08178364634513854, 0.06920393705368041, 0.09622156023979186, 0.11278836727142334, 0.07868598699569702, 0.11922872066497803, 0.08040029406547547, 0.09481076002120972, 0.10383508205413819, 0.11883985996246338, 0.08221614956855774, 0.07555687427520752, 0.0775141179561615, 0.10608574151992797, 0.07644625902175903, 0.07404314279556275, 0.09116100668907165, 0.09983341693878174, 0.09771828055381775, 0.07175740003585815, 0.08738053441047669, 0.08618268966674805, 0.11241629123687744, 0.07955925464630127, 0.09661262035369873]}