target,prediction
-1.2537232637405396, -0.9325353503227234
-0.9892653226852417, -0.9735219478607178
-1.1203557252883911, -0.889154851436615
-0.7532252073287964, -0.987232506275177
-0.9643216133117676, -0.9599564671516418
-0.9509496688842773, -0.9755531549453735
-0.8711847066879272, -0.9994922280311584
-0.7153390645980835, -0.9721436500549316
-1.3296597003936768, -0.9261516332626343
