target,prediction
0.7788912057876587, 0.24840712547302246
0.33404552936553955, 0.37310296297073364
0.7989557385444641, 0.19142526388168335
0.20757228136062622, 0.07454606890678406
-0.5636706352233887, -0.3269128203392029
0.8011636734008789, 0.286578893661499
0.40108922123908997, 0.19777856767177582
0.5263015627861023, 0.2556208670139313
-0.22801296412944794, -0.58564293384552
