target,prediction
0.3680603802204132, -0.15516602993011475
-0.7210680246353149, -1.0
-1.0821887254714966, -1.0
-0.9054257869720459, -1.0
-0.5849944353103638, -0.3523639142513275
0.22272759675979614, -1.0
-0.02454984188079834, -0.19174587726593018
-0.23784951865673065, -0.8415627479553223
0.014241635799407959, -0.7701518535614014
