target,prediction
0.04030025377869606, 0.24840712547302246
-0.23102247714996338, 0.37310296297073364
0.5270748138427734, 0.19142526388168335
-0.08646261692047119, 0.07454606890678406
-0.4625444710254669, -0.3269128203392029
0.1535128653049469, 0.286578893661499
0.05868903174996376, 0.19777856767177582
1.222425937652588, 0.2556208670139313
-0.32187220454216003, -0.58564293384552
