target,prediction
-0.8043078780174255, -0.9742664098739624
-0.2653040587902069, -0.9021643400192261
-1.0067394971847534, -0.9812618494033813
-0.7184332013130188, -0.9987353682518005
-0.6705270409584045, -0.9684217572212219
-0.7009941935539246, -0.9633339643478394
-0.6677990555763245, -0.9731748700141907
-0.6770767569541931, -0.996860921382904
-0.771970272064209, -0.9991080164909363
