target,prediction
-0.8500816822052002, -0.8874830007553101
0.6012570261955261, -1.0
-0.3762089014053345, -0.4490186274051666
-0.9924083948135376, -1.0
-0.8472669124603271, -0.32222360372543335
-0.6556355953216553, -1.0
-0.6827802658081055, -0.9991564750671387
-0.8467693328857422, -0.825042188167572
-0.8745684623718262, -0.6010986566543579
