target,prediction
0.922906219959259, -0.2643006145954132
-0.377243310213089, 0.04099501296877861
-0.3660171329975128, 0.33375921845436096
-0.3326157033443451, 0.2685486972332001
-0.1523120403289795, 0.4959885776042938
-0.6919693946838379, -0.15679432451725006
-0.6168322563171387, 0.2917960286140442
-0.7474143505096436, 0.12670809030532837
-0.33932825922966003, 0.4713987410068512
