target,prediction
-0.6789385080337524, -0.9913079142570496
-0.5525479316711426, -0.9999129176139832
-1.1913678646087646, -0.9990180134773254
-0.7161759734153748, -0.9812979102134705
-0.6182452440261841, -0.9994727969169617
-1.0675756931304932, -0.99821937084198
-0.7947545647621155, -0.9938071370124817
-1.2205023765563965, -0.928724467754364
-0.982413649559021, -0.9955627918243408
