target,prediction
-1.1409815549850464, -0.9325353503227234
-1.020630955696106, -0.9735219478607178
-0.6068994998931885, -0.889154851436615
-0.8208016157150269, -0.987232506275177
-1.0042777061462402, -0.9599564671516418
-0.9901305437088013, -0.9755531549453735
-0.8337563276290894, -0.9994922280311584
-0.9438052177429199, -0.9721436500549316
-1.0162243843078613, -0.9261516332626343
