target,prediction
-0.7508580684661865, -0.8874830007553101
-0.1898294985294342, -1.0
-0.42121538519859314, -0.4490186274051666
-0.7466857433319092, -1.0
-0.5164677500724792, -0.32222360372543335
-0.7990392446517944, -1.0
-0.6728923320770264, -0.9991564750671387
-0.4663611650466919, -0.825042188167572
-0.49710002541542053, -0.6010986566543579
