target,prediction
-0.8019596934318542, -0.9325353503227234
-1.1558783054351807, -0.9735219478607178
-0.8029754757881165, -0.889154851436615
-1.0215327739715576, -0.987232506275177
-0.8461208939552307, -0.9599564671516418
-1.276703119277954, -0.9755531549453735
-1.3235992193222046, -0.9994922280311584
-1.1695646047592163, -0.9721436500549316
-1.142534852027893, -0.9261516332626343
