target,prediction
-0.29739028215408325, -0.9666519165039062
-0.34877699613571167, -0.9559298157691956
-0.573398768901825, -0.9948722124099731
-0.8001802563667297, -0.6135348081588745
-0.9192925095558167, -0.998160183429718
-0.9276111721992493, -0.9916234612464905
-0.5586345195770264, -0.9967668056488037
-0.6275591850280762, -0.999636709690094
-0.6797991991043091, -0.992731511592865
