target,prediction
0.33151134848594666, -0.6135348081588745
-0.3083694577217102, -0.9559298157691956
-0.4049687385559082, -0.992731511592865
-0.7715069651603699, -0.9967668056488037
-1.684285283088684, -0.9666519165039062
-1.642114520072937, -0.9916234612464905
-4.012582302093506, -0.998160183429718
-1.235615611076355, -0.9948722124099731
-2.9164388179779053, -0.999636709690094
