target,prediction
0.08999378234148026, -0.2643006145954132
-0.3324447572231293, 0.04099501296877861
-0.5767494440078735, 0.33375921845436096
-0.2763291895389557, 0.2685486972332001
-0.21328166127204895, 0.4959885776042938
-0.36188802123069763, -0.15679432451725006
-0.24603676795959473, 0.2917960286140442
0.8633401989936829, 0.12670809030532837
0.20046603679656982, 0.4713987410068512
