target,prediction
-0.5258622169494629, -1.0
-0.865926206111908, -0.8085470199584961
-0.5078602433204651, -1.0
-0.9311951994895935, -1.0
-0.9858885407447815, -1.0
-0.9896420836448669, -1.0
-0.7746408581733704, -1.0
-0.3993139863014221, -1.0
-0.7607644200325012, 0.11623931676149368
