target,prediction
-1.2470563650131226, -0.31945016980171204
-1.6763066053390503, -0.34761562943458557
-0.8467116951942444, -0.38641995191574097
1.006041407585144, 0.24695047736167908
0.1453469693660736, 0.017631417140364647
-0.7870416641235352, -0.09679259359836578
0.23208904266357422, 0.2477288693189621
-1.0752836465835571, -0.3944125175476074
-0.7382408380508423, -0.39101624488830566
