target,prediction
-1.0904231071472168, -0.951178789138794
-0.7598832845687866, -0.9368153810501099
-0.8950090408325195, -0.8494740724563599
-0.9291585683822632, -0.9773666858673096
-0.9740235805511475, -0.9245556592941284
-0.7412040829658508, -0.9505259394645691
-0.8050498962402344, -0.9788901209831238
-0.9754101037979126, -0.9301414489746094
-0.8664172291755676, -0.8605731129646301
