target,prediction
-0.7340736389160156, -1.0
-0.7352290153503418, -0.8666666746139526
-1.0286409854888916, -1.0
-1.0585815906524658, -0.8358974456787109
-0.7262028455734253, -0.44273504614830017
-0.7518847584724426, -0.7982906103134155
-0.4053820073604584, -0.5726495981216431
-0.91456538438797, -1.0
-0.9239928126335144, -1.0
