target,prediction
-0.39993661642074585, -0.8231104612350464
-3.7783565521240234, -0.6160411834716797
-0.48614537715911865, -0.30918222665786743
-0.22454901039600372, -0.8231104612350464
-0.4035511612892151, -0.6596131920814514
-0.03604526072740555, -0.9771215319633484
-0.5457322001457214, -0.8370607495307922
-0.5958302617073059, -0.9088581800460815
-0.5968404412269592, -0.5251325368881226
