{"loss": [0.017561627758873835, 0.013669172922770182, 0.011286287837558322, 0.008668475680881076, 0.006567790773179796, 0.005553324686156379, 0.00423408481809828, 0.003231019112798903, 0.0025313251548343234, 0.002116899357901679, 0.0015904972950617471, 0.001589036484559377, 0.0014025318953726027, 0.0010502305295732287, 0.0011260784334606595, 0.0012778636482026842, 0.0023886125948694016, 0.0008493681748708089, 0.000707370787858963, 0.0006835474322239558, 0.0008813848098119099, 0.0005512225131193796, 0.0006113271746370527, 0.0007622245285246107, 0.0004782998727427589, 0.0011217496461338467, 0.0007712945342063903, 0.001032984670665529, 0.0006166993743843502, 0.0012601130538516575, 0.0013824693030781215, 0.001046287351184421, 0.0062178035577138266, 0.0020508161849445766, 0.004709077874819437, 0.0012347375353177388, 0.0012497518625524309, 0.0009734753105375502, 0.0012020157443152534, 0.002586713929971059, 0.005281991097662184, 0.004892594284481472, 0.005399141377872891, 0.004199096891615126, 0.010006217824088202, 0.004581582215097215, 0.004735489686330159, 0.009653535816404555, 0.005081829759809706, 0.004291383094257779, 0.0088628265592787, 0.0024848414791954886, 0.002325570417775048, 0.003404511676894294, 0.0033353318770726523, 0.0022907103101412456, 0.006393133269415961, 0.0027610278791851467, 0.006274955802493625, 0.005035670598347982, 0.0026960755387942, 0.002375720110204485, 0.0030439754327138266, 0.012504988246493869, 0.002375369601779514, 0.01940502855512831, 0.004361679156621297, 0.03857599099477132, 0.006184644831551446, 0.0094415287176768, 0.015556491745842827, 0.00675613350338406, 0.003374078869819641, 0.010859305991066827, 0.008297004964616564, 0.005897161695692274, 0.004307805829577975, 0.00572961237695482, 0.010624225934346516, 0.0021991406877835593, 0.0016706292827924094], "mae": [0.0786393854353163, 0.06885812017652723, 0.06346847746107313, 0.05848426818847656, 0.05036259757147895, 0.0462112479739719, 0.04253800180223253, 0.0376697752210829, 0.03442833158704969, 0.03246596654256185, 0.027776312828063966, 0.02988799942864312, 0.027899856037563748, 0.02259598308139377, 0.024315020773145887, 0.02867988215552436, 0.0378567722108629, 0.019988105032179092, 0.020130038261413574, 0.019141603840721978, 0.020331834422217476, 0.016247672504848903, 0.017119930850134954, 0.020442758666144478, 0.015399281183878582, 0.024150665601094565, 0.019123743640051948, 0.021296103795369465, 0.01749021609624227, 0.026151529947916665, 0.024338870578342015, 0.02164402935240004, 0.06866680251227485, 0.034884254137674965, 0.053053527408175996, 0.02417362266116672, 0.025420769055684408, 0.022947793536716037, 0.024251548449198405, 0.040348829163445364, 0.05803313785129123, 0.051362906561957467, 0.0517566892835829, 0.048998578389485674, 0.08376130527920193, 0.04998165766398112, 0.0495588567521837, 0.06736533376905653, 0.04392333825429281, 0.04364192485809326, 0.07748394542270237, 0.03732843928866916, 0.0339034292432997, 0.038984375529819065, 0.04644532733493381, 0.034274991353352866, 0.07035028669569228, 0.03906710942586263, 0.06978138287862141, 0.05490269660949707, 0.0392238802380032, 0.03328244951036241, 0.041068328751458064, 0.09928038914998373, 0.03478558593326145, 0.12178800370958116, 0.04947106573316786, 0.17120102776421442, 0.05320413907368978, 0.06732802920871311, 0.10310481389363607, 0.06055251227484809, 0.04208654562632243, 0.07567898962232801, 0.06702128516303169, 0.05636647012498644, 0.054070266087849934, 0.057257620493570964, 0.08823992941114638, 0.033345982763502334, 0.029845571517944335]}