{"loss": [0.019649142026901247, 0.017453970015048982, 0.01823951005935669, 0.017757198214530943, 0.01688234508037567, 0.015846720337867735, 0.017074815928936005, 0.015690831840038298, 0.01596228778362274, 0.01649382710456848, 0.014918328821659088, 0.01657281517982483, 0.014019806683063508, 0.01463102102279663, 0.014364294707775116, 0.015963235497474672, 0.014991666376590728, 0.015177211165428162, 0.015878070890903474, 0.01599932461977005, 0.015417148172855378, 0.014597366750240325, 0.01594494581222534, 0.01525101214647293, 0.014910605549812318, 0.015418295562267304, 0.0154280424118042, 0.015219542384147643, 0.01491699367761612, 0.01466120034456253, 0.01445133239030838, 0.014689239859580993, 0.017341995239257814, 0.015027445554733277, 0.01704717129468918, 0.014950624108314515, 0.015356947481632233, 0.015003253519535065, 0.01625680923461914, 0.019093462824821474, 0.015312975645065308, 0.016352948546409608, 0.018520382046699525, 0.017524541914463045, 0.027554941177368165, 0.015582920610904693, 0.020564821362495423, 0.018919739127159118, 0.015812763571739198, 0.0179530069231987, 0.027839481830596924, 0.017598734796047212, 0.018016278743743896, 0.016646237671375276, 0.016775667667388916, 0.017777137458324432, 0.01749042272567749, 0.01843571662902832, 0.018967455625534056, 0.020293207466602327, 0.016830424964427947, 0.016053389012813567, 0.018992418050765993, 0.03244002163410187, 0.01715078353881836, 0.03762081265449524, 0.019744759798049925, 0.06290017962455749, 0.021123787760734557, 0.03318895101547241, 0.024598897993564607, 0.02345104068517685, 0.016251038014888763, 0.02941834032535553, 0.023455910384655, 0.025409528613090517, 0.018032804131507874, 0.020631606876850127, 0.030965670943260193, 0.018016238510608674, 0.018739403784275056], "mae": [0.08142460584640503, 0.07752740383148193, 0.08070974349975586, 0.08105406761169434, 0.07447198629379273, 0.06959573030471802, 0.07464385032653809, 0.07146376371383667, 0.07235493659973144, 0.07512423396110535, 0.06659293174743652, 0.07451976537704467, 0.06546880006790161, 0.0648884117603302, 0.0657804012298584, 0.07414425611495971, 0.06912571787834168, 0.0681872844696045, 0.07049725651741028, 0.06954382658004761, 0.06563789248466492, 0.06328641772270202, 0.06472446918487548, 0.06675119996070862, 0.06316866874694824, 0.06310144066810608, 0.06631149053573608, 0.06258168220520019, 0.062457072734832766, 0.0630925714969635, 0.059136807918548584, 0.06433716416358948, 0.08904502391815186, 0.07005529403686524, 0.07571538686752319, 0.0639146089553833, 0.06409781575202941, 0.06313231587409973, 0.06876159310340882, 0.07806155681610108, 0.08085050582885742, 0.07453533411026, 0.0800459623336792, 0.07973666191101074, 0.10920522212982178, 0.08077824115753174, 0.08877191543579102, 0.0911590039730072, 0.07345784902572632, 0.07531235218048096, 0.113041090965271, 0.08204593062400818, 0.08037415742874146, 0.07518983483314515, 0.08134747743606567, 0.07660197019577027, 0.09522817134857178, 0.07891023755073548, 0.09700302481651306, 0.08754120469093322, 0.07142637968063355, 0.07174782752990723, 0.08224063515663146, 0.12695226669311524, 0.07242106199264527, 0.14142729043960572, 0.0842698872089386, 0.191719126701355, 0.09026349782943725, 0.10972831249237061, 0.11096751689910889, 0.09432857632637023, 0.07011166214942932, 0.10732908248901367, 0.0865305483341217, 0.094119793176651, 0.08638166785240173, 0.09337921142578125, 0.12013870477676392, 0.0739814043045044, 0.07596294283866882]}