target,prediction
-0.6118596196174622, -0.9572136998176575
-1.318768858909607, -0.7349447011947632
-0.9726653695106506, -0.6456629633903503
-0.33309051394462585, -0.7293646335601807
0.006025519222021103, -0.5586131811141968
-0.5010825991630554, -0.9012320041656494
-0.20551636815071106, -0.7561491131782532
0.14742693305015564, 0.2365526407957077
-0.4551544189453125, -0.6774695515632629
