{"loss": [0.02631233225052462, 0.020297352595637693, 0.022353351772845545, 0.016705026764531263, 0.0172179944778073, 0.016027050737336526, 0.014442845816055821, 0.01533910383538829, 0.014611012698166876, 0.0139593424436473, 0.0146247207926353, 0.013860197481093786, 0.013950859366583251, 0.013395746152886813, 0.013483737778879843, 0.013721793414252207, 0.014609930871407292, 0.013056322435277393, 0.012995326160750253, 0.013049025250760581, 0.013439355435814893, 0.013700203765843981, 0.015812206346931677, 0.012900427311049099, 0.013772729614779286, 0.014497275653739906, 0.013589834564764765, 0.013642271142362217, 0.013599149024549975, 0.014808837186179669, 0.013233916991601986, 0.013049632491785253, 0.013986258888087386, 0.015216433143344123, 0.013908864818733957, 0.014041036374117046, 0.014782102570972958, 0.014128160022826224, 0.014140007512497775, 0.015482280061920928, 0.014681156469786943, 0.014584001336579808, 0.014477761603184371, 0.015568242976844717, 0.015608985304501893, 0.015590564516506783, 0.014313677301973648, 0.015067656805139516, 0.014932376999087772, 0.016534122151698808, 0.015480753382508618, 0.015533193390846325, 0.015201610058293675, 0.01462468762881286], "mae": [0.15787437774605598, 0.12178424365479558, 0.134120188400519, 0.10023022005335194, 0.1033078227757532, 0.09616250569411396, 0.08665701314301039, 0.09203465731973226, 0.08766596183099284, 0.08375618960433373, 0.08774837278617534, 0.08316123520408641, 0.08370512189209697, 0.08037433968771078, 0.08090249071376378, 0.08233071245514971, 0.08765959437708443, 0.0783379529089457, 0.07797195239018118, 0.07829422240652871, 0.08063625612153845, 0.08220115855457918, 0.09487316031814434, 0.07740264162974031, 0.08263636854003503, 0.08698368365552162, 0.08153922695596474, 0.08185370233045886, 0.08159498792086675, 0.0888528515800654, 0.0794034310476467, 0.07829782697095387, 0.08391748013939894, 0.09129850279933767, 0.08345335130077569, 0.08424607186645151, 0.08869243016586412, 0.08476896242411751, 0.08483985524069268, 0.09289380616533482, 0.08808692738292082, 0.08750404918836188, 0.08686665424403245, 0.0934095882291979, 0.09365371055691654, 0.09354350603136945, 0.0858821415752876, 0.0904059980098413, 0.08959419337972158, 0.0992046208393446, 0.09288448370048902, 0.09319911460187458, 0.09120966949840272, 0.08774785131365698]}