{"loss": [0.026465674026138947, 0.02032427756054884, 0.022309469028569437, 0.016553359115101612, 0.017170163411355327, 0.015748362282348924, 0.013995183593327137, 0.014864012478505524, 0.014103818842496502, 0.013382824445892734, 0.014136986178610238, 0.013249030853874522, 0.013377086310725796, 0.01290551223337483, 0.012975931197382775, 0.013155040301489937, 0.013966347558178206, 0.012524058897853883, 0.012444369465693153, 0.012404054110714241, 0.012771399460764516, 0.01299064501607922, 0.01516062679944666, 0.012199422757223289, 0.013090750824648802, 0.013821105141291043, 0.012884616069579125, 0.012903194616336634, 0.012852689878379264, 0.014121516084880277, 0.012685477875068178, 0.012511264228704857, 0.013488218080704727, 0.014708802275356715, 0.013326552094306098, 0.01338359088591326, 0.014257694382850948, 0.013609567695625744, 0.013611017222773318, 0.015177777165529316, 0.014040566194330351, 0.014039265075993117, 0.014120821816267518, 0.015272931608926505, 0.014959529811938958, 0.01506176721828446, 0.013951229172998776, 0.014596744475061204, 0.014618470101796897, 0.01628816985150076, 0.01501376205063276, 0.015140552983100034, 0.014856256593417175, 0.01418308337820023], "mae": [0.1587942718525427, 0.12194570602324109, 0.13385690768929712, 0.09932032342939404, 0.10302091541221511, 0.09449030380592727, 0.08397152645641982, 0.08918435135867982, 0.08462366323102033, 0.08029705442421871, 0.08482204311750036, 0.07949419935422895, 0.08026252599634438, 0.07743292702443605, 0.07785614015958997, 0.07893034345880971, 0.08379780276243036, 0.07514495108835946, 0.07466591184454863, 0.0744237574580103, 0.07662825852076377, 0.07794420147505184, 0.09096391530448251, 0.07319677033804095, 0.07854444802396555, 0.08292673656361116, 0.0773076537245293, 0.07741923275393667, 0.0771162592171223, 0.08472905381633622, 0.07611288554738568, 0.07506746135938762, 0.08092925969229071, 0.08825318975665965, 0.07995919465198728, 0.08030177911018078, 0.08554650580767181, 0.081657332985848, 0.08166644081420862, 0.09106653288134217, 0.08424295600554589, 0.08423571040280542, 0.08472408517068591, 0.0916376669074603, 0.08975720936659477, 0.09037007676337966, 0.08370781416543147, 0.0875805359722789, 0.08771099748155535, 0.0977289499870929, 0.09008231004713171, 0.09084408230562332, 0.0891368686713604, 0.08509776635713928]}