target,prediction
-0.8652023077011108, -0.8874830007553101
-0.37416642904281616, -1.0
-0.4313771724700928, -0.4490186274051666
-0.7823900580406189, -1.0
-0.5071970820426941, -0.32222360372543335
-1.0929882526397705, -1.0
-0.6397309303283691, -0.9991564750671387
-0.6994878649711609, -0.825042188167572
-0.7514775395393372, -0.6010986566543579
