target,prediction
-0.956335723400116, -0.7851657271385193
-0.8596588969230652, -0.6501270532608032
-0.7634619474411011, -0.9410796761512756
-0.0911918431520462, -0.860497236251831
-0.9006441235542297, -0.9140663146972656
0.38793686032295227, -0.40962421894073486
-0.8134445548057556, -0.8487789630889893
-1.1437311172485352, -0.8900718092918396
-0.6873834133148193, -0.5602872371673584
