target,prediction
-0.7944847941398621, -1.0
-1.5666636228561401, -1.0
-0.16550350189208984, -0.6010986566543579
-0.9170538783073425, -0.9991564750671387
-0.6555111408233643, -0.8874830007553101
-1.866195797920227, -1.0
-0.49417489767074585, -0.32222360372543335
1.875941514968872, -0.4490186274051666
-4.544376850128174, -0.825042188167572
