target,prediction
-0.5418169498443604, -1.0
-0.791100263595581, -0.8085470199584961
-0.7751471996307373, -1.0
-0.7033677697181702, -1.0
-0.7833852767944336, -1.0
-1.122589111328125, -1.0
-0.8854893445968628, -1.0
-0.6600875854492188, -1.0
-0.35664328932762146, 0.11623931676149368
