target,prediction
-0.7044536471366882, -0.9921653866767883
-0.8911451697349548, -0.9227421283721924
-0.6263023018836975, -0.9373956918716431
-1.0954142808914185, -0.9708378911018372
-0.6359607577323914, -0.9087414145469666
-0.6263178586959839, -0.9991294741630554
-0.7226986289024353, -0.8887196183204651
-0.5759842395782471, -0.8494740724563599
-0.8345250487327576, -0.9417482614517212
