target,prediction
-0.051235925406217575, 0.24840712547302246
0.11991056799888611, 0.37310296297073364
0.6841453313827515, 0.19142526388168335
-0.14303135871887207, 0.07454606890678406
-0.2506134510040283, -0.3269128203392029
0.03413133695721626, 0.286578893661499
-0.156333327293396, 0.19777856767177582
0.37164929509162903, 0.2556208670139313
-0.1176428496837616, -0.58564293384552
