target,prediction
-0.9315621256828308, -0.9742664098739624
-0.91070157289505, -0.9021643400192261
-1.1456012725830078, -0.9812618494033813
-0.9041799902915955, -0.9987353682518005
-0.8842044472694397, -0.9684217572212219
-1.2065660953521729, -0.9633339643478394
-0.9493371844291687, -0.9731748700141907
-1.0343952178955078, -0.996860921382904
-0.8444556593894958, -0.9991080164909363
