target,prediction
-0.9097805023193359, -0.7851657271385193
-0.369642972946167, -0.6501270532608032
-0.8886905312538147, -0.9410796761512756
-0.5495490431785583, -0.860497236251831
-0.8646713495254517, -0.9140663146972656
-0.29191112518310547, -0.40962421894073486
-0.8149133324623108, -0.8487789630889893
-1.212652564048767, -0.8900718092918396
-0.15121400356292725, -0.5602872371673584
