target,prediction
-0.4459928274154663, -1.0
-0.9166291356086731, -1.0
-0.7293845415115356, -0.7119079828262329
-0.21904830634593964, -0.5273423194885254
0.27505671977996826, 0.08610048145055771
-0.5915403962135315, -0.73801589012146
-1.7597235441207886, -0.9796527028083801
-0.21734210848808289, -1.0
0.7197564244270325, -0.27076902985572815
