target,prediction
-0.4553663730621338, -0.8231104612350464
-0.6118699908256531, -0.8376187682151794
-0.4364096522331238, -0.9854916930198669
-0.30134665966033936, -0.6484529972076416
-0.7716318964958191, -0.9296905994415283
-0.3088426887989044, -0.9088581800460815
-0.3711274266242981, -0.8716574311256409
-0.4053909480571747, -0.6121822595596313
-0.48969778418540955, -0.7182043790817261
