{"loss": [0.024421450027343458, 0.021396930005287182, 0.018432731545508414, 0.017082602600907312, 0.016502014997256873, 0.01638256005240927, 0.015397226293164019, 0.016856606017522063, 0.014754696674256867, 0.014075420396506479, 0.015417767278635098, 0.013991148836527112, 0.014517218546826988, 0.013957400644664454, 0.013614658257650899, 0.013975948370048901, 0.014270798766719325, 0.013189085221563975, 0.01641562438338162, 0.01409743316954583, 0.013506724882150871, 0.013418894500949703, 0.01422021593243824, 0.013784829835649428, 0.014177906900065812, 0.01319837337900725, 0.01360907987400053, 0.01469181120543075, 0.01587738812456672, 0.01476348508720338, 0.014658091603070196, 0.014497272222999654, 0.014145542440104948, 0.014907329164505148, 0.01423910215752759, 0.01530156696270692, 0.014287498466687823, 0.015159461127133024, 0.016488835236787312, 0.01557692618042349, 0.01535542157960869, 0.014735636624994731, 0.015699410468913943, 0.01566605681218031, 0.015744591030877615, 0.015014328235076445, 0.015176586238892818, 0.016121794060146237], "mae": [0.14652887398823353, 0.12838167609245016, 0.11059618800295568, 0.10249579857825733, 0.099012005358615, 0.09829531914557259, 0.0923832937184994, 0.101139576638968, 0.08852807483617346, 0.08445237371362793, 0.09250668143525631, 0.08394686557324064, 0.08710336617280597, 0.08374432381738084, 0.08168815767748071, 0.08385581830126283, 0.0856246805294677, 0.07913459824147025, 0.09849378975633291, 0.08458456242271228, 0.08104028753958067, 0.08051336243137788, 0.08532127501018792, 0.08270881662552462, 0.08506729044782377, 0.07919025857132485, 0.08165453642300738, 0.08815066596248969, 0.09526442023380705, 0.08858079845237203, 0.08794845355769411, 0.08698373854736566, 0.08487335756283726, 0.08944395440258937, 0.08543474560045529, 0.09180947267820674, 0.08572500452308796, 0.09095647171913644, 0.09893310748145095, 0.09346147017045454, 0.0921326484099809, 0.08841376257096417, 0.09419622494882617, 0.0939961441773074, 0.09446750044206231, 0.09008594196453665, 0.09105951285903657, 0.09673075521223676]}