{"loss": [0.024149992401468912, 0.020976156144479303, 0.018031570839517983, 0.016539475775843852, 0.015971389212831213, 0.01585723030972081, 0.014828057902953747, 0.016635343801329118, 0.014148653550699898, 0.013699729097403801, 0.01484892967078063, 0.013406036193729234, 0.014002090702000184, 0.013234328216663788, 0.012924615293462036, 0.01323450102144295, 0.013595049044679883, 0.012546030517275208, 0.015746980860614317, 0.013414023840521405, 0.012713139854217497, 0.012546743082864584, 0.013491652829815282, 0.01302189625214164, 0.013347620046382267, 0.01250689938328292, 0.012811311265759146, 0.014141933477787829, 0.015128603024371507, 0.013944104533603723, 0.013780795885304337, 0.013713511803290165, 0.013385822100561875, 0.01404621996010511, 0.01358119213438835, 0.014631190566540752, 0.013615771387197724, 0.014466771901659915, 0.015954366925584877, 0.015081035967659922, 0.014943041186510629, 0.014187300831310527, 0.015308446040540765, 0.014998712787364995, 0.015177543370828094, 0.01439658469935579, 0.014621345776621922, 0.015609592929189496], "mae": [0.14489949901739543, 0.12585717676056923, 0.10818927459530016, 0.09923625492082955, 0.0958288780872936, 0.09514346521121834, 0.08896852022250165, 0.09981178022133584, 0.08489222218781486, 0.08219831359450075, 0.08909304537936447, 0.08043628221829227, 0.08401240596817777, 0.07940620309468394, 0.0775472465343412, 0.0794067967299253, 0.08157105257611022, 0.07527632338047198, 0.09448130169343154, 0.08048351281393383, 0.0762783390079441, 0.07528057641103682, 0.0809501263776241, 0.07813102580429931, 0.08008521609493792, 0.07504131701279884, 0.07686760737088742, 0.08485091168060771, 0.09077150429837454, 0.08366495044820925, 0.08268512702037656, 0.0822810972487072, 0.08031448940993763, 0.0842774763014306, 0.08148748011891181, 0.08778716982821075, 0.08169504915364854, 0.08680098718450482, 0.09572616292655864, 0.09048644553466596, 0.08965866591652857, 0.08512369114000866, 0.09185084701502635, 0.08999204496248615, 0.09106512604714004, 0.08637931099538676, 0.08772790388794977, 0.09365718960260723]}