target,prediction
-0.7746337056159973, -0.04283304139971733
1.859981656074524, -1.0
-0.16518697142601013, 0.5625163316726685
-0.6135992407798767, 0.33375921845436096
-0.31455129384994507, 0.6991934776306152
-0.29092609882354736, -0.07649680227041245
1.5984687805175781, 0.37948140501976013
-0.3960873782634735, 0.4118645489215851
-0.5993947982788086, 0.04099501296877861
