target,prediction
-1.5432554483413696, -0.3742330074310303
-2.1259922981262207, 0.020833097398281097
-0.9624285101890564, -0.5065705180168152
-0.8486962914466858, 0.210304394364357
-0.531909167766571, -0.4882643222808838
-0.4501449465751648, 0.30756133794784546
-2.005000352859497, 0.21211561560630798
-0.8785098791122437, -0.4152171015739441
-1.2106937170028687, -0.4829823076725006
