{"loss": [0.5457994672987196, 0.5129495726691352, 0.4879697693718804, 0.4764198197258843, 0.4722301165262858, 0.4713049464755588, 0.46824460559421116, 0.473686589135064, 0.4780173831515842, 0.47385231653849286, 0.4703197479248047, 0.4598628679911296, 0.458195792304145, 0.4571651882595486, 0.45169268714057076, 0.4498667187160916, 0.44392265213860405, 0.43941442171732586, 0.4370844629075792, 0.4372394879659017, 0.4356072213914659, 0.4301920466952854, 0.42704108026292587, 0.42344186041090226, 0.4174831178453233, 0.4070717493693034, 0.40315156512790257, 0.3965209854973687, 0.3935028182135688, 0.3913847075568305, 0.3903656005859375, 0.38113975524902344, 0.3813352584838867, 0.37485527992248535, 0.37593430942959255, 0.3714709546830919, 0.371309306886461, 0.3639608754052056, 0.3566300604078505, 0.35211181640625, 0.34685254096984863, 0.3422308762868245, 0.33635404374864364, 0.333838595284356, 0.33172859085930717, 0.32549775971306694, 0.3178696102566189, 0.3130861388312446, 0.3099871476491292, 0.3037620915306939, 0.3068922890557183], "mae": [0.6342559390597873, 0.6201368437872993, 0.6077506277296278, 0.5985023180643717, 0.5918243726094564, 0.5867507722642686, 0.5754814147949219, 0.5691213077969022, 0.5631812413533529, 0.5576719707912869, 0.5585886637369791, 0.5645305845472548, 0.5646285480923123, 0.5645400683085123, 0.5632963180541992, 0.55617798699273, 0.5585269927978516, 0.5531491173638238, 0.5490520795186361, 0.550115532345242, 0.5419619348314073, 0.5356841617160373, 0.5360130204094781, 0.5340698560078939, 0.5276377465989854, 0.5243552525838217, 0.5263214111328125, 0.5148952802022299, 0.5164075427585177, 0.5142736434936523, 0.5187416076660156, 0.5096376207139757, 0.5122614436679416, 0.5014542473687066, 0.49969620174831814, 0.4902021090189616, 0.5005168384975858, 0.5011698404947916, 0.4954911337958442, 0.49257289038764107, 0.4877612325880263, 0.48316547605726456, 0.4832313855489095, 0.4870183202955458, 0.48617129855685765, 0.47854042053222656, 0.4658503532409668, 0.4503261248270671, 0.4641936620076497, 0.46050633324517143, 0.4641367594401042]}