{"loss": [0.03725787624716759, 0.08387488126754761, 0.1467171162366867, 0.2014026641845703, 0.25871384143829346, 0.29513540863990784, 0.3513813316822052, 0.4287145733833313, 0.479350209236145, 0.4831407368183136, 0.4674435257911682, 0.38483619689941406, 0.3889971077442169, 0.38943055272102356, 0.37412577867507935, 0.4224342703819275, 0.3624241054058075, 0.3737764358520508, 0.3961098790168762, 0.3880477845668793, 0.44577911496162415, 0.4744715094566345, 0.4512732923030853, 0.459375262260437, 0.4596807360649109, 0.4082109332084656, 0.3691955506801605, 0.4480743110179901, 0.38979649543762207, 0.41174328327178955, 0.36034128069877625, 0.3710617423057556, 0.328489750623703, 0.41700249910354614, 0.43626031279563904, 0.5227776765823364, 0.4816977381706238, 0.4164944589138031, 0.4445590078830719, 0.4412974417209625, 0.41922929883003235, 0.41695231199264526, 0.45043477416038513, 0.35712572932243347, 0.3501010835170746, 0.3642388880252838, 0.5132580399513245, 0.6377081871032715, 0.4622793197631836, 0.460201233625412, 0.42736873030662537], "mae": [0.19302299618721008, 0.2896116077899933, 0.38303670287132263, 0.44877907633781433, 0.5086392164230347, 0.5432636737823486, 0.5927742719650269, 0.6547629833221436, 0.692351222038269, 0.6950832605361938, 0.6836984157562256, 0.6203516721725464, 0.6236963272094727, 0.6240437030792236, 0.6116582155227661, 0.6499494314193726, 0.6020166873931885, 0.6113725900650024, 0.6293725967407227, 0.6229348182678223, 0.6676669120788574, 0.6888189315795898, 0.6717687845230103, 0.6777722835540771, 0.6779975891113281, 0.6389138698577881, 0.6076146364212036, 0.6693835258483887, 0.624336838722229, 0.6416722536087036, 0.6002843379974365, 0.609148383140564, 0.5731402635574341, 0.6457573175430298, 0.6605000495910645, 0.7230336666107178, 0.6940444707870483, 0.6453638076782227, 0.6667525768280029, 0.6643022298812866, 0.6474791765213013, 0.6457184553146362, 0.6711443662643433, 0.597599983215332, 0.5916934013366699, 0.6035220623016357, 0.7164202928543091, 0.7985663414001465, 0.6799112558364868, 0.6783813238143921, 0.6537344455718994]}