target,prediction
-0.9591531753540039, -1.0
-0.5513952970504761, -0.8666666746139526
-0.8570218086242676, -1.0
-0.7896833419799805, -0.8358974456787109
-0.3883899450302124, -0.44273504614830017
-0.6119000911712646, -0.7982906103134155
-0.4255253076553345, -0.5726495981216431
-1.080570936203003, -1.0
-0.8948501348495483, -1.0
