target,prediction
-0.7480908036231995, -0.951178789138794
-0.8094514012336731, -0.9368153810501099
-1.001380205154419, -0.8494740724563599
-0.6644133925437927, -0.9773666858673096
-1.105858325958252, -0.9245556592941284
-0.677664577960968, -0.9505259394645691
-0.9395004510879517, -0.9788901209831238
-1.3099358081817627, -0.9301414489746094
-1.1628942489624023, -0.8605731129646301
