target,prediction
-1.4904290437698364, -0.951178789138794
-0.529334306716919, -0.9368153810501099
-0.5507339835166931, -0.8494740724563599
-1.4779682159423828, -0.9773666858673096
-0.6430773138999939, -0.9245556592941284
-0.8175360560417175, -0.9505259394645691
-1.3293836116790771, -0.9788901209831238
-0.5559846758842468, -0.9301414489746094
-0.6089650392532349, -0.8605731129646301
