target,prediction
-0.2695491313934326, -0.1407439410686493
-0.17529301345348358, -1.0
-0.730532705783844, -1.0
-0.012302674353122711, -0.7937497496604919
-0.7220142483711243, -0.8054355382919312
-0.14870694279670715, -1.0
-2.7083046436309814, 0.03954244405031204
-0.647790253162384, -0.7793070673942566
-0.21662475168704987, -1.0
