target,prediction
-0.8389413356781006, -1.0
-0.04336373880505562, -0.4769230782985687
0.07378514111042023, -1.0
-3.0913310050964355, -0.6615384817123413
-1.30197274684906, -0.8290598392486572
0.032305967062711716, -0.7606837749481201
0.1179296225309372, -1.0
1.0491118431091309, -0.9692307710647583
-4.105569839477539, -1.0
