target,prediction
-0.08193746209144592, -0.9773666858673096
1.060875415802002, -0.9368153810501099
-1.2686158418655396, -0.8605731129646301
-1.3701823949813843, -0.9788901209831238
-0.36433640122413635, -0.951178789138794
0.4149341583251953, -0.9505259394645691
-2.229135751724243, -0.9245556592941284
-1.268465518951416, -0.8494740724563599
-1.8046783208847046, -0.9301414489746094
