target,prediction
1.70248544216156, -0.2643006145954132
-0.21152210235595703, 0.04099501296877861
0.24261066317558289, 0.33375921845436096
-0.3436424136161804, 0.2685486972332001
-0.44661346077919006, 0.4959885776042938
-0.6579654216766357, -0.15679432451725006
-0.7151800394058228, 0.2917960286140442
-0.5162767171859741, 0.12670809030532837
-0.4117640554904938, 0.4713987410068512
