target,prediction
-0.9890801906585693, -0.9528473019599915
-1.0664451122283936, -0.9778019785881042
-0.33207622170448303, -0.9350743293762207
-0.6963353157043457, -0.8988755941390991
-0.6932448744773865, -0.9978962540626526
-0.363903284072876, -0.9313746690750122
-0.9895434379577637, -0.9833151698112488
-0.4477573037147522, -0.9360173940658569
-0.554617166519165, -0.9751904010772705
