target,prediction
-0.256260484457016, -1.0
-0.5143656134605408, -1.0
-0.5352869033813477, -0.3272024095058441
-0.819698691368103, -0.8312348127365112
-0.5791124105453491, -0.2734847664833069
-0.32916316390037537, -1.0
-1.5442695617675781, -0.9985392689704895
-1.1226450204849243, -0.4627823829650879
-0.13296465575695038, -1.0
