{"loss": [0.01650445588997432, 0.012212366930076055, 0.009400084614753723, 0.0076787226966449195, 0.006030744739941188, 0.005458523120198931, 0.003440189840538161, 0.0024372347231422153, 0.001838735570865018, 0.0012428578255431993, 0.0009413840515272957, 0.0008038543829960483, 0.0007907995022833347, 0.0014187561880264962, 0.0006027110586208957, 0.0008981120107429368, 0.0006836649429585252, 0.0007589118821280343, 0.0005917496580098357, 0.000533812612827335, 0.0003664376812853983, 0.0010811568104795047, 0.0006016470225793975, 0.0011090686145637716, 0.0007216555864683219, 0.0008208542796117919, 0.0011414459773472377, 0.0004233984675790582, 0.001316045011792864, 0.0007144148195428508, 0.0006672473890440804, 0.0005527076843593802, 0.0014014365151524544, 0.00050698929200215, 0.0005623808662806239, 0.0034162657601492746, 0.001206865268094199, 0.0026874661977802005, 0.0023460936333451953, 0.0015443310673747743, 0.0023627629769699915, 0.004773889801331929, 0.004175193873899323, 0.0019668679950492723, 0.0027896599578005926, 0.004128206521272659, 0.004620664353881564, 0.0028877133237464087, 0.00354153396827834, 0.0030499805829354693, 0.0038207777376685825, 0.004851844161748886, 0.006490062390054975, 0.006769985492740359, 0.0033200617347444806, 0.00775390916637012, 0.0038697413567985806, 0.04112382871764047, 0.011596356119428362, 0.005897929625851768, 0.005569092929363251, 0.008183307413543974, 0.022585217441831316, 0.0048897213169506615, 0.01324608815567834, 0.0032947510480880737, 0.013260496514184135, 0.01734430342912674, 0.0018487459580813134, 0.006303309329918453, 0.0046763015644890925, 0.0026844979396888186, 0.00321477758032935, 0.0021149066409894396, 0.004275304132274219, 0.009898852024759566, 0.0036798444177423206, 0.006824667432478496, 0.006168112690959658, 0.003788900960768972, 0.004218753161174911, 0.006730085504906518, 0.0036943448441369192, 0.007580152047531945, 0.010175291981015886, 0.0044731758534908295, 0.003889685496687889, 0.006655869207211903, 0.002220566916678633, 0.0025575775653123856, 0.0020750013313123156, 0.0013043969603521483, 0.0017205701608742987, 0.008592216564076287], "mae": [0.06874010392597743, 0.06557634472846985, 0.05359940869467599, 0.052529369081769674, 0.0465728725705828, 0.0509864262172154, 0.03650087969643729, 0.031664448125021796, 0.030761022652898515, 0.024324395826884677, 0.020997441240719388, 0.020530547414507185, 0.020665932978902544, 0.029890171119144986, 0.017487978296620504, 0.022557405488831655, 0.01969341720853533, 0.01935048614229475, 0.01774259443793978, 0.0170487357037408, 0.014415004423686437, 0.022570863366127014, 0.02001658933503287, 0.025749036243983676, 0.01974818536213466, 0.020125029342515127, 0.026533052325248718, 0.01588643661567143, 0.02957319361822946, 0.018858196479933604, 0.01885316414492471, 0.016522264906338284, 0.031771021229880195, 0.016877869410174235, 0.016492018742220744, 0.04741283825465611, 0.02357191060270582, 0.040324632610593526, 0.033872908779553006, 0.028634565217154368, 0.03867039084434509, 0.057715373379843574, 0.05054055792944772, 0.032589782561574666, 0.038248232432774136, 0.04663678577968052, 0.047804215124675205, 0.04218300751277378, 0.042801776102610996, 0.04262779440198626, 0.050862405981336324, 0.05690897788320269, 0.058624050446919033, 0.06847343274525233, 0.043473431042262485, 0.07424207244600568, 0.04661104083061218, 0.19033661910465785, 0.08767204625265938, 0.060680580990655084, 0.05675236242158072, 0.06475195288658142, 0.13434326648712158, 0.052504428795405796, 0.10027986764907837, 0.04164309586797442, 0.1007879206112453, 0.12312261547361102, 0.030956449253218516, 0.06976268972669329, 0.05035360370363508, 0.04158785939216614, 0.046479612588882446, 0.035294683916228156, 0.05321133988244193, 0.09204442160470146, 0.045836414609636576, 0.059249665055956156, 0.06663867405482701, 0.046913857970918925, 0.048002004623413086, 0.06267155068261283, 0.04534253478050232, 0.07451828036989484, 0.08757903746196202, 0.054414919444492886, 0.04405461038861956, 0.054026663303375244, 0.033474930695125034, 0.03859105280467442, 0.032869658299854825, 0.026149698666163852, 0.030015072652271817, 0.07163016285215106]}