{"loss": [0.01686955615878105, 0.01449963574608167, 0.013404699663321177, 0.015577971935272217, 0.015553846955299377, 0.013769088933865229, 0.014227382838726044, 0.014858337740103403, 0.014397059877713522, 0.014122610290845236, 0.014098433156808218, 0.014578677713871002, 0.014437009890874227, 0.013895307977994284, 0.01397335653503736, 0.01313057541847229, 0.013778557380040487, 0.01367285723487536, 0.01283350462714831, 0.0129060298204422, 0.014008637517690659, 0.012830901890993118, 0.012801786263783773, 0.013537983099619547, 0.013040410975615183, 0.01315662016471227, 0.015485952297846476, 0.012434168408314386, 0.014949120581150055, 0.013302310059467951, 0.012392340848843256, 0.012542525927225748, 0.01386150469382604, 0.01249319314956665, 0.012561609347661337, 0.01753580942749977, 0.011722472806771597, 0.013055707017580668, 0.017009268204371136, 0.014549950758616129, 0.015757615367571514, 0.016815215349197388, 0.01134522631764412, 0.010497485597928366, 0.012041961153348288, 0.015735308329264324, 0.015537761151790619, 0.014242380857467651, 0.01486142228047053, 0.01752617085973422, 0.013852407534917196, 0.018856395035982132, 0.024314803381760914, 0.02834244320789973, 0.027335109810034435, 0.02422572672367096, 0.017874840646982193, 0.05190977454185486, 0.03374310831228892, 0.020534938822189968, 0.020754987994829815, 0.02077024181683858, 0.029436240593592327, 0.019624936083952587, 0.039445591469605766, 0.024115125338236492, 0.042149762312571205, 0.03383608162403107, 0.022669394810994465, 0.022957369685173035, 0.026789645353953045, 0.02057729164759318, 0.016196707884470623, 0.021039023995399475, 0.029429495334625244, 0.02323677142461141, 0.019651090105374653, 0.02441498140494029, 0.019329567750295002, 0.020986023048559826, 0.024664148688316345, 0.029667317867279053, 0.020734454194704693, 0.03526654839515686, 0.03791555017232895, 0.023658980925877888, 0.019435543566942215, 0.023751147091388702, 0.026139505207538605, 0.024416913588841755, 0.022296858330567677, 0.02234289546807607, 0.025457474092642467, 0.03702310721079508], "mae": [0.08498648802439372, 0.07596002022425334, 0.07297076781590779, 0.08433695634206136, 0.08167618016401927, 0.0760337511698405, 0.07632929583390553, 0.07743574678897858, 0.07877108454704285, 0.07463431358337402, 0.0744270533323288, 0.07771357893943787, 0.0784434974193573, 0.07598113516966502, 0.07571626702944438, 0.07285521427790324, 0.07505089044570923, 0.07314849396546681, 0.07149447004000346, 0.07176264623800914, 0.07428209980328877, 0.07055136064688365, 0.07280230522155762, 0.07704882820447286, 0.07060039540131886, 0.07159833113352458, 0.08034197489420573, 0.0711463491121928, 0.08169000347455342, 0.07159300148487091, 0.070110023021698, 0.07064152757326762, 0.08196289837360382, 0.07181244591871898, 0.06985872983932495, 0.09401550889015198, 0.07139323155085246, 0.07550970713297527, 0.08369202415148418, 0.077157328526179, 0.08229292432467143, 0.09775422016779582, 0.07009827097256978, 0.0662582019964854, 0.07282741864522298, 0.08848865826924641, 0.07440830767154694, 0.08071741958459218, 0.07978322108586629, 0.09406127532323201, 0.08374333381652832, 0.10377755761146545, 0.11280349890391032, 0.12602266669273376, 0.1022684673468272, 0.11764939626057942, 0.0861171285311381, 0.19537089268366495, 0.1385817527770996, 0.10318462053934734, 0.10232327381769817, 0.09801888465881348, 0.1342772642771403, 0.09747294584910075, 0.13931065797805786, 0.09588746229807536, 0.14783944686253866, 0.14259078105290732, 0.09136452277501424, 0.10660578807195027, 0.10315853357315063, 0.09118882815043132, 0.08674438794453938, 0.09377908706665039, 0.11390260855356853, 0.11710814634958903, 0.09534766276677449, 0.10321434338887532, 0.09863252441088359, 0.0990873674551646, 0.10348005096117656, 0.107154647509257, 0.09848105907440186, 0.13002657890319824, 0.13852368791898093, 0.11196829875310262, 0.0874788761138916, 0.09518501162528992, 0.09993125001589458, 0.09718766808509827, 0.09370440244674683, 0.09257839123408, 0.10239206751187642, 0.1285331646601359]}