target,prediction
0.6489086151123047, 0.09719386696815491
2.285724639892578, 0.2562583088874817
1.752320408821106, 0.5452412962913513
2.5119950771331787, 0.20174172520637512
1.517743468284607, 0.04099501296877861
1.8333930969238281, -0.15679432451725006
0.5527869462966919, 0.2685486972332001
3.0035784244537354, 0.5375418663024902
0.2079043686389923, -0.2643006145954132
