target,prediction
-0.7884207963943481, -0.951178789138794
-0.8825603723526001, -0.9368153810501099
-1.016800880432129, -0.8494740724563599
-0.6134687662124634, -0.9773666858673096
-1.2505770921707153, -0.9245556592941284
-0.8049057722091675, -0.9505259394645691
-0.7265244126319885, -0.9788901209831238
-1.09212327003479, -0.9301414489746094
-1.0720288753509521, -0.8605731129646301
