target,prediction
-0.033485397696495056, 0.2624625861644745
-0.32270652055740356, -0.1347503960132599
0.3104825019836426, 0.33375921845436096
-0.4486316442489624, 0.028463594615459442
0.5152721405029297, 0.23016135394573212
0.19377461075782776, 0.028463594615459442
-0.45910149812698364, -0.20604702830314636
-0.24873648583889008, 0.1537250280380249
0.31593573093414307, 0.11716976016759872
