target,prediction
-0.11597096174955368, 0.24840712547302246
-0.06724568456411362, 0.37310296297073364
0.2982937693595886, 0.19142526388168335
-0.24741648137569427, 0.07454606890678406
0.16128401458263397, -0.3269128203392029
-0.2112634778022766, 0.286578893661499
0.020140567794442177, 0.19777856767177582
0.2476615160703659, 0.2556208670139313
-0.2960454523563385, -0.58564293384552
