target,prediction
-0.6417875289916992, -0.7851657271385193
-0.8343104124069214, -0.6501270532608032
-0.8240265250205994, -0.9410796761512756
-0.5082662105560303, -0.860497236251831
-0.9211075901985168, -0.9140663146972656
0.3339947760105133, -0.40962421894073486
-0.39691323041915894, -0.8487789630889893
-0.9732289910316467, -0.8900718092918396
-0.8217849135398865, -0.5602872371673584
