target,prediction
-0.5159687995910645, -1.0
-0.9206333756446838, -0.8666666746139526
-0.41237616539001465, -1.0
-0.5850904583930969, -0.8358974456787109
-0.30172199010849, -0.44273504614830017
-0.4340808093547821, -0.7982906103134155
-0.7727760076522827, -0.5726495981216431
-0.5008769035339355, -1.0
-0.40122368931770325, -1.0
