{"loss": [0.7333490198308771, 0.5812576900828968, 0.45653590289029206, 0.345959641716697, 0.25692020763050427, 0.19008734009482645, 0.12983779473738236, 0.10132947835055264, 0.07290667295455933, 0.058965850960124626, 0.04968062314120206, 0.03303877602924, 0.04085340283133767, 0.04136863892728632, 0.03784541921182112, 0.03441087224266746, 0.027865683490579777, 0.028347860683094372, 0.027067000215703792, 0.024866488846865566, 0.023396177725358444, 0.021185845136642456, 0.019322996789758854, 0.017824536020105534, 0.017460229721936314, 0.01499707725915042, 0.014206516471776095, 0.01067035577513955, 0.010473601520061493, 0.006492749533870004, 0.007453118535605344, 0.005753655325282703, 0.00551400130445307, 0.004336466843431646, 0.005495698275891217, 0.003696710548617623, 0.0029517026110128923, 0.002525701102885333, 0.0024837726219133897, 0.002971047027544542, 0.0016050753606991334, 0.0018303336744958704, 0.0029584030536088076, 0.001570019532333721, 0.0024908022447065873, 0.002507310022007335, 0.0040947544303807345, 0.0012552347034215927, 0.0008754479614171115, 0.0016351088204167106, 0.0016557858748869462, 0.0011356356977061791, 0.0016669840975241227, 0.0031247758729891343, 0.0020427029918540607, 0.003201709890907461, 0.0017078390175646002, 0.001418904232030565, 0.0012590298429131508, 0.0021841060370206833, 0.0022663162513212724, 0.002903300252827731, 0.0023501308804208584, 0.0007109146734530276, 0.0016305426304990594, 0.0006529310379515995, 0.0007936195893721147, 0.0010992929508740251, 0.0012132904746315696, 0.0008045934479344975, 0.00285986065864563, 0.0010016573254357684, 0.0013512991030107844, 0.003039230338551781, 0.0022145277735861864, 0.007632387632673437, 0.002391045574437488, 0.002094874327833002, 0.0012140608477321539, 0.0011675346812063997, 0.006087672981348905, 0.0009989877316084776, 0.0012993884526870468, 0.0012299163605679166, 0.0027066790922121568, 0.000996818935329264, 0.000650492539121346, 0.0013647187839854848, 0.001712762327356772, 0.0021501557732170277, 0.0027447972785342822, 0.0007718285037712617, 0.004183829508044503, 0.0007274607196450233, 0.0025977558371695604, 0.0008794495158574798], "mae": [0.7896955663507635, 0.6929667646234686, 0.6039094491438433, 0.5139828595248136, 0.4379665201360529, 0.3679559014060281, 0.29272586649114435, 0.24023058197715066, 0.18070789900693027, 0.15956695513291794, 0.14860956235365433, 0.13513439351862128, 0.1437925858931108, 0.1504077586260709, 0.14184891093860974, 0.13182641159404407, 0.11476509137587114, 0.11106768521395596, 0.10761044242165306, 0.10021288828416304, 0.09665384075858376, 0.08990707722577182, 0.0869918790730563, 0.0818041671406139, 0.08763169158588756, 0.07695448398590088, 0.07938166098161177, 0.06309232386675748, 0.06523984670639038, 0.05305747552351518, 0.0538913445039229, 0.048404563557017936, 0.04698622768575495, 0.04320576516064731, 0.05497746575962414, 0.038794885982166634, 0.036623616110194816, 0.03427961468696594, 0.03733882849866694, 0.04231068221005527, 0.0278006141835993, 0.028576569123701615, 0.03765276616269892, 0.02726455710150979, 0.03968200087547302, 0.03870412978259, 0.05526034398512407, 0.02383965795690363, 0.02027402411807667, 0.035307114774530586, 0.03319463404742154, 0.025953720916401257, 0.03315669027241794, 0.03505388715050437, 0.036594155159863556, 0.04330164194107056, 0.03357110782103105, 0.032175540924072266, 0.02360369942405007, 0.04043318466706709, 0.03171663934534246, 0.04513495618646795, 0.04139411720362576, 0.018349043347618797, 0.032829225063323975, 0.018335605209523983, 0.01940939643166282, 0.022351861000061035, 0.027181831273165615, 0.0192313627763228, 0.04679794745011763, 0.02409066395326094, 0.029930802908810703, 0.03831101276657798, 0.03961141542954878, 0.07554456862536343, 0.03877931291406805, 0.03629668192429976, 0.028646959499879318, 0.02574402093887329, 0.06840367750688033, 0.026997029781341553, 0.027926133437590164, 0.02910193529996005, 0.02579046921296553, 0.01924966817552393, 0.01668933575803583, 0.028154974633997135, 0.027042965997349133, 0.03667770190672441, 0.024274051189422607, 0.02251575616273013, 0.057616120034998115, 0.019457119432362644, 0.045077063820578835, 0.020741659131917087]}