{"loss": [0.6450486183166504, 0.566592276096344, 0.5106408596038818, 0.4755841791629791, 0.4337020814418793, 0.4003155827522278, 0.3767135441303253, 0.3292161822319031, 0.289014995098114, 0.24723690748214722, 0.21093206107616425, 0.18868276476860046, 0.16915938258171082, 0.1548185497522354, 0.14518165588378906, 0.1373760849237442, 0.1372067630290985, 0.1369403749704361, 0.13649016618728638, 0.13620896637439728, 0.13279271125793457, 0.13156427443027496, 0.12190690636634827, 0.12348136305809021, 0.11917699128389359, 0.11429446190595627, 0.10807645320892334, 0.11998461931943893, 0.11855603009462357, 0.12163732945919037, 0.10724136233329773, 0.10887698829174042, 0.10098174214363098, 0.10689537227153778, 0.10124179720878601, 0.11187369376420975, 0.11047835648059845, 0.10740812122821808, 0.12359356880187988, 0.11291974037885666, 0.11374291032552719, 0.10555404424667358, 0.08421400934457779, 0.11164085566997528, 0.09547974914312363, 0.0797945186495781, 0.0841735228896141, 0.09169890731573105, 0.10818794369697571, 0.1206926554441452, 0.10500656068325043, 0.10734757035970688, 0.10373266041278839, 0.07255620509386063, 0.11586080491542816, 0.08643358200788498, 0.12687994539737701, 0.12174713611602783, 0.10928909480571747, 0.1310301572084427, 0.09294196218252182, 0.10056402534246445, 0.11220013350248337, 0.10856746882200241, 0.10996939986944199, 0.12058975547552109, 0.11500536650419235, 0.10665128380060196, 0.12332265824079514, 0.12078066170215607, 0.12917844951152802, 0.1287502646446228, 0.12257655709981918, 0.10071839392185211, 0.13298749923706055, 0.12291736155748367, 0.13924627006053925, 0.11373621225357056, 0.09673839807510376, 0.09448438882827759, 0.12745782732963562, 0.13237737119197845, 0.11262406408786774, 0.14209355413913727, 0.10944128781557083, 0.12830673158168793, 0.13887903094291687, 0.13089071214199066, 0.12794384360313416, 0.142054945230484, 0.11558706313371658, 0.1454775184392929, 0.1259372979402542, 0.13289442658424377, 0.1572856605052948, 0.11872895061969757], "mae": [0.707717776298523, 0.6460272073745728, 0.6063209176063538, 0.5721614360809326, 0.5372605323791504, 0.4992808401584625, 0.45755648612976074, 0.4055616557598114, 0.34261220693588257, 0.29768919944763184, 0.2689548134803772, 0.2550759017467499, 0.24796049296855927, 0.2518564462661743, 0.2432388812303543, 0.23156659305095673, 0.22350916266441345, 0.2222047597169876, 0.2249819040298462, 0.22089800238609314, 0.2189709097146988, 0.2132856249809265, 0.21110005676746368, 0.21199069917201996, 0.21931546926498413, 0.21030427515506744, 0.21287810802459717, 0.21261528134346008, 0.21294045448303223, 0.20609363913536072, 0.2000226080417633, 0.20100094377994537, 0.2008960247039795, 0.20180408656597137, 0.2120562493801117, 0.20206736028194427, 0.20360037684440613, 0.2113090455532074, 0.2085137516260147, 0.2220153510570526, 0.20808374881744385, 0.205732062458992, 0.19235387444496155, 0.21190162003040314, 0.2093050628900528, 0.18910476565361023, 0.21129724383354187, 0.19356709718704224, 0.21130098402500153, 0.2121167629957199, 0.21693351864814758, 0.20880407094955444, 0.21730965375900269, 0.19093045592308044, 0.22005999088287354, 0.1903580129146576, 0.22589799761772156, 0.21536505222320557, 0.21157898008823395, 0.23333755135536194, 0.2030264437198639, 0.21535970270633698, 0.20975373685359955, 0.2098739892244339, 0.219028040766716, 0.21653999388217926, 0.21285948157310486, 0.20343142747879028, 0.22630877792835236, 0.21589158475399017, 0.2221592366695404, 0.2131902128458023, 0.2263774275779724, 0.2041833996772766, 0.2340756058692932, 0.24519512057304382, 0.23047283291816711, 0.21173067390918732, 0.20369096100330353, 0.2021162509918213, 0.2526261508464813, 0.2230147123336792, 0.20770591497421265, 0.22400397062301636, 0.20652121305465698, 0.2135940045118332, 0.2208794355392456, 0.220406174659729, 0.21422311663627625, 0.22274337708950043, 0.20821601152420044, 0.23053225874900818, 0.24242156744003296, 0.2218509167432785, 0.2392110973596573, 0.21714544296264648]}