target,prediction
-0.7656244039535522, -0.7851657271385193
-0.26107674837112427, -0.6501270532608032
-0.846052885055542, -0.9410796761512756
-1.236000418663025, -0.860497236251831
-1.1852465867996216, -0.9140663146972656
-0.6616253852844238, -0.40962421894073486
-0.5026140213012695, -0.8487789630889893
-0.990775465965271, -0.8900718092918396
-0.9398307204246521, -0.5602872371673584
