target,prediction
-0.3160109221935272, -0.3355972468852997
1.7413206100463867, 0.7511199116706848
0.525189995765686, 0.07588529586791992
0.5348281264305115, 0.015420551411807537
-0.2987533211708069, 0.028463594615459442
0.5907837152481079, 0.4232093095779419
0.24016708135604858, 0.06467325985431671
-0.8300653696060181, 0.08671718835830688
0.41115453839302063, 0.10733789950609207
