{"loss": [0.5249547428554959, 0.4767138163248698, 0.4533230993482802, 0.4511013560824924, 0.4528050952487522, 0.4662872420416938, 0.4601896074083116, 0.45659732818603516, 0.45974959267510307, 0.4576488071017795, 0.45168066024780273, 0.44526810116238064, 0.4490932888454861, 0.4456652005513509, 0.43611756960550946, 0.43991735246446395, 0.4289560582902696, 0.4251719315846761, 0.421990262137519, 0.42219845453898114, 0.4121427536010742, 0.3975970215267605, 0.4083143340216743, 0.38598132133483887, 0.3828798400031196, 0.3838752375708686, 0.3715294731987847, 0.35944652557373047, 0.361098051071167, 0.3596961498260498, 0.3511048158009847, 0.3512490325503879, 0.3379998207092285, 0.33860988087124294, 0.3474705484178331, 0.31844184133741593, 0.31417642699347603, 0.313581387201945, 0.3170438872443305, 0.3050842020246718, 0.297447575463189, 0.30077269342210555, 0.29762326346503365, 0.2981140348646376, 0.29668781492445206, 0.297879245546129, 0.2987991174062093, 0.28633597162034774, 0.28574630949232316, 0.2897164556715224, 0.2854415045844184, 0.29255029890272355, 0.2879493236541748, 0.2959829701317681, 0.2874880101945665, 0.295228984620836, 0.29153484768337673, 0.2888072861565484, 0.2781502670711941, 0.27764031622144913, 0.27755991617838544, 0.27766479386223686, 0.28577203220791286, 0.27581169870164657, 0.27851981586880153, 0.28717637062072754, 0.2825000021192763, 0.27669183413187665, 0.2765918837653266, 0.27754484282599556, 0.28049373626708984, 0.2901923921373155, 0.2770557138654921, 0.27456045150756836, 0.28926446702745223, 0.28856081432766384, 0.2852891816033257, 0.29164846738179523, 0.2821786138746474, 0.2897988160451253, 0.2781375249226888, 0.29098958439297146, 0.2727719412909614, 0.27536498175727, 0.2800472047593858, 0.28644349839952254, 0.27702368630303276, 0.276718537012736, 0.2883573638068305, 0.29774700270758736, 0.2874491214752197, 0.28076812956068253, 0.28784683015611434, 0.3109481069776747, 0.263870981004503, 0.26613807678222656, 0.27636265754699707, 0.2841666009691026, 0.28463265630933976, 0.2638823986053467, 0.2596791850195991, 0.27331182691786027, 0.2558564874860976, 0.27531562911139595, 0.29017289479573566, 0.26551612218221027, 0.2535522249009874, 0.2769836319817437, 0.29634912808736164, 0.290153874291314, 0.26827242639329696], "mae": [0.6085610919528537, 0.5794855753580729, 0.559115038977729, 0.5577179061041938, 0.5647281540764703, 0.586043569776747, 0.5854094823201498, 0.5794183943006728, 0.5810561180114746, 0.5794667137993706, 0.5739935239156088, 0.5725365744696723, 0.5737175411648221, 0.5644756952921549, 0.5645469559563531, 0.5634146796332465, 0.5565197202894423, 0.5495025846693251, 0.5438625547620985, 0.5499696731567383, 0.5390605926513672, 0.5334342850579156, 0.5385310384962294, 0.518196529812283, 0.5172429614596896, 0.5136753718058268, 0.5014694531758627, 0.4892766210767958, 0.49879248936971027, 0.5048155784606934, 0.49666473600599503, 0.5045400195651584, 0.4927962091233995, 0.48790232340494794, 0.4996555646260579, 0.47501881917317706, 0.47187603844536674, 0.4671832190619575, 0.46734147601657444, 0.462397469414605, 0.4602521260579427, 0.47076887554592556, 0.46468708250257706, 0.4679881731669108, 0.4712781376308865, 0.46631791856553817, 0.46416012446085614, 0.45786158243815106, 0.46199798583984375, 0.4637335141499837, 0.46241267522176105, 0.4717112117343479, 0.458961910671658, 0.4637761116027832, 0.4541476567586263, 0.46021223068237305, 0.4640641212463379, 0.4549415906270345, 0.4553697903951009, 0.45773771074083114, 0.457924313015408, 0.45794174406263566, 0.45603423648410374, 0.45463667975531685, 0.45802783966064453, 0.4599565400017632, 0.4543246693081326, 0.44981251822577584, 0.4490009943644206, 0.4505056275261773, 0.46010510126749676, 0.4586494233873155, 0.4561721483866374, 0.4536830054389106, 0.4617926279703776, 0.46739043129814994, 0.4572620391845703, 0.46253665288289386, 0.4545953008863661, 0.4515788820054796, 0.44864299562242294, 0.460469298892551, 0.45085324181450737, 0.4548800786336263, 0.45745907889472115, 0.45169681972927517, 0.4453708860609267, 0.44216304355197483, 0.4511098861694336, 0.4569331275092231, 0.45711082882351345, 0.4438543849521213, 0.45515129301283097, 0.4785514937506782, 0.4334390428331163, 0.4346085919274224, 0.4422062502966987, 0.44931210411919487, 0.44795571433173287, 0.43688133027818465, 0.42968302302890354, 0.43805434968736434, 0.43081410725911456, 0.44442833794487846, 0.4557507303025987, 0.4374190966288249, 0.4280587037404378, 0.44566790262858075, 0.46231937408447266, 0.4583321147494846, 0.4391321871015761]}