{"loss": [1.400856375694275, 1.2967753410339355, 1.2248762845993042, 1.18214750289917, 1.1340725421905518, 1.089454174041748, 1.0532587766647339, 1.039821982383728, 1.0317937135696411, 1.0314667224884033, 1.0356471538543701, 1.0268299579620361, 1.0469146966934204, 1.0603214502334595, 1.025965690612793, 1.045422911643982, 1.0323721170425415, 1.0450129508972168, 1.0492346286773682, 1.0162798166275024, 1.0249934196472168, 0.9869787693023682, 1.0005141496658325, 0.9900503754615784, 0.9719457626342773, 0.9929351806640625, 1.000959873199463, 1.0046557188034058, 0.981238842010498, 0.9558184742927551, 0.9542548656463623, 0.9140211939811707, 0.9090474247932434, 0.9420605301856995, 0.9165416359901428, 0.8977559804916382, 0.930855393409729, 0.9774742722511292, 1.0050443410873413, 0.974448561668396, 0.9434423446655273, 0.8958314657211304, 0.9399835467338562, 0.9468588829040527, 0.9236092567443848, 0.9444460272789001, 0.9612525701522827, 0.913662314414978, 0.9012175798416138, 0.9337594509124756, 0.9078675508499146, 0.9154508113861084, 0.9553297758102417, 0.9868645668029785, 0.9776231050491333, 0.998047947883606, 0.9691480994224548, 0.9853804707527161, 0.916354238986969, 0.886185884475708, 0.8789017796516418, 0.8826677203178406, 0.9605098366737366, 0.9080012440681458, 0.9107962846755981, 0.9597324728965759, 0.960841715335846, 0.9245446920394897, 0.9441520571708679, 0.944969892501831, 0.9245728850364685, 0.976705014705658, 0.9028917551040649, 0.9080448746681213, 0.9719999432563782, 0.9322238564491272, 0.9587551355361938, 0.9850656390190125, 0.964887261390686, 0.9996194243431091, 0.9505332112312317, 0.988007128238678, 0.9115850329399109, 0.9109507203102112, 0.9186217784881592, 0.9848803281784058, 0.9378654956817627, 0.9580430388450623, 0.9859560132026672, 1.0162298679351807, 0.9280364513397217, 1.001906394958496, 0.9888480305671692, 1.0930259227752686, 0.9635726809501648, 0.999714732170105, 1.065873384475708, 1.0516217947006226, 1.0643151998519897, 1.0798094272613525, 1.084600567817688, 1.0879631042480469, 1.060845136642456, 1.1053065061569214, 1.1354198455810547, 1.089910864830017, 1.0512900352478027, 1.1197630167007446, 1.1695005893707275, 1.145204782485962, 1.0885258913040161], "mae": [1.1835777759552002, 1.1387604475021362, 1.1067413091659546, 1.0872660875320435, 1.064928412437439, 1.0437692403793335, 1.0262839794158936, 1.0197166204452515, 1.0157724618911743, 1.0156115293502808, 1.017667531967163, 1.0133261680603027, 1.0231884717941284, 1.0297191143035889, 1.01289963722229, 1.0224592685699463, 1.0160571336746216, 1.0222587585449219, 1.0243215560913086, 1.00810706615448, 1.012419581413269, 0.9934680461883545, 1.0002570152282715, 0.9950127601623535, 0.9858731031417847, 0.9964613318443298, 1.000479817390442, 1.002325177192688, 0.9905750155448914, 0.9776597023010254, 0.9768596887588501, 0.9560445547103882, 0.9534397721290588, 0.970598042011261, 0.9573618173599243, 0.9474998712539673, 0.964808464050293, 0.9886729717254639, 1.0025190114974976, 0.9871416091918945, 0.9713096022605896, 0.9464837312698364, 0.9695274829864502, 0.9730667471885681, 0.9610459208488464, 0.9718261361122131, 0.9804348945617676, 0.9558568596839905, 0.9493247866630554, 0.9663122892379761, 0.9528208374977112, 0.9567919373512268, 0.9774097204208374, 0.993410587310791, 0.9887482523918152, 0.9990234971046448, 0.9844532012939453, 0.9926633238792419, 0.9572639465332031, 0.9413744807243347, 0.937497615814209, 0.9395039677619934, 0.9800560474395752, 0.9528909921646118, 0.9543564915657043, 0.979659378528595, 0.9802253246307373, 0.961532473564148, 0.9716748595237732, 0.9720956087112427, 0.9615471363067627, 0.9882838726043701, 0.9502061605453491, 0.9529138803482056, 0.9859005808830261, 0.9655174016952515, 0.9791604280471802, 0.9925047159194946, 0.9822867512702942, 0.9998096823692322, 0.9749529361724854, 0.9939854741096497, 0.9547696113586426, 0.9544373750686646, 0.9584475755691528, 0.9924113750457764, 0.9684345722198486, 0.9787967205047607, 0.9929531812667847, 1.0080822706222534, 0.9633464813232422, 1.0009527206420898, 0.994408369064331, 1.0454788208007812, 0.9816173911094666, 0.9998573660850525, 1.0324114561080933, 1.0254861116409302, 1.0316565036773682, 1.0391387939453125, 1.041441559791565, 1.0430546998977661, 1.0299733877182007, 1.0513355731964111, 1.0655608177185059, 1.0439879894256592, 1.0253243446350098, 1.058188557624817, 1.0814344882965088, 1.070142388343811, 1.0433244705200195]}