target,prediction
-0.6874523758888245, -0.9742664098739624
-1.0395857095718384, -0.9021643400192261
-0.859697699546814, -0.9812618494033813
-0.644963800907135, -0.9987353682518005
-0.9869250059127808, -0.9684217572212219
-0.7511599063873291, -0.9633339643478394
-0.855880856513977, -0.9731748700141907
-0.5917955636978149, -0.996860921382904
-0.29778990149497986, -0.9991080164909363
