target,prediction
-0.6282494068145752, -0.9913079142570496
-0.6215475797653198, -0.9999129176139832
-0.8819831609725952, -0.9990180134773254
-0.9328593015670776, -0.9812979102134705
-0.42768874764442444, -0.9994727969169617
-1.1694444417953491, -0.99821937084198
-0.5804191827774048, -0.9938071370124817
-0.8037108182907104, -0.928724467754364
-0.9303110837936401, -0.9955627918243408
