target,prediction
-0.6551040410995483, -0.8231104612350464
-0.4284868836402893, -0.8376187682151794
-1.1788450479507446, -0.9854916930198669
-0.3080531358718872, -0.6484529972076416
-1.0273517370224, -0.9296905994415283
-0.5867341756820679, -0.9088581800460815
-0.4548986554145813, -0.8716574311256409
-0.9045568108558655, -0.6121822595596313
-0.13380058109760284, -0.7182043790817261
