target,prediction
-0.8687129616737366, -0.9921653866767883
-0.9890172481536865, -0.9227421283721924
-0.6305677890777588, -0.9373956918716431
-0.9770334362983704, -0.9708378911018372
-0.795052707195282, -0.9087414145469666
-1.089787483215332, -0.9991294741630554
-0.8941968679428101, -0.8887196183204651
-0.7168049216270447, -0.8494740724563599
-1.164267897605896, -0.9417482614517212
