target,prediction
-0.6119016408920288, -1.0
-0.9965980052947998, -1.0
-0.6372667551040649, -0.7119079828262329
-0.3485085666179657, -0.5273423194885254
0.38982143998146057, 0.08610048145055771
-0.7332302927970886, -0.73801589012146
-2.1624860763549805, -0.9796527028083801
-0.7333777546882629, -1.0
0.6742807030677795, -0.27076902985572815
