target,prediction
-1.0529603958129883, -0.8231104612350464
-0.8645381927490234, -0.6160411834716797
-0.5734346508979797, -0.30918222665786743
-1.0483441352844238, -0.8231104612350464
-0.8980756998062134, -0.6596131920814514
-1.1355856657028198, -0.9771215319633484
-1.02032470703125, -0.8370607495307922
-0.961889386177063, -0.9088581800460815
-0.5666248202323914, -0.5251325368881226
