target,prediction
-1.177262306213379, -0.9921653866767883
-0.8616456985473633, -0.9227421283721924
-0.2674163281917572, -0.9373956918716431
-0.8448019623756409, -0.9708378911018372
-0.9105293154716492, -0.9087414145469666
-0.997222900390625, -0.9991294741630554
-0.4522985816001892, -0.8887196183204651
-1.0180388689041138, -0.8494740724563599
-0.6628641486167908, -0.9417482614517212
