{"loss": [0.04416342452168465, 0.2569080591201782, 0.5176976919174194, 0.9110146760940552, 1.3187488317489624, 1.7220771312713623, 2.0846951007843018, 2.1391959190368652, 1.9619100093841553, 1.821560025215149, 2.0238044261932373, 1.9273016452789307, 1.8261566162109375, 1.5585250854492188, 1.237805724143982, 1.460579514503479, 1.9930715560913086, 2.0829949378967285, 2.192431926727295, 2.0165975093841553, 1.8300514221191406, 1.5507831573486328, 1.4205875396728516, 1.2849783897399902, 1.0762665271759033, 1.6123725175857544, 1.9523882865905762, 1.7880386114120483, 1.7273333072662354, 1.6917756795883179, 1.7232029438018799, 1.6915630102157593, 1.521460771560669, 2.0067596435546875, 1.730196237564087, 1.5929490327835083, 1.5906469821929932, 2.3212838172912598, 2.294924020767212, 1.979783058166504, 1.6772061586380005, 2.1680119037628174, 1.5505315065383911, 1.5833991765975952, 1.2758616209030151, 1.8090806007385254, 1.4934308528900146, 1.3792058229446411, 1.4311984777450562, 2.169428825378418, 1.9975221157073975], "mae": [0.21015095710754395, 0.5068609714508057, 0.7195121049880981, 0.9544708728790283, 1.1483678817749023, 1.3122793436050415, 1.4438472986221313, 1.4625990390777588, 1.400681972503662, 1.34965181350708, 1.4226047992706299, 1.3882728815078735, 1.351353645324707, 1.2484090328216553, 1.1125671863555908, 1.208544373512268, 1.4117618799209595, 1.4432584047317505, 1.4806863069534302, 1.4200695753097534, 1.3527939319610596, 1.2453044652938843, 1.1918840408325195, 1.1335688829421997, 1.0374326705932617, 1.2697923183441162, 1.397278904914856, 1.3371756076812744, 1.3142805099487305, 1.300682783126831, 1.3127082586288452, 1.3006010055541992, 1.2334750890731812, 1.4166014194488525, 1.3153692483901978, 1.2621208429336548, 1.2612085342407227, 1.523576021194458, 1.5149006843566895, 1.4070476293563843, 1.295069932937622, 1.4724169969558716, 1.2452033758163452, 1.2583318948745728, 1.1295404434204102, 1.3450206518173218, 1.2220600843429565, 1.1743959188461304, 1.1963270902633667, 1.4728981256484985, 1.413337230682373]}