{"loss": [0.3585171169704861, 0.27633078893025714, 0.2361104753282335, 0.20862645573086208, 0.19612805048624674, 0.2061176300048828, 0.21747799714406332, 0.2161708805296156, 0.21204737822214761, 0.21096565988328722, 0.22455271085103354, 0.22131843037075466, 0.22220926814609104, 0.2109450234307183, 0.19876387384202746, 0.21156854099697536, 0.22736342748006186, 0.23207521438598633, 0.23738900820414224, 0.23058931032816568, 0.22002654605441624, 0.2075349489847819, 0.20851646529303658, 0.19725831349690756, 0.1948776642481486, 0.21685665183597141, 0.22894440756903756, 0.2218151224984063, 0.22436099582248265, 0.22496814197964138, 0.22177579667833117, 0.22709303432040745, 0.2204593022664388, 0.24583882755703396, 0.23481927977667916, 0.23151853349473742, 0.22371721267700195, 0.26255366537306046, 0.2606612841288249, 0.2516196303897434, 0.24141640133327907, 0.2649963166978624, 0.21410980489518908, 0.22213660346137154, 0.21709109677208793, 0.24221054712931314, 0.21850060092078316, 0.22001104884677464, 0.20810718006557888, 0.24613584412468803, 0.23718439208136666], "mae": [0.5259295569525825, 0.4662107361687554, 0.4402336809370253, 0.4132464461856418, 0.3925192356109619, 0.39153607686360675, 0.40204593870374894, 0.4009288152058919, 0.39820898903740776, 0.400854402118259, 0.4122309154934353, 0.4107530381944444, 0.40998996628655326, 0.40698671340942383, 0.39801210827297634, 0.41237571504380965, 0.412374390496148, 0.41622013515896267, 0.41982947455512154, 0.4126247564951579, 0.41100168228149414, 0.40421809090508354, 0.4106931421491835, 0.399947722752889, 0.401871124903361, 0.4146464400821262, 0.4108077420128716, 0.411754396226671, 0.413152191374037, 0.41835035218132866, 0.40796513027615017, 0.41935544543796116, 0.4146939648522271, 0.4330168300204807, 0.4313903914557563, 0.4351500935024685, 0.42138753996955025, 0.4376613563961453, 0.43714520666334367, 0.4388858477274577, 0.4350945684644911, 0.43521573808458114, 0.40916601816813153, 0.41400734583536786, 0.42763731214735246, 0.43395129839579266, 0.4289899402194553, 0.438160154554579, 0.4127911196814643, 0.4345725112491184, 0.43111292521158856]}