target,prediction
-0.8815683126449585, -1.0
-1.5246371030807495, -1.0
-0.5804364085197449, -0.7119079828262329
-0.30510982871055603, -0.5273423194885254
0.08884818851947784, 0.08610048145055771
-0.5191910862922668, -0.73801589012146
-1.250701904296875, -0.9796527028083801
-0.9607439637184143, -1.0
0.3693254292011261, -0.27076902985572815
