target,prediction
-0.555750846862793, -0.04283304139971733
6.010459899902344, -1.0
-0.003595292568206787, 0.5625163316726685
-0.07114927470684052, 0.33375921845436096
-0.39129650592803955, 0.6991934776306152
-0.06064246594905853, -0.07649680227041245
0.3361397385597229, 0.37948140501976013
-0.12696298956871033, 0.4118645489215851
-0.12766097486019135, 0.04099501296877861
