target,prediction
-0.6143605709075928, -0.9572136998176575
-0.7007511854171753, -0.7349447011947632
-0.8985887169837952, -0.6456629633903503
-0.5237190127372742, -0.7293646335601807
-0.4949628412723541, -0.5586131811141968
-0.9043430089950562, -0.9012320041656494
-0.7626060843467712, -0.7561491131782532
-0.13147053122520447, 0.2365526407957077
-0.18026575446128845, -0.6774695515632629
