{"loss": [0.6898861991034614, 0.5132067998250326, 0.4443373415205214, 0.4436694516075982, 0.4976522657606337, 0.5797048144870334, 0.5520368682013618, 0.5158174302842882, 0.5405578083462186, 0.5376929177178277, 0.5192446178860135, 0.5665810373094347, 0.5665689044528537, 0.5555455419752333, 0.5871624946594238, 0.520594596862793, 0.5249970224168565, 0.49275504218207467, 0.4755539894104004, 0.47720792558458114, 0.4910920990837945, 0.49940994050767684, 0.5572385258144803, 0.5676025284661187, 0.6179399490356445, 0.5197928746541342, 0.5566755930582682, 0.5076919661627876, 0.6027617984347873, 0.6498403019375272, 0.6712980270385742, 0.661041259765625, 0.7534698910183377, 0.558140754699707, 0.6524205737643771, 0.5449375046624078, 0.6441001892089844, 0.570895618862576, 0.5127479765150282, 0.5182141727871366, 0.6162981986999512, 0.6436565187242296, 0.7106198204888238, 0.775617758433024, 0.9218677944607205, 0.6795734299553765, 0.6629596286349826, 0.6310741636488173, 0.829948796166314, 0.6579681502448188, 0.7755144966973199], "mae": [0.7747316360473633, 0.6181214650472006, 0.5806935628255209, 0.5878132184346517, 0.6100506782531738, 0.6376587549845377, 0.6206958029005263, 0.6028476821051704, 0.6136723624335395, 0.6153982480367025, 0.6093157132466634, 0.6186558405558268, 0.627495182885064, 0.623984177907308, 0.630521297454834, 0.6151258680555556, 0.6102275318569608, 0.600274403889974, 0.5922766261630588, 0.5869721306694878, 0.5975840356614854, 0.5902459886338975, 0.6146043671502007, 0.6114506721496582, 0.6219641367594401, 0.5873693890041776, 0.5988637076483833, 0.5847195519341363, 0.6080806520250108, 0.6283645100063748, 0.6195030742221408, 0.6092511812845866, 0.6364994049072266, 0.5822394688924154, 0.6014991336398654, 0.5779571003384061, 0.6073540581597222, 0.5797198613484701, 0.5577491654290093, 0.5606194602118598, 0.5868410534328885, 0.5878999498155382, 0.602535777621799, 0.603234608968099, 0.6434554523891873, 0.596845785776774, 0.5955038070678711, 0.590969032711453, 0.6220537821451823, 0.5822827021280924, 0.6127702924940321]}