{"loss": [0.18546172976493835, 0.806768536567688, 2.074948310852051, 3.655327081680298, 5.392760276794434, 7.4319915771484375, 7.047362804412842, 6.590147018432617, 7.0158185958862305, 6.849870204925537, 6.465563774108887, 7.622679710388184, 7.244595527648926, 7.135263919830322, 7.835794448852539, 6.276012420654297, 6.658550262451172, 5.88341760635376, 5.551848888397217, 5.967421054840088, 5.93151330947876, 6.550293445587158, 7.693944931030273, 8.11703872680664, 9.477728843688965, 7.716362953186035, 8.358916282653809, 7.197480201721191, 9.499072074890137, 10.122520446777344, 11.290692329406738, 11.556266784667969, 13.119844436645508, 9.379554748535156, 11.832398414611816, 8.859092712402344, 10.473380088806152, 9.1984281539917, 8.203572273254395, 8.043488502502441, 10.137944221496582, 11.149641990661621, 12.03512954711914, 13.818953514099121, 16.33964729309082, 11.898387908935547, 11.191723823547363, 10.336845397949219, 14.665131568908691, 11.47704792022705, 13.819849014282227], "mae": [0.4306526780128479, 0.8982029557228088, 1.4404680728912354, 1.911890983581543, 2.3222317695617676, 2.726167917251587, 2.65468692779541, 2.5671281814575195, 2.6487390995025635, 2.6172256469726562, 2.5427472591400146, 2.7609200477600098, 2.6915786266326904, 2.671191453933716, 2.7992489337921143, 2.505197048187256, 2.580416679382324, 2.4255757331848145, 2.356236219406128, 2.4428305625915527, 2.43546986579895, 2.559354066848755, 2.7737960815429688, 2.849041700363159, 3.07859206199646, 2.777834177017212, 2.891179084777832, 2.682811975479126, 3.0820565223693848, 3.1815907955169678, 3.3601624965667725, 3.3994510173797607, 3.6221325397491455, 3.062605857849121, 3.4398252964019775, 2.9764227867126465, 3.236260175704956, 3.032891035079956, 2.8641879558563232, 2.836104393005371, 3.184013843536377, 3.3391079902648926, 3.4691684246063232, 3.7173852920532227, 4.042232990264893, 3.449404001235962, 3.3454034328460693, 3.2150964736938477, 3.829508066177368, 3.3877792358398438, 3.717505693435669]}