target,prediction
-0.8455250263214111, -0.9313021302223206
-0.6723939776420593, -0.43692418932914734
-0.7555672526359558, -0.9955023527145386
-0.501576840877533, -0.4585418999195099
-0.722618579864502, -0.9379035234451294
-0.6446961760520935, -0.7244831323623657
-0.7018359303474426, -0.9323177337646484
-0.8759070038795471, -0.9270220994949341
-1.0544943809509277, -0.7849836945533752
