target,prediction
0.5677474737167358, -0.3355972468852997
1.4888495206832886, 0.7511199116706848
0.006435292772948742, 0.07588529586791992
0.4765452742576599, 0.015420551411807537
-0.2666277289390564, 0.028463594615459442
0.4907057285308838, 0.4232093095779419
0.10554882884025574, 0.06467325985431671
-0.26800039410591125, 0.08671718835830688
0.6971380710601807, 0.10733789950609207
