target,prediction
-0.89048832654953, -0.7851657271385193
-0.28456002473831177, -0.6501270532608032
-0.7254059910774231, -0.9410796761512756
-0.6357870697975159, -0.860497236251831
-1.0088286399841309, -0.9140663146972656
-0.6954357028007507, -0.40962421894073486
-1.2557454109191895, -0.8487789630889893
-1.120058536529541, -0.8900718092918396
-0.4700506329536438, -0.5602872371673584
