target,prediction
-0.648674726486206, -0.6410256624221802
-0.5805180072784424, -0.8461538553237915
-0.6329398155212402, -1.0
-0.8976881504058838, -1.0
-0.8153465986251831, -0.9606837630271912
-0.41197875142097473, -0.6666666865348816
-0.6955164670944214, -0.916239321231842
-0.6324505805969238, -1.0
-0.6697032451629639, -1.0
