target,prediction
-0.7226518988609314, -0.8231104612350464
-0.7722692489624023, -0.6160411834716797
-0.6315594911575317, -0.30918222665786743
-0.5631418228149414, -0.8231104612350464
-0.7728486061096191, -0.6596131920814514
-0.5617988705635071, -0.9771215319633484
-0.5888090133666992, -0.8370607495307922
-0.08343533426523209, -0.9088581800460815
-0.5412846207618713, -0.5251325368881226
