target,prediction
0.15276531875133514, -0.05526835843920708
-0.019333738833665848, 0.27607858180999756
-0.03175656870007515, 0.1340722143650055
0.09556223452091217, 0.07051590830087662
0.0020008645951747894, -0.36626264452934265
0.10780923068523407, 0.09135323017835617
-0.22934778034687042, -0.3225890100002289
0.0215364508330822, -0.011566655710339546
0.0875621885061264, 0.09034882485866547
