target,prediction
-0.507961630821228, 0.2624625861644745
-0.440293550491333, -0.1347503960132599
-0.4709690511226654, 0.33375921845436096
-0.5355014801025391, 0.028463594615459442
0.28301626443862915, 0.23016135394573212
2.5179741382598877, 0.028463594615459442
-0.4531628489494324, -0.20604702830314636
-0.5479673147201538, 0.1537250280380249
5.026068687438965, 0.11716976016759872
