target,prediction
-0.575609028339386, -0.3742330074310303
-0.8537953495979309, 0.020833097398281097
-0.5468088984489441, -0.5065705180168152
-0.06548979878425598, 0.210304394364357
-0.25924837589263916, -0.4882643222808838
-0.316042959690094, 0.30756133794784546
0.12870129942893982, 0.21211561560630798
-0.07920920848846436, -0.4152171015739441
-0.475248783826828, -0.4829823076725006
