{"loss": [0.9428755442301432, 0.6958610746595595, 0.527165412902832, 0.42230863041347927, 0.4036785496605767, 0.37124882804022896, 0.37310557895236546, 0.43823231591118705, 0.4594012366400825, 0.4419613944159614, 0.44749270545111763, 0.3803395960066054, 0.35747472445170086, 0.39254143502977157, 0.3553556336296929, 0.36756854587131077, 0.36770425902472603, 0.3946215311686198, 0.41465944714016384, 0.3782351281907823, 0.38434966405232746, 0.3602653609381782, 0.3595293098025852, 0.3807770411173503, 0.38583877351548934, 0.3930155171288384, 0.38297287623087567, 0.39033375846015084, 0.34395906660291886, 0.32551346884833443, 0.3332214620378282, 0.3302659723493788, 0.3428025510576036, 0.35287409358554417, 0.3401922384897868, 0.3551703559027778, 0.3423386944664849, 0.38164970609876847, 0.40827078289455837, 0.3745541837480333, 0.374733395046658, 0.36169396506415474, 0.3627894189622667, 0.3577878210279677, 0.3274780379401313, 0.36467017067803276, 0.37057134840223527, 0.3689117696550157, 0.34084388944837785, 0.3537050088246663, 0.3450018564860026, 0.3361216386159261, 0.36354928546481663, 0.3494657675425212, 0.3751896752251519, 0.3607962926228841, 0.362421194712321, 0.36759842766655815, 0.3458682166205512], "mae": [0.8538054360283746, 0.7229412926567925, 0.6417827606201172, 0.5683487786187066, 0.5678580602010092, 0.5331169234381782, 0.5225138664245605, 0.5541721979777018, 0.5659458372328017, 0.5624527401394315, 0.5662777688768175, 0.5281744533114963, 0.5215909745958116, 0.5516908433702257, 0.526078118218316, 0.5361932118733724, 0.5329396459791396, 0.5531149440341525, 0.5633051130506728, 0.5410645802815756, 0.5464178191290961, 0.5250083605448405, 0.529030958811442, 0.5409385363260905, 0.5421441925896539, 0.5453662342495389, 0.5370607376098633, 0.5424716737535265, 0.5129634009467231, 0.5024034712049696, 0.5035039583841959, 0.49671416812472874, 0.5129299163818359, 0.5218709309895834, 0.5100981924268935, 0.5221331914265951, 0.5166869163513184, 0.535660637749566, 0.547327995300293, 0.5309722688462999, 0.5372913678487142, 0.5305954085456001, 0.536022769080268, 0.5192471610175239, 0.5044641494750977, 0.5326817300584581, 0.5392764409383138, 0.5292928483751085, 0.5147053930494521, 0.5200493600633409, 0.5166351530287001, 0.5019630326165093, 0.5273980034722222, 0.5208693080478244, 0.5383262634277344, 0.5324332449171278, 0.5156892140706381, 0.5300803714328342, 0.5186282263861762]}