{"loss": [0.829815685749054, 0.569719135761261, 0.3688270151615143, 0.22720521688461304, 0.13873156905174255, 0.08018539100885391, 0.051607098430395126, 0.034838203340768814, 0.03298572823405266, 0.04164071008563042, 0.04523944482207298, 0.053799524903297424, 0.06717608124017715, 0.0818733349442482, 0.08823367208242416, 0.08563614636659622, 0.07748772948980331, 0.07975764572620392, 0.07472916692495346, 0.07476405799388885, 0.07308672368526459, 0.062170255929231644, 0.07448142766952515, 0.06748310476541519, 0.06698336452245712, 0.06730450689792633, 0.06401297450065613, 0.060094431042671204, 0.06459419429302216, 0.06813626736402512, 0.06141244247555733, 0.05582347512245178, 0.06891456991434097, 0.07302013039588928, 0.07173024863004684, 0.06629211455583572, 0.07133252918720245, 0.0616866759955883, 0.05735250562429428, 0.056909434497356415, 0.07148976624011993, 0.0819329172372818, 0.08905137330293655, 0.0641726404428482, 0.0754154846072197, 0.08476440608501434, 0.08847319334745407, 0.06509309262037277, 0.0751052126288414, 0.07060343027114868, 0.07272077351808548, 0.06098383292555809, 0.07136059552431107, 0.07719098776578903, 0.07223334163427353, 0.08867593109607697, 0.051421839743852615, 0.07277420908212662, 0.07383640110492706], "mae": [0.9109421968460083, 0.7547973990440369, 0.6073113083839417, 0.47666049003601074, 0.3724668622016907, 0.28317025303840637, 0.22717195749282837, 0.18664994835853577, 0.18161973357200623, 0.20406055450439453, 0.2126956582069397, 0.23194724321365356, 0.25918349623680115, 0.28613516688346863, 0.29704153537750244, 0.29263654351234436, 0.27836617827415466, 0.28241395950317383, 0.27336636185646057, 0.2734301686286926, 0.2703455686569214, 0.24933964014053345, 0.272912859916687, 0.2597751021385193, 0.25881144404411316, 0.2594311237335205, 0.2530078589916229, 0.2451416552066803, 0.25415387749671936, 0.2610292434692383, 0.24781534075737, 0.23626992106437683, 0.2625158429145813, 0.27022236585617065, 0.26782503724098206, 0.25747254490852356, 0.26708149909973145, 0.2483680248260498, 0.23948383331298828, 0.23855698108673096, 0.2673757076263428, 0.28623926639556885, 0.29841476678848267, 0.25332319736480713, 0.27461880445480347, 0.2911432683467865, 0.2974444329738617, 0.2551334798336029, 0.27405330538749695, 0.26571306586265564, 0.2696678936481476, 0.24694904685020447, 0.26713404059410095, 0.27783265709877014, 0.26876261830329895, 0.29778504371643066, 0.22676384449005127, 0.2697669565677643, 0.2717285454273224]}