target,prediction
-1.1387379169464111, -1.0
-0.7659118175506592, -0.8085470199584961
-0.9531777501106262, -1.0
-0.9656578302383423, -1.0
-1.0794814825057983, -1.0
-0.9623866081237793, -1.0
-0.9339704513549805, -1.0
-0.9468122720718384, -1.0
-0.6887737512588501, 0.11623931676149368
