target,prediction
-0.933681070804596, -0.9921730756759644
-0.6873601078987122, -0.8899502754211426
-0.7438978552818298, -0.5835279822349548
-0.11628572642803192, -0.9991704225540161
-0.7848458886146545, -0.89494389295578
-0.8503492474555969, -0.969939112663269
-1.0061635971069336, -0.9870376586914062
-0.011823855340480804, -0.9881988763809204
-0.9037571549415588, -0.9948689341545105
