target,prediction
-0.23693682253360748, -0.9572136998176575
-1.790888786315918, -0.7349447011947632
-0.8342016935348511, -0.6456629633903503
-0.18786822259426117, -0.7293646335601807
-0.20433257520198822, -0.5586131811141968
-0.4818795919418335, -0.9012320041656494
-0.2551403045654297, -0.7561491131782532
0.03287896513938904, 0.2365526407957077
-0.24906329810619354, -0.6774695515632629
