{"loss": [0.032711971551179886, 0.10835818201303482, 0.14816519618034363, 0.11753992736339569, 0.0714944526553154, 0.0640120580792427, 0.07147584110498428, 0.07138337939977646, 0.08531113713979721, 0.09560374915599823, 0.0860542431473732, 0.08046705275774002, 0.1026870608329773, 0.0938742384314537, 0.08441559225320816, 0.10205939412117004, 0.09246331453323364, 0.09856939315795898, 0.10238031297922134, 0.07137172669172287, 0.10152426362037659, 0.09394291788339615, 0.09373900294303894, 0.09073039889335632, 0.08736829459667206, 0.07688368856906891, 0.08958207070827484, 0.10106942802667618, 0.09570831060409546, 0.09872874617576599, 0.08627896755933762, 0.08587054163217545, 0.0948416218161583, 0.08334916085004807, 0.08432245254516602, 0.07977639883756638, 0.09330124408006668, 0.08079207688570023, 0.09517739713191986, 0.06419477611780167, 0.09314539283514023, 0.08928759396076202, 0.08970699459314346, 0.09623811393976212, 0.0952521413564682, 0.046578794717788696, 0.07316096872091293, 0.12821008265018463, 0.03758687525987625, 0.09266068041324615, 0.06165124103426933], "mae": [0.18086451292037964, 0.3291780352592468, 0.3849223256111145, 0.3428409695625305, 0.26738446950912476, 0.2530060410499573, 0.2673496603965759, 0.26717668771743774, 0.29208070039749146, 0.3091985583305359, 0.2933500409126282, 0.2836671471595764, 0.32044821977615356, 0.3063890337944031, 0.2905436158180237, 0.31946736574172974, 0.30407780408859253, 0.3139576315879822, 0.3199692368507385, 0.26715487241744995, 0.31862872838974, 0.3065010905265808, 0.30616825819015503, 0.30121487379074097, 0.29558128118515015, 0.2772790789604187, 0.2993026375770569, 0.3179141879081726, 0.3093675971031189, 0.31421130895614624, 0.29373282194137573, 0.2930367588996887, 0.30796366930007935, 0.2887025475502014, 0.2903832793235779, 0.2824471592903137, 0.30545252561569214, 0.2842394709587097, 0.30850833654403687, 0.2533668875694275, 0.3051972985267639, 0.29881030321121216, 0.29951125383377075, 0.31022268533706665, 0.30862945318222046, 0.21582120656967163, 0.2704828381538391, 0.35806435346603394, 0.1938733458518982, 0.3044021725654602, 0.24829667806625366]}