{"loss": [0.17188721232944065, 0.1312334802415636, 0.12421323193444146, 0.12277886602613661, 0.1293911271625095, 0.1353762149810791, 0.1319340334998237, 0.12789279884762234, 0.12524726655748156, 0.12626620133717856, 0.12816389401753744, 0.12786654631296793, 0.12403509351942274, 0.1242882940504286, 0.12370011541578504, 0.12327582306332058, 0.12625583012898764, 0.12678681479560006, 0.12522669633229574, 0.13428150282965767, 0.12418157524532741, 0.11952435970306396, 0.12503310044606528, 0.11941568056742351, 0.12204873561859131, 0.13155959712134468, 0.12520560953352186, 0.1191589699851142, 0.12369530730777317, 0.12440543704562718, 0.1235077248679267, 0.1255896356370714, 0.12610403696695963, 0.13011134995354545, 0.13022149933709037, 0.12842345237731934, 0.12035375171237522, 0.12286816702948676, 0.11859428882598877, 0.12760898802015516, 0.12591342131296793, 0.12774315145280626, 0.12004183398352729, 0.11767635080549452, 0.12159748872121175, 0.1454344458050198, 0.13168776035308838, 0.12012860510084364, 0.13950055175357395, 0.11920673317379421, 0.13209009170532227], "mae": [0.28930211067199707, 0.294562922583686, 0.2959873146480984, 0.2882714006635878, 0.2789776060316298, 0.27828338411119247, 0.2797629303402371, 0.27844693925645614, 0.28160619735717773, 0.2850596374935574, 0.28286658393012154, 0.2792721324496799, 0.28271163834465873, 0.2818949222564697, 0.27827562226189506, 0.283216741349962, 0.28212255901760525, 0.28522949748569065, 0.28532152705722386, 0.28155061933729386, 0.28415078587002224, 0.2782147725423177, 0.2822677029503716, 0.2775050269232856, 0.27872000800238717, 0.2821802563137478, 0.28084052933586967, 0.2797532876332601, 0.2810318734910753, 0.2817423873477512, 0.2773921489715576, 0.2789270083109538, 0.28218510415818954, 0.2826118469238281, 0.28248805469936794, 0.2808740933736165, 0.27814001507229275, 0.2760309378306071, 0.27836741341484916, 0.27389852205912274, 0.2836116949717204, 0.28252598974439835, 0.2753112316131592, 0.2760179572635227, 0.27726448906792533, 0.2817877133687337, 0.28037134806315106, 0.2884595923953586, 0.2758008639017741, 0.28115256627400714, 0.27480342653062606]}