target,prediction
0.6146283149719238, -0.8312348127365112
-0.09846848249435425, -1.0
-4.314450263977051, -1.0
-0.6303537487983704, -0.9985392689704895
0.03985808417201042, -1.0
-1.5196253061294556, -1.0
-1.285319447517395, -0.2734847664833069
-2.997622013092041, -0.3272024095058441
-0.5349595546722412, -0.4627823829650879
