target,prediction
-0.9671124219894409, -0.9325353503227234
-0.914043664932251, -0.9735219478607178
-0.7389459013938904, -0.889154851436615
-1.031799077987671, -0.987232506275177
-1.2281569242477417, -0.9599564671516418
-0.6957294940948486, -0.9755531549453735
-1.1654382944107056, -0.9994922280311584
-0.8887931704521179, -0.9721436500549316
-0.6112055778503418, -0.9261516332626343
