target,prediction
-0.43593958020210266, -0.04283304139971733
-0.0016378983855247498, -1.0
-0.5803663730621338, 0.5625163316726685
-1.0380254983901978, 0.33375921845436096
0.3624388873577118, 0.6991934776306152
-1.1748145818710327, -0.07649680227041245
1.2328245639801025, 0.37948140501976013
-0.2676490545272827, 0.4118645489215851
-0.5748419761657715, 0.04099501296877861
