{"loss": [0.0218098865614997, 0.01454316775004069, 0.011371963553958468, 0.016685140132904053, 0.019584747155507405, 0.008716367350684272, 0.006870067781872219, 0.007267350620693631, 0.009451439645555284, 0.007060647673077054, 0.006268676784303453, 0.006110111210081312, 0.005348306232028538, 0.005579971604877048, 0.0039785438113742405, 0.00664325025346544, 0.00526277224222819, 0.005567801660961575, 0.003516455822520786, 0.003835274775822957, 0.00560706721411811, 0.004173702663845486, 0.005240795347425673, 0.009918685091866388, 0.005155259701940748, 0.0032371653450859916, 0.0036693003442552353, 0.006800806522369385, 0.006555308236016168, 0.017018563217586942, 0.006600755453109741, 0.013315653800964356, 0.007534740368525187, 0.007711882061428494, 0.0057810823122660315, 0.018053033616807726, 0.010686622063318888, 0.005085023906495836, 0.006176843908098009, 0.007257482740614149, 0.008542440997229683, 0.013709814018673367, 0.008010032441880968, 0.011151334974500868, 0.011303856637742785, 0.007443057828479343, 0.018689954280853273, 0.012538711229960123, 0.020291509893205432, 0.018468589252895778, 0.5137432098388672, 0.155340576171875, 0.0687333106994629, 0.019484094778696694, 0.017974344889322917, 0.020664097203148737, 0.011485441525777181, 0.014062660270267063, 0.010173512829674615, 0.029536395602756078, 0.030716522534688314, 0.010578027698728773, 0.01242699490653144, 0.01617498132917616, 0.02492096953921848, 0.018658275074428982, 0.03777553770277235, 0.02429154184129503, 0.025586684544881184], "mae": [0.08878956370883517, 0.06996901300218371, 0.06187983089023166, 0.09165290196736654, 0.10005452897813585, 0.056916994518703884, 0.05167262289259169, 0.05324677891201443, 0.06529338624742297, 0.054664293924967446, 0.05016867319742838, 0.04904140896267361, 0.04911474121941461, 0.05342064963446723, 0.04495912128024631, 0.060495954089694555, 0.05868509610493978, 0.04931486977471246, 0.04271851380666097, 0.044727362526787655, 0.055215814378526476, 0.04414637353685167, 0.05343095991346571, 0.08613528145684136, 0.05004242791069879, 0.04355982409583198, 0.04600835376315647, 0.05533616807725694, 0.06752368609110514, 0.11431956821017795, 0.061738671196831595, 0.07723345226711698, 0.07110376358032226, 0.07317287656995985, 0.05562560823228624, 0.11514547136094835, 0.07498655319213868, 0.05563597679138184, 0.06127137078179253, 0.061906549665662974, 0.07043977843390571, 0.10236477322048611, 0.06118230819702149, 0.08149980439080132, 0.08771601782904731, 0.0700474951002333, 0.10557506349351671, 0.0832101821899414, 0.10230812496609158, 0.09898640314737955, 0.6700300852457682, 0.30604805416531033, 0.21933534410264757, 0.11026390923394097, 0.10112071567111545, 0.10950644810994466, 0.08626387384202745, 0.09195868174235027, 0.07494470278422037, 0.14144009484185113, 0.14821366204155817, 0.07822566032409668, 0.07755421532524956, 0.10311571756998698, 0.13301258087158202, 0.11115362379286024, 0.15650180180867512, 0.11759894688924154, 0.12735214233398437]}