{"loss": [0.012572573125362396, 0.006933175027370453, 0.005076725035905838, 0.01361498236656189, 0.017588657140731812, 0.0078068703413009645, 0.005569310113787651, 0.005289620161056519, 0.008261904120445251, 0.004928907006978988, 0.004487118124961853, 0.0034104883670806885, 0.002801676280796528, 0.005494052171707153, 0.003753700107336044, 0.007569984346628189, 0.0026607127860188485, 0.00469319187104702, 0.002172943763434887, 0.004779628664255142, 0.0066201575100421906, 0.006686863303184509, 0.005267662554979324, 0.012452940642833709, 0.007239377498626709, 0.003897392749786377, 0.004739136621356011, 0.008275765925645828, 0.003695482388138771, 0.01030348688364029, 0.005246558785438537, 0.029800418019294738, 0.0076445087790489195, 0.006627362966537475, 0.00304304976016283, 0.02187282294034958, 0.004098932445049286, 0.004875690117478371, 0.01585925817489624, 0.017091971635818482, 0.005530958995223045, 0.02537289559841156, 0.00984140858054161, 0.010631503909826279, 0.01982511430978775, 0.025198915600776674, 0.006882813572883606, 0.02451568692922592, 0.02689063549041748, 0.011630287766456604, 0.50266432762146, 0.09733399748802185, 0.062485671043395995, 0.017432935535907745, 0.02321327030658722, 0.05099881887435913, 0.016635629534721374, 0.027013960480690002, 0.016358642280101775, 0.04952487051486969, 0.06026511788368225, 0.007695859670639038, 0.015154623985290527, 0.020620158314704894, 0.028177866339683534, 0.05951639413833618, 0.041618117690086366, 0.021711766719818115, 0.030619364976882935], "mae": [0.06926509737968445, 0.05051840543746948, 0.044879591464996337, 0.09750416278839111, 0.11023210287094116, 0.058473396301269534, 0.04993768334388733, 0.05175783634185791, 0.06684330701828003, 0.05483822226524353, 0.04871028065681458, 0.04009459018707275, 0.03720984160900116, 0.05509998202323914, 0.04281072616577149, 0.06854707598686219, 0.044146254658699036, 0.04833851754665375, 0.03235440254211426, 0.04474441409111023, 0.06583343148231506, 0.05446245670318604, 0.04817889332771301, 0.09388238191604614, 0.05770559310913086, 0.047387564182281496, 0.05416868925094605, 0.06716484427452088, 0.057999062538146975, 0.08850991725921631, 0.05631535649299622, 0.12721141576766967, 0.0773729920387268, 0.07153915166854859, 0.04267033040523529, 0.130513334274292, 0.05985482931137085, 0.058828824758529664, 0.10267261266708375, 0.09401378631591797, 0.043416458368301394, 0.13560948371887208, 0.06757190227508544, 0.08227449655532837, 0.110102379322052, 0.10544142723083497, 0.06587663888931275, 0.13543490171432496, 0.11805312633514405, 0.07511336803436279, 0.6452443122863769, 0.2518929004669189, 0.20276546478271484, 0.11669358015060424, 0.11294338703155518, 0.17060294151306152, 0.11273099184036255, 0.13466495275497437, 0.11171694993972778, 0.16463836431503295, 0.19096986055374146, 0.07736257314682007, 0.09558223485946656, 0.1279061794281006, 0.15024806261062623, 0.19638051986694335, 0.17760306596755981, 0.12462158203125, 0.13620645999908448]}