{"loss": [0.00038352649426087737, 0.00013704740558750927, 0.006344050168991089, 0.011277804151177406, 0.011774587444961071, 0.02092413417994976, 0.0252457894384861, 0.019875245168805122, 0.01634412817656994, 0.01740710437297821, 0.012559204362332821, 0.014884843491017818, 0.019299745559692383, 0.011978899128735065, 0.019703246653079987, 0.022580988705158234, 0.016312139108777046, 0.015622461214661598, 0.014134444296360016, 0.017996421083807945, 0.02066902630031109, 0.024831358343362808, 0.024419743567705154, 0.017219731584191322, 0.016883863136172295, 0.0161683801561594, 0.01523688342422247, 0.02025960013270378, 0.026703599840402603, 0.02852601557970047, 0.02318713814020157, 0.027952123433351517, 0.025320975109934807, 0.020943831652402878, 0.021250808611512184, 0.0250322837382555, 0.02354160137474537, 0.015595355071127415, 0.016279907897114754, 0.022444888949394226, 0.02128816954791546, 0.012291795574128628, 0.011270263232290745, 0.015035457909107208, 0.024041051045060158, 0.016347061842679977, 0.01705102249979973, 0.023536352440714836, 0.019093576818704605, 0.01250741258263588, 0.012843874283134937, 0.015090681612491608], "mae": [0.01958383247256279, 0.011706724762916565, 0.07964954525232315, 0.10619700700044632, 0.10851076990365982, 0.14465177059173584, 0.15888923406600952, 0.1409795880317688, 0.12784415483474731, 0.1319359838962555, 0.11206785589456558, 0.1220034584403038, 0.1389235258102417, 0.1094481572508812, 0.14036825299263, 0.15026971697807312, 0.127718985080719, 0.12498984485864639, 0.11888837069272995, 0.13415074348449707, 0.14376726746559143, 0.1575796902179718, 0.1562681794166565, 0.13122397661209106, 0.12993791699409485, 0.12715494632720947, 0.12343776971101761, 0.14233621954917908, 0.16341236233711243, 0.16889646649360657, 0.1522732377052307, 0.1671888828277588, 0.1591256558895111, 0.14471983909606934, 0.14577656984329224, 0.1582159399986267, 0.1534327268600464, 0.12488136440515518, 0.12759274244308472, 0.14981618523597717, 0.14590466022491455, 0.11086837202310562, 0.10616149753332138, 0.1226191595196724, 0.15505176782608032, 0.12785562872886658, 0.13057956099510193, 0.15341562032699585, 0.13817951083183289, 0.11183654516935349, 0.11333081871271133, 0.1228441372513771]}