{"loss": [0.1646813154220581, 0.11710381507873535, 0.09431334998872545, 0.10904759830898708, 0.12690401077270508, 0.12290102905697292, 0.14178160826365152, 0.16047472423977321, 0.14243809382120767, 0.13124563958909777, 0.12195135487450494, 0.11292472150590685, 0.10433332125345866, 0.10869002342224121, 0.11007593737708198, 0.11032156149546306, 0.1117046939002143, 0.12062513828277588, 0.12176663345760769, 0.12099597189161512, 0.11672312683529323, 0.12143193350897895, 0.10930063989427355, 0.11339309480455187, 0.11508088641696507, 0.12236693170335558, 0.11654290888044569, 0.126625657081604, 0.12029506100548638, 0.10613338152567546, 0.1098229553964403, 0.1167695124944051, 0.12309447924296062, 0.11307884587181939, 0.10397246811125013, 0.12358584668901232, 0.10889481835895115, 0.11891090869903564, 0.13026889165242514, 0.14575877454545763, 0.13468843036227757, 0.10663335190878974, 0.0991288423538208, 0.11175440417395698, 0.10755615101920234, 0.12191018793318006, 0.10634181234571669, 0.11642127566867405, 0.10858901341756184, 0.12360972828335232, 0.12131010161505805, 0.1211966805987888], "mae": [0.34569017092386883, 0.2951480547587077, 0.24771621492173937, 0.2968112627665202, 0.3248313268025716, 0.31789382298787433, 0.3415742450290256, 0.3614160219828288, 0.3436349497901069, 0.32983552085028756, 0.32017789946662056, 0.301638921101888, 0.28406288888719344, 0.2964845233493381, 0.29768898752000594, 0.2969335979885525, 0.29899342854817706, 0.31533018747965497, 0.318712764316135, 0.31456534067789715, 0.3067614767286513, 0.3165115780300564, 0.29408131705390084, 0.3030632866753472, 0.3055809603797065, 0.3172915246751573, 0.30700018670823837, 0.32341112030877006, 0.31303734249538845, 0.28533101081848145, 0.29576052559746635, 0.3072814676496718, 0.31605492697821724, 0.30114218923780656, 0.2827941311730279, 0.3184995916154649, 0.2943272855546739, 0.31188344955444336, 0.3288210497962104, 0.34746241569519043, 0.33316657278272843, 0.2884082529279921, 0.2690565056271023, 0.2995333671569824, 0.28967274559868705, 0.31515839364793563, 0.28713954819573295, 0.30636901325649685, 0.29280657238430446, 0.32061486774020725, 0.31856054729885525, 0.31645361582438153]}