target,prediction
-0.643768846988678, -0.9313021302223206
-0.3991287648677826, -0.43692418932914734
-1.3486987352371216, -0.9955023527145386
0.0735778957605362, -0.4585418999195099
-0.6136230826377869, -0.9379035234451294
-0.5713226199150085, -0.7244831323623657
-0.6413139700889587, -0.9323177337646484
-1.4861747026443481, -0.9270220994949341
-0.4961014986038208, -0.7849836945533752
