{"loss": [0.10268883175320095, 0.10903435813056098, 0.10054662492540148, 0.09420367346869575, 0.08157474729749892, 0.08266834682888455, 0.07762671576605903, 0.0731963210635715, 0.07103371620178223, 0.07341771655612522, 0.0725382645924886, 0.07048997879028321, 0.06722174220614963, 0.06514239841037327, 0.05964321030510796, 0.061184464560614694, 0.05853988329569499, 0.05565810733371311, 0.05429735713534885, 0.05660305553012424, 0.051105128394232854, 0.04709233178032769, 0.06773547596401638, 0.04577143457200792, 0.054466464784410265, 0.04528786341349284, 0.036120801501803926, 0.03755022684733073, 0.038278388977050784, 0.03557024266984728, 0.042034490903218584, 0.04620847702026367, 0.02887819078233507, 0.031239771842956544, 0.02564215660095215, 0.02582146061791314, 0.03132354153527154, 0.02306111388736301, 0.03747785886128743, 0.01864478588104248, 0.019668095641665988, 0.026828946007622614, 0.02421113650004069, 0.01789908011754354, 0.023357945018344456, 0.022142110930548773, 0.014312805069817438, 0.013874493704901802, 0.03420389493306478, 0.041701984405517575, 0.030129888322618273, 0.03508737087249756, 0.017863098780314127, 0.02256517940097385, 0.012908249431186252, 0.01121384170320299, 0.013904635111490886, 0.010641651683383518, 0.010706337955262926, 0.010995668172836304, 0.013140506214565702, 0.011850869655609131, 0.017871035469902888, 0.01210764381620619, 0.013336547215779622, 0.01213432550430298, 0.013107546170552571, 0.009798188341988458, 0.013232530487908258, 0.00915560589896308, 0.014243793487548829, 0.010247459014256796, 0.014205035898420546, 0.014104033841027154, 0.01369096835454305, 0.007549267345004612, 0.0108070260948605, 0.010615710417429607, 0.019974548286861845, 0.00941029257244534, 0.010131023989783394, 0.014799809455871582, 0.011289857493506538, 0.02265840901268853, 0.01252979702419705, 0.014196080631679958, 0.015356755256652832, 0.009579122728771634, 0.011458516120910645, 0.02152438958485921, 0.01032472848892212, 0.01363831361134847, 0.017347521252102323, 0.013983603318532307, 0.024464270803663465, 0.018978733486599394, 0.022795944743686253, 0.017930867936876087, 0.027916195657518177, 0.018023533291286892, 0.014484949906667073, 0.009389560090170966, 0.01151416301727295, 0.016135121716393364, 0.01236539019478692, 0.011812245845794678], "mae": [0.25720998975965714, 0.26439105139838326, 0.25696885850694445, 0.23856582641601562, 0.22187010447184244, 0.22813714345296224, 0.21915565066867404, 0.20839229159884984, 0.20600104861789278, 0.20783214569091796, 0.20949378543429906, 0.21082246568467883, 0.19991870456271701, 0.19615999857584634, 0.1887436972724067, 0.19148572285970053, 0.19374616410997178, 0.18160584767659504, 0.18048892550998263, 0.18481487698025173, 0.17509950002034505, 0.16767473220825196, 0.2015080557929145, 0.16859622531467014, 0.18156185150146484, 0.1683487892150879, 0.1485963185628255, 0.15355319976806642, 0.1513810157775879, 0.14676624933878582, 0.15708306630452473, 0.16157905790540908, 0.13476004070705838, 0.13466630511813693, 0.1251961284213596, 0.12751380072699653, 0.13258762359619142, 0.11301391389634874, 0.1642984602186415, 0.09844180213080513, 0.10602335400051541, 0.11633547676934136, 0.11106767654418945, 0.09552006191677517, 0.11978879504733615, 0.1198655022515191, 0.09081042607625325, 0.08134566413031684, 0.1263626628451877, 0.16812403996785483, 0.14339158799913193, 0.1221297476026747, 0.10071623060438369, 0.12474329206678603, 0.0815301153394911, 0.0716050042046441, 0.08135493066575793, 0.06832493146260579, 0.07270335621303982, 0.07337786886427138, 0.07671518325805664, 0.07398870786031088, 0.08784365124172634, 0.08649473720126682, 0.08930545383029515, 0.07763032383388943, 0.07930518256293403, 0.06780652470058865, 0.07710230615403917, 0.058081298404269746, 0.08417749404907227, 0.07286701732211642, 0.07790446281433105, 0.08792144457499186, 0.08921090232001411, 0.054903973473442926, 0.0773719999525282, 0.07366112603081597, 0.11131445566813152, 0.072140105565389, 0.06969486342536078, 0.09482142130533854, 0.0826070785522461, 0.11355406443277995, 0.08470185067918566, 0.0939265145195855, 0.09153878953721788, 0.07220002810160318, 0.07485837406582302, 0.1265419642130534, 0.0745381408267551, 0.09061849382188585, 0.10197305679321289, 0.09044524298773872, 0.12600507736206054, 0.11103983985053169, 0.1229856808980306, 0.10641902287801107, 0.14711377885606552, 0.11037536197238498, 0.09473743438720703, 0.07352835867140028, 0.08523486455281576, 0.08742241859436035, 0.08857773145039877, 0.08449953926934137]}