{"loss": [0.05515235662460327, 0.05661963224411011, 0.055514860153198245, 0.04995484352111816, 0.04783754348754883, 0.04544407725334167, 0.04214010238647461, 0.046041679382324216, 0.0434493899345398, 0.04287463426589966, 0.04078162908554077, 0.04001671373844147, 0.0385188102722168, 0.04314097464084625, 0.04254947304725647, 0.04855533838272095, 0.04207425713539124, 0.03938858211040497, 0.04018980264663696, 0.04323809146881104, 0.04095159471035004, 0.03694753646850586, 0.07612208724021911, 0.03971596658229828, 0.06068544387817383, 0.04220690131187439, 0.03392310440540314, 0.03560781478881836, 0.0329041451215744, 0.030605173110961913, 0.03998115062713623, 0.052182537317276, 0.03220660388469696, 0.037461280822753906, 0.027623707056045534, 0.02553674578666687, 0.032279005646705626, 0.031281986832618715, 0.05863022208213806, 0.023692259192466737, 0.03639134168624878, 0.0382555365562439, 0.03251648843288422, 0.023957176506519316, 0.033507737517356875, 0.03508831262588501, 0.026057597994804383, 0.021374666690826417, 0.04961867928504944, 0.07331424951553345, 0.0503697395324707, 0.057058727741241454, 0.03070409893989563, 0.03902714252471924, 0.019975724816322326, 0.019346314668655395, 0.024336118996143342, 0.020132777094841004, 0.021957726776599885, 0.022594192624092103, 0.016217949986457824, 0.02272303104400635, 0.03972184658050537, 0.026925218105316163, 0.03645710647106171, 0.02743573784828186, 0.029806417226791383, 0.03132869005203247, 0.023583881556987762, 0.022774580121040344, 0.02945149540901184, 0.03047534227371216, 0.031095451116561888, 0.028776633739471435, 0.026640677452087404, 0.023520638048648835, 0.031352889537811277, 0.020521602034568785, 0.03333438634872436, 0.0298678457736969, 0.02454182952642441, 0.027561640739440917, 0.027472731471061707, 0.038576990365982056, 0.032662391662597656, 0.028747305274009705, 0.04773080348968506, 0.028159657120704652, 0.029667022824287414, 0.04557694494724274, 0.030282306671142577, 0.033336606621742246, 0.03304714560508728, 0.028325319290161133, 0.03924281001091003, 0.040372392535209654, 0.038554811477661134, 0.0324152410030365, 0.03809408545494079, 0.039868173003196714, 0.026125001907348632, 0.025339031219482423, 0.03359200954437256, 0.0287065327167511, 0.037016022205352786, 0.03407303690910339], "mae": [0.1956816554069519, 0.19909343719482422, 0.2013979434967041, 0.16634724140167237, 0.17291886806488038, 0.1702124834060669, 0.16094977855682374, 0.17815741300582885, 0.17164039611816406, 0.17436084747314454, 0.1578652262687683, 0.16083335876464844, 0.16083168983459473, 0.18144185543060304, 0.17794631719589232, 0.19388171434402465, 0.17626554965972902, 0.15934157371520996, 0.1667249917984009, 0.18386919498443605, 0.17757778167724608, 0.15681829452514648, 0.2316147804260254, 0.16550924777984619, 0.20934793949127198, 0.16466041803359985, 0.14472323656082153, 0.15176818370819092, 0.1453824520111084, 0.13129713535308837, 0.16356111764907838, 0.1828959584236145, 0.14651548862457275, 0.15748509168624877, 0.12956879138946534, 0.13206419944763184, 0.13768645524978637, 0.14307562112808228, 0.21754376888275145, 0.11985152959823608, 0.15949132442474365, 0.16129865646362304, 0.14411259889602662, 0.12099274396896362, 0.15084317922592164, 0.16538703441619873, 0.1378793478012085, 0.1152624249458313, 0.17298777103424073, 0.23322179317474365, 0.1988009214401245, 0.19027746915817262, 0.1433699369430542, 0.17843265533447267, 0.11206624507904053, 0.09585506319999695, 0.12275917530059814, 0.10957571268081664, 0.12849801778793335, 0.12636337280273438, 0.10200979709625244, 0.12262566089630127, 0.1550809621810913, 0.14086700677871705, 0.16465449333190918, 0.13653017282485963, 0.1319958448410034, 0.16319974660873413, 0.12042205333709717, 0.1226873517036438, 0.1289384961128235, 0.13266514539718627, 0.14427913427352906, 0.11626884937286378, 0.1301567554473877, 0.11524931192398072, 0.15269894599914552, 0.10758047103881836, 0.13465962409973145, 0.15601333379745483, 0.12216813564300537, 0.1476597547531128, 0.14707132577896118, 0.15039987564086915, 0.11191691160202026, 0.14253498315811158, 0.1776796340942383, 0.13388410806655884, 0.12836833000183107, 0.18633110523223878, 0.1396313190460205, 0.13443325757980346, 0.12475945949554443, 0.1196148157119751, 0.16856036186218262, 0.1564235806465149, 0.14359757900238038, 0.132308030128479, 0.16603419780731202, 0.17762200832366942, 0.1364883303642273, 0.13163604736328124, 0.14055274724960326, 0.12027406692504883, 0.1573554515838623, 0.13627827167510986]}