target,prediction
-0.8813810348510742, -0.9913079142570496
-0.6896570920944214, -0.9999129176139832
-1.124952793121338, -0.9990180134773254
-0.642206072807312, -0.9812979102134705
-0.8014047145843506, -0.9994727969169617
-0.2710815668106079, -0.99821937084198
-0.9429937601089478, -0.9938071370124817
-0.7797977924346924, -0.928724467754364
-0.7684987783432007, -0.9955627918243408
