{"loss": [0.46652306450737846, 0.3646836545732286, 0.2595198419358995, 0.19275475872887504, 0.16543290350172254, 0.14491882589128283, 0.1487520800696479, 0.1406465636359321, 0.13640065987904867, 0.13858559396531847, 0.1383789512846205, 0.14399352338578966, 0.14085515340169272, 0.13856083816952175, 0.14179378085666233, 0.14057932959662545, 0.14132491747538248, 0.1405632495880127, 0.13986428578694662, 0.13755226135253906, 0.1383901702033149, 0.1442650556564331, 0.13632403479682076, 0.1396133369869656, 0.13950971762339273, 0.13785950342814127, 0.1399234798219469, 0.14408481121063232, 0.14785540103912354, 0.13705282741122776, 0.14117325676812065, 0.14657257662879097, 0.1455388863881429, 0.14181576834784615, 0.14051397641499838, 0.1450616783565945, 0.14002415868971083, 0.1430662473042806, 0.14397312535179985, 0.14392783906724718, 0.14745148022969565, 0.14997565746307373, 0.14323453108469644, 0.14253883891635472, 0.13464479976230198, 0.1352867152955797, 0.13480060630374485, 0.14085261027018228, 0.13885262277391222, 0.14357854260338676, 0.13862232367197672, 0.1388559208975898, 0.1414482725991143, 0.14009786976708305, 0.1500866545571221], "mae": [0.6274374855889214, 0.5308222770690918, 0.42120422257317436, 0.3369130293528239, 0.32079490025838214, 0.3234165774451362, 0.34824124972025555, 0.3372341791788737, 0.3253324826558431, 0.33193988270229763, 0.323353025648329, 0.34077199300130206, 0.3313039143880208, 0.31767702102661133, 0.3257861402299669, 0.31961626476711696, 0.32287078433566624, 0.3232111136118571, 0.32159974839952254, 0.3247651788923476, 0.31891237364874947, 0.3323672612508138, 0.31767381562127006, 0.31750233968098956, 0.317910114924113, 0.3193787203894721, 0.32998063829210067, 0.33433858553568524, 0.3523075315687392, 0.3277266290452745, 0.3388525644938151, 0.34295839733547634, 0.33792954021030003, 0.3293349477979872, 0.33023913701375324, 0.33081936836242676, 0.32428039444817436, 0.3342178397708469, 0.3371053271823459, 0.3363015121883816, 0.3409751256306966, 0.341705322265625, 0.33094016710917157, 0.3321751488579644, 0.32158883412679035, 0.3231419192420112, 0.3217307726542155, 0.3236767715877957, 0.3216524124145508, 0.3297368155585395, 0.32155852847629124, 0.32741212844848633, 0.32822219530741376, 0.3344723913404677, 0.34676027297973633]}