{"loss": [0.23798000812530518, 0.135019451379776, 0.04485170915722847, 0.003414881881326437, 0.00010847880184883252, 0.01105582993477583, 0.04013323783874512, 0.03315524384379387, 0.02538227289915085, 0.033523183315992355, 0.022481167688965797, 0.03623271360993385, 0.026205159723758698, 0.012960641644895077, 0.019042735919356346, 0.011747081764042377, 0.017936421558260918, 0.020501455292105675, 0.019050797447562218, 0.022483492270112038, 0.01636955887079239, 0.023051267489790916, 0.016497865319252014, 0.01293120812624693, 0.012501589022576809, 0.01920713298022747, 0.03027951344847679, 0.02939901314675808, 0.05420480668544769, 0.030767571181058884, 0.041054755449295044, 0.04149291664361954, 0.041923295706510544, 0.0293410737067461, 0.03441983461380005, 0.028143202885985374, 0.023523882031440735, 0.03650738671422005, 0.038200799375772476, 0.035479411482810974, 0.048510514199733734, 0.049897145479917526, 0.027289994060993195, 0.03834109753370285, 0.025057677179574966, 0.032447271049022675, 0.026214616373181343, 0.018424468114972115, 0.017830058932304382, 0.028368433937430382, 0.02009986713528633, 0.03122038207948208, 0.03396710753440857, 0.05084967985749245, 0.06601409614086151], "mae": [0.4878319501876831, 0.36744993925094604, 0.21178221702575684, 0.05843698978424072, 0.010415315628051758, 0.10514670610427856, 0.20033282041549683, 0.1820858120918274, 0.15931814908981323, 0.1830933690071106, 0.1499372124671936, 0.19034892320632935, 0.16188007593154907, 0.11384481191635132, 0.1379954218864441, 0.10838395357131958, 0.13392692804336548, 0.14318329095840454, 0.13802462816238403, 0.1499449610710144, 0.12794357538223267, 0.15182644128799438, 0.12844401597976685, 0.11371546983718872, 0.11181050539016724, 0.1385897994041443, 0.17401009798049927, 0.17146140336990356, 0.23281925916671753, 0.17540687322616577, 0.202619731426239, 0.20369809865951538, 0.20475178956985474, 0.17129236459732056, 0.1855258345603943, 0.16775935888290405, 0.15337496995925903, 0.19106906652450562, 0.19545024633407593, 0.188359797000885, 0.22025102376937866, 0.22337669134140015, 0.16519683599472046, 0.19580882787704468, 0.15829616785049438, 0.18013125658035278, 0.161909282207489, 0.13573676347732544, 0.13352924585342407, 0.16842931509017944, 0.1417739987373352, 0.1766929030418396, 0.18430167436599731, 0.2254987359046936, 0.2569320797920227]}