{"loss": [0.050057909223768446, 0.030057438214619956, 0.022331619262695314, 0.016050991747114392, 0.014591977331373426, 0.010571579800711738, 0.0102351446946462, 0.008993959426879883, 0.008220309019088745, 0.00728483001391093, 0.005269035696983337, 0.006263407733705309, 0.008059398995505439, 0.004922466145621406, 0.004375917712847391, 0.0034542544020546807, 0.003815989361868964, 0.0032145930661095514, 0.0053156812985738116, 0.003508662846353319, 0.002767696479956309, 0.003197382887204488, 0.0048800571097268, 0.0032554590039783056, 0.0026525389817025928, 0.0026758452256520587, 0.004302714930640327, 0.0033938672807481553, 0.002314944565296173, 0.0020198401477601793, 0.009319186872906155, 0.007374874750773112, 0.003304701050122579, 0.002615881131754981, 0.0024924857748879325, 0.00634844700495402, 0.009933087560865615, 0.004687572850121392, 0.0036011007097032336, 0.0034047865205340914, 0.004528083735042148, 0.0056400014294518365, 0.004455912775463528, 0.006597232156329685, 0.009154109822379217, 0.0031919919782214695, 0.005690356757905748, 0.0023952638109525043, 0.0030719045135709977, 0.0029013120465808443, 0.002802313036388821, 0.004224759009149339, 0.006869665781656901, 0.006232809358172947, 0.023744135432773168, 0.010172891616821288, 0.013220849302079942, 0.019126399358113607, 0.05416512489318848, 0.07257160080803765, 0.05238290892706977, 0.02810253037346734, 0.01926408608754476, 0.09345296223958334], "mae": [0.17049404780069988, 0.1303902202182346, 0.1154467158847385, 0.09669637680053711, 0.09236496819390191, 0.07997905413309733, 0.07794780201382107, 0.07315868801540798, 0.07103179295857748, 0.06410093837314182, 0.055864779154459636, 0.06193078888787164, 0.07177863121032715, 0.054967504077487524, 0.052247269948323564, 0.04658000734117296, 0.04856673346625434, 0.04431343608432346, 0.05706143909030491, 0.04716859393649631, 0.041712750328911676, 0.04448709487915039, 0.05572731759813097, 0.04503108130560981, 0.03976303736368815, 0.04092278480529785, 0.05289296044243707, 0.04646921687655979, 0.04024916225009494, 0.03511718908945719, 0.07898506588406033, 0.06764011383056641, 0.045016007953219944, 0.03992310894860162, 0.03981102572547065, 0.06287462446424696, 0.08655306498209635, 0.05524045626322428, 0.04560670852661133, 0.04709388944837782, 0.0547951963212755, 0.0594326549106174, 0.055242368910047746, 0.06218583848741319, 0.07941712803310819, 0.04474217096964518, 0.05797106424967448, 0.03902299139234755, 0.04108861817253961, 0.04273101223839654, 0.03817145559522841, 0.05516631338331435, 0.0685085720486111, 0.058039156595865886, 0.12995874616834852, 0.08088234265645346, 0.0906971189710829, 0.11961449517144097, 0.2080169465806749, 0.22250022888183593, 0.1520686361524794, 0.13439359664916992, 0.11328149371676975, 0.21760781606038412]}