{"loss": [0.07029077410697937, 0.04555491805076599, 0.034522369503974915, 0.030826431512832642, 0.027144843339920045, 0.021871280670166016, 0.02196953594684601, 0.021732790768146514, 0.021800969541072846, 0.019698429107666015, 0.018652503192424775, 0.019603155553340912, 0.020983834564685822, 0.016777625679969786, 0.020140063762664796, 0.018338781595230103, 0.018968921899795533, 0.019449450075626373, 0.020500661432743074, 0.01990952044725418, 0.016745296120643616, 0.01830913871526718, 0.020234642922878264, 0.018017616868019105, 0.017748416960239412, 0.019288569688796997, 0.020602983236312867, 0.0211980402469635, 0.01804523915052414, 0.018737520277500152, 0.029493528604507446, 0.028420284390449524, 0.020425254106521608, 0.022339653968811036, 0.01785476803779602, 0.0213881716132164, 0.021211273968219757, 0.028996270895004273, 0.019625505805015563, 0.017085327208042143, 0.019565318524837495, 0.01361069679260254, 0.012438485026359558, 0.014436694979667663, 0.018990011513233186, 0.014770548045635223, 0.014352761209011078, 0.01090293526649475, 0.01334913969039917, 0.010731421411037445, 0.008083033561706542, 0.0151773601770401, 0.018666432797908784, 0.01637144386768341, 0.02253626435995102, 0.014684981107711792, 0.01312885582447052, 0.014759097993373872, 0.038075977563858034, 0.051987302303314206, 0.04672691822052002, 0.030483686923980714, 0.009581765532493592, 0.043247383832931516], "mae": [0.2120962619781494, 0.14782674312591554, 0.12653448581695556, 0.11697981357574463, 0.10449111461639404, 0.09424169063568115, 0.09393314123153687, 0.09614216685295104, 0.0889831840991974, 0.082333904504776, 0.08427791595458985, 0.0790355384349823, 0.08396353721618652, 0.06616026759147645, 0.08340822458267212, 0.09608965516090393, 0.07776374220848084, 0.0795825481414795, 0.0796415388584137, 0.08689405918121337, 0.07529528141021728, 0.07166886329650879, 0.07363904118537903, 0.0802440106868744, 0.08749142289161682, 0.08731213212013245, 0.08175764679908752, 0.0844356894493103, 0.07716138362884521, 0.08432549834251404, 0.1029982328414917, 0.10724146366119384, 0.08739663362503051, 0.08516364097595215, 0.07796066403388976, 0.0938974678516388, 0.0905368983745575, 0.11538362503051758, 0.08722615242004395, 0.09595163464546204, 0.1069484829902649, 0.08271454572677613, 0.08097403645515441, 0.0937608003616333, 0.10511741638183594, 0.09203368425369263, 0.08855892419815063, 0.07316503524780274, 0.07393085360527038, 0.08303958177566528, 0.07240939736366273, 0.08600419163703918, 0.0990498960018158, 0.0970086932182312, 0.13644946813583375, 0.10359644889831543, 0.10245671272277831, 0.10034031867980957, 0.1645247220993042, 0.20284757614135743, 0.1945331573486328, 0.15421593189239502, 0.08259168267250061, 0.16077013015747071]}