target,prediction
-0.9380640387535095, -0.7304806113243103
-0.7812460660934448, -0.7985579967498779
-0.9850007891654968, -0.6685413718223572
-0.985701858997345, -0.6060441732406616
-1.2353699207305908, -0.8392928242683411
-0.7826849222183228, -0.6250165104866028
-0.7609949707984924, -0.9531270861625671
-0.9375026822090149, -0.9497789740562439
-0.863781750202179, -0.9341546893119812
