target,prediction
-1.1152843236923218, -0.3742330074310303
-1.3576531410217285, 0.020833097398281097
-0.7081562876701355, -0.5065705180168152
1.0733226537704468, 0.210304394364357
-0.11328300833702087, -0.4882643222808838
-0.17776909470558167, 0.30756133794784546
-0.229518860578537, 0.21211561560630798
-0.80687016248703, -0.4152171015739441
-0.6276122331619263, -0.4829823076725006
