target,prediction
-0.7435099482536316, -0.8231104612350464
-0.6953208446502686, -0.6160411834716797
-0.20346355438232422, -0.30918222665786743
-0.39968597888946533, -0.8231104612350464
0.008908100426197052, -0.6596131920814514
0.057432062923908234, -0.9771215319633484
-0.32314854860305786, -0.8370607495307922
-0.0025793537497520447, -0.9088581800460815
-0.4221150577068329, -0.5251325368881226
