target,prediction
-0.9919899702072144, -0.951178789138794
-1.0827717781066895, -0.9368153810501099
-1.2166491746902466, -0.8494740724563599
-1.026743769645691, -0.9773666858673096
-1.211857795715332, -0.9245556592941284
-0.9067562818527222, -0.9505259394645691
-0.47015613317489624, -0.9788901209831238
-1.2880592346191406, -0.9301414489746094
-1.3936824798583984, -0.8605731129646301
