target,prediction
-0.675541877746582, -1.0
-0.7541940212249756, -0.8666666746139526
-0.9439501166343689, -1.0
-0.951799750328064, -0.8358974456787109
-0.286518931388855, -0.44273504614830017
-0.7856101989746094, -0.7982906103134155
-0.6061428785324097, -0.5726495981216431
-0.9690487384796143, -1.0
-1.0071948766708374, -1.0
