target,prediction
0.07250084728002548, 0.24840712547302246
-0.22965165972709656, 0.37310296297073364
0.28729698061943054, 0.19142526388168335
0.18056616187095642, 0.07454606890678406
-0.4253215491771698, -0.3269128203392029
0.06334700435400009, 0.286578893661499
0.06625085324048996, 0.19777856767177582
-0.15094640851020813, 0.2556208670139313
-0.3691006004810333, -0.58564293384552
