target,prediction
-0.7763174176216125, -0.9913079142570496
-0.5706645250320435, -0.9999129176139832
-1.4440593719482422, -0.9990180134773254
-0.8758225440979004, -0.9812979102134705
-1.0747168064117432, -0.9994727969169617
-0.7436476945877075, -0.99821937084198
-1.0610215663909912, -0.9938071370124817
-1.730118989944458, -0.928724467754364
-1.1607885360717773, -0.9955627918243408
