target,prediction
-0.7506988048553467, -0.6410256624221802
-0.9924188852310181, -0.8461538553237915
-0.7330431938171387, -1.0
-1.0513789653778076, -1.0
-0.9768505096435547, -0.9606837630271912
-0.909678041934967, -0.6666666865348816
-0.5950018167495728, -0.916239321231842
-0.7473747730255127, -1.0
-0.6942613124847412, -1.0
