target,prediction
-1.092633605003357, -0.9921653866767883
-1.2635663747787476, -0.9227421283721924
-0.9140084385871887, -0.9373956918716431
-1.0448462963104248, -0.9708378911018372
-0.9602525234222412, -0.9087414145469666
-0.5687225461006165, -0.9991294741630554
-1.3817707300186157, -0.8887196183204651
-1.3012537956237793, -0.8494740724563599
-1.2472418546676636, -0.9417482614517212
