target,prediction
-0.7918691039085388, -1.0
-0.4451690912246704, -0.8085470199584961
-0.27595674991607666, -1.0
-0.9378489851951599, -1.0
-0.8204357624053955, -1.0
-0.5218291878700256, -1.0
-0.49001163244247437, -1.0
-0.5662209987640381, -1.0
-0.5574392676353455, 0.11623931676149368
