target,prediction
-0.6396198272705078, -0.9913079142570496
-0.34433168172836304, -0.9999129176139832
-1.7466177940368652, -0.9990180134773254
-1.1063106060028076, -0.9812979102134705
-0.9370653629302979, -0.9994727969169617
-0.776083767414093, -0.99821937084198
-0.6488519310951233, -0.9938071370124817
-2.0236480236053467, -0.928724467754364
-0.7996520400047302, -0.9955627918243408
