target,prediction
-0.650946319103241, 0.04099501296877861
-0.4985489547252655, 0.2562583088874817
0.05365609750151634, 0.5375418663024902
-0.25101780891418457, 0.09719386696815491
-0.1895308792591095, 0.2685486972332001
0.2615213394165039, -0.15679432451725006
0.1197957992553711, 0.20174172520637512
-0.07375708222389221, -0.2643006145954132
-0.12077498435974121, 0.5452412962913513
