{"loss": [0.3929779529571533, 0.2503909766674042, 0.15352511405944824, 0.09293781965970993, 0.06095414236187935, 0.04277878999710083, 0.03162674605846405, 0.02531769499182701, 0.02073974721133709, 0.017130399122834206, 0.010653134435415268, 0.007855014875531197, 0.007475774269551039, 0.006319057662039995, 0.005225833039730787, 0.005181279499083757, 0.004129947628825903, 0.003417941043153405, 0.0027117454446852207, 0.003100253874436021, 0.0031539457850158215, 0.0033401930704712868, 0.0028472277335822582, 0.0026330617256462574, 0.0032801220659166574, 0.0023140821140259504, 0.0018569343956187367, 0.002112927846610546, 0.002292023738846183, 0.0030168481171131134, 0.002468561287969351, 0.0034683835692703724, 0.0027245604433119297, 0.003843126352876425, 0.003148280316963792, 0.0030437707901000977, 0.0032279961742460728, 0.003839033655822277, 0.0037574211601167917, 0.0044141486287117004, 0.005461645312607288, 0.0036098919808864594, 0.0042135282419621944, 0.005643102340400219, 0.00438521895557642, 0.003846211126074195, 0.005966959521174431, 0.004939723759889603, 0.00385231152176857, 0.004837719723582268, 0.0047429269179701805, 0.00409332849085331, 0.005770441144704819, 0.003490050556138158, 0.00328481150791049, 0.005348389036953449, 0.003842191305011511, 0.006434730254113674, 0.004097048658877611, 0.005058656446635723, 0.004822155460715294, 0.0028637463692575693, 0.0047739166766405106, 0.00320201413705945, 0.004523062147200108, 0.004693819675594568, 0.004075047560036182, 0.0036927456967532635, 0.00341430283151567, 0.0038996394723653793, 0.002755876164883375, 0.0028357512783259153, 0.004340095445513725, 0.0026047383435070515, 0.0038493499159812927, 0.004410805180668831, 0.004198681563138962], "mae": [0.5724272727966309, 0.42568469047546387, 0.2970251441001892, 0.23126010596752167, 0.19937917590141296, 0.1721716821193695, 0.14082473516464233, 0.12082076072692871, 0.10805703699588776, 0.09556750953197479, 0.0789351686835289, 0.0682414323091507, 0.06935577094554901, 0.0633312463760376, 0.05740221589803696, 0.058102820068597794, 0.0507548451423645, 0.04465185105800629, 0.039608146995306015, 0.04529428854584694, 0.04589419066905975, 0.04625755921006203, 0.0408901646733284, 0.04043790325522423, 0.04553407058119774, 0.0380096398293972, 0.0327514111995697, 0.03504744917154312, 0.03569537028670311, 0.03953412175178528, 0.037587497383356094, 0.04395318403840065, 0.036833446472883224, 0.04109649360179901, 0.03990834206342697, 0.039183925837278366, 0.04053788259625435, 0.0427616685628891, 0.04128914698958397, 0.04582023620605469, 0.05305470898747444, 0.04565205052495003, 0.04467475786805153, 0.04946216940879822, 0.04941611364483833, 0.04558216407895088, 0.050447944551706314, 0.047318827360868454, 0.04746910557150841, 0.05435563251376152, 0.05221008509397507, 0.04979318752884865, 0.055740442126989365, 0.04678916931152344, 0.04340190440416336, 0.056112077087163925, 0.04752276837825775, 0.0568874217569828, 0.04847678169608116, 0.055730607360601425, 0.05783478543162346, 0.04267589747905731, 0.04924757033586502, 0.042382657527923584, 0.046969860792160034, 0.04849143698811531, 0.046287644654512405, 0.050046656280756, 0.04559292271733284, 0.04885420575737953, 0.04256974905729294, 0.03853234276175499, 0.05384411662817001, 0.03918834030628204, 0.048183683305978775, 0.04768401011824608, 0.053539764136075974]}