{"loss": [0.630310448733243, 0.4596119360490279, 0.3254930756308816, 0.21073616634715686, 0.13801713423295456, 0.08475484089417891, 0.05475147745826028, 0.03834734179756858, 0.03272300958633423, 0.028628967025063255, 0.022791678255254574, 0.019767143509604714, 0.01953204111619429, 0.018123867836865513, 0.015519323674115267, 0.015357265418226069, 0.0136367759921334, 0.012647380883043463, 0.012178947979753668, 0.012075899676843123, 0.011738209561868147, 0.010439822619611567, 0.010696041990410198, 0.010245107114315033, 0.009763600474054163, 0.009296340021220121, 0.008820426057685505, 0.008871702308004553, 0.008368190716613422, 0.008346445181153038, 0.0077869302847168665, 0.008818291127681732, 0.0073828629472038965, 0.006793820722536607, 0.006306749853220853, 0.006327881731770255, 0.0025328477336601777, 0.0054293826899745245, 0.005386712876233188, 0.004877947948195718, 0.005657816813750701, 0.004019430076534098, 0.003870723599737341, 0.003691555762832815, 0.002983410250056874, 0.0026489946652542462, 0.003232731737873771, 0.002019709145480936, 0.0018446582623503425, 0.001528716053475033, 0.0018777825276960027, 0.0006492606533521956, 0.0011172883043235, 0.00112814972685142, 0.00047115029089830136, 0.0007695038379593329, 0.0004848695614121177, 0.0017153901809995825, 0.0007396607067097317, 0.0017589701508933847, 0.0017299895936792548, 0.0008190408857031302, 0.0009746759791265835, 0.00044808371669866824, 0.0008299710567701947, 0.0004735308783975515, 0.000765145332975821, 0.002655370499600064, 0.0007667635482820598, 0.0011343541131778197, 0.00095450547947125, 0.0009350143373012543, 0.002515449950640852, 0.0007545589046044784, 0.0013804948804053392, 0.0010255309329791503, 0.0020150330594994807], "mae": [0.7380155216563832, 0.6121178540316495, 0.5009332570162687, 0.3930590802972967, 0.31557468934492633, 0.23838543891906738, 0.1753331097689542, 0.13052082061767578, 0.12370195172049782, 0.11472367156635631, 0.09644236347892067, 0.08301576701077548, 0.08587500723925504, 0.08213628422130238, 0.07049616358496925, 0.07101134278557518, 0.06085283647884022, 0.05549822070381858, 0.051755661314184014, 0.05551117658615112, 0.05484682321548462, 0.05211563543839888, 0.04944160851565274, 0.048688758503307, 0.050661124966361305, 0.04161462458697232, 0.03804430636492642, 0.04141511158509688, 0.03892334753816778, 0.040723461996425285, 0.03800906918265603, 0.05365715785460039, 0.03751903230493719, 0.034512221813201904, 0.030345456166700882, 0.03357759118080139, 0.02998100898482583, 0.028531537814573807, 0.03264826807108792, 0.02779335325414484, 0.04373725706880743, 0.025266184048219162, 0.0288757248358293, 0.028010265393690628, 0.0242676626552235, 0.022176225077022205, 0.02916994419964877, 0.024131902239539406, 0.02559939839623191, 0.025336964563889938, 0.0334644615650177, 0.015721478245475075, 0.02047228542241183, 0.02505723183805292, 0.016313128850676796, 0.019595362923362038, 0.01724013144319708, 0.035141541199250656, 0.022065608338876205, 0.03676177154887806, 0.03371813351457769, 0.021866503086957065, 0.021563470363616943, 0.01319473304531791, 0.023369631984017113, 0.017129333181814713, 0.024017848751761696, 0.0435831140388142, 0.021015883846716446, 0.027122494849291714, 0.02418573878028176, 0.02083128555254503, 0.043383088978854095, 0.017664880915121597, 0.02724623680114746, 0.02228807048364119, 0.039545246145941994]}