target,prediction
-0.3692823052406311, -1.0
-0.6577454209327698, -0.8085470199584961
-0.41304755210876465, -1.0
-1.1443400382995605, -1.0
-1.2815607786178589, -1.0
-0.8268614411354065, -1.0
-0.4933204650878906, -1.0
-0.33549749851226807, -1.0
-0.6338762044906616, 0.11623931676149368
