target,prediction
-2.666083335876465, -0.9987353682518005
-8.1553373336792, -0.9021643400192261
0.44414952397346497, -0.9991080164909363
0.35307982563972473, -0.9731748700141907
-0.06941220909357071, -0.9742664098739624
-1.7645604610443115, -0.9633339643478394
-0.9318712949752808, -0.9684217572212219
-0.3545397222042084, -0.9812618494033813
-2.0737085342407227, -0.996860921382904
