target,prediction
-0.5206469297409058, -0.9313021302223206
-0.1466144323348999, -0.43692418932914734
-1.4301974773406982, -0.9955023527145386
-0.25851964950561523, -0.4585418999195099
-0.4615090489387512, -0.9379035234451294
-0.2951646149158478, -0.7244831323623657
-0.549368143081665, -0.9323177337646484
-1.186130404472351, -0.9270220994949341
-0.4701855778694153, -0.7849836945533752
