target,prediction
-1.0929871797561646, -0.951178789138794
-0.6042086482048035, -0.9368153810501099
-0.8170797824859619, -0.8494740724563599
-0.9973905086517334, -0.9773666858673096
-0.8115861415863037, -0.9245556592941284
-0.5004255175590515, -0.9505259394645691
-1.1022101640701294, -0.9788901209831238
-0.9118619561195374, -0.9301414489746094
-0.5826911330223083, -0.8605731129646301
