target,prediction
-0.6644725799560547, -0.9666519165039062
-0.6563280820846558, -0.9559298157691956
-0.9106919765472412, -0.9948722124099731
-1.1260350942611694, -0.6135348081588745
-1.114035964012146, -0.998160183429718
-0.9322947263717651, -0.9916234612464905
-0.7150043845176697, -0.9967668056488037
-0.6391301155090332, -0.999636709690094
-0.5567269921302795, -0.992731511592865
