{"loss": [0.013086740672588349, 0.013098131120204925, 0.012055917084217072, 0.012024136632680893, 0.011836425960063934, 0.012409103661775589, 0.011162003129720688, 0.011823132634162903, 0.012376721203327178, 0.013328930735588074, 0.0120205357670784, 0.01380317062139511, 0.012644490599632264, 0.012311124056577683, 0.012952384352684022, 0.010980021953582764, 0.012707631289958953, 0.012922464311122895, 0.013003255426883697, 0.011974666267633438, 0.012864950299263, 0.013022546470165253, 0.011986441910266876, 0.012156893312931061, 0.013031972944736481, 0.011527829617261887, 0.013121849298477173, 0.014912280440330505, 0.010933273285627366, 0.012178212404251099, 0.013764910399913788, 0.01173064112663269, 0.011416538059711457, 0.011904501169919968, 0.011147250980138778, 0.012406539916992188, 0.012865081429481506, 0.01189209297299385, 0.017059935629367827, 0.012653051316738129, 0.013144800066947937, 0.016669642925262452, 0.013003429770469666, 0.014216385781764984, 0.012658469378948212, 0.012234281003475189, 0.014389993250370025, 0.02446407824754715, 0.01435420960187912, 0.013509519398212433, 0.014547213912010193, 0.018206150829792024, 0.01619637757539749, 0.02502848505973816, 0.013886621594429016, 0.023045359551906584, 0.0164852499961853, 0.025195297598838807, 0.01967729926109314, 0.0261122465133667, 0.0141634538769722, 0.014211513102054596, 0.016903264820575713, 0.019268198311328887, 0.01758337765932083, 0.015494012832641601, 0.028089803457260133, 0.021521744132041932, 0.03173662126064301, 0.01716422289609909, 0.015153296291828156, 0.010480058193206788, 0.01170605570077896, 0.024186843633651735, 0.012339567393064499, 0.017819991707801817, 0.020043273270130158, 0.03119431734085083, 0.02489131987094879], "mae": [0.07873664498329162, 0.07806552052497864, 0.07460880279541016, 0.07668697237968444, 0.07401264309883118, 0.07511026859283447, 0.0719611406326294, 0.07453480362892151, 0.07527539134025574, 0.07963817119598389, 0.07347100377082824, 0.08044188618659973, 0.07559882998466491, 0.07237209677696228, 0.0752371907234192, 0.07144691348075867, 0.07735008001327515, 0.07695672512054444, 0.07930072546005248, 0.07239189147949218, 0.07581504583358764, 0.08208710551261902, 0.0754807472229004, 0.07440386414527893, 0.07825936079025268, 0.07080177068710328, 0.07659426927566529, 0.08361669182777405, 0.06704345345497131, 0.07706239819526672, 0.08455384969711303, 0.07124688029289246, 0.0702975869178772, 0.07225573658943177, 0.07377139329910279, 0.07919647693634033, 0.0804509699344635, 0.07954496741294861, 0.07717400789260864, 0.07093498706817628, 0.07149885296821594, 0.09425066709518433, 0.07726330161094666, 0.07617805004119874, 0.07530486583709717, 0.07452682256698609, 0.08078533411026001, 0.12210620641708374, 0.0761588990688324, 0.07513577938079834, 0.07719727754592895, 0.10187169313430786, 0.07875540256500244, 0.08935964107513428, 0.08285738229751587, 0.08700767755508423, 0.07756374478340149, 0.10974712371826172, 0.10447667837142945, 0.10657787322998047, 0.0805206298828125, 0.07438496947288513, 0.07880229353904725, 0.097273188829422, 0.08648486137390136, 0.08137090802192688, 0.10601156949996948, 0.09669662714004516, 0.1409223794937134, 0.09367843270301819, 0.07366239428520202, 0.06797459721565247, 0.07387371063232422, 0.11681711673736572, 0.07052745819091796, 0.08225145936012268, 0.08734492659568786, 0.13498978614807128, 0.09927153587341309]}