{"loss": [0.02461812761094835, 0.018565604421827527, 0.015124849478403727, 0.012183398670620389, 0.009615818659464518, 0.006975402434666951, 0.00545842084619734, 0.004004837407006158, 0.003092642956309848, 0.0028467529349856906, 0.0020656054218610126, 0.002189679940541585, 0.0014732850922478569, 0.0011107529203097026, 0.0011653182407220205, 0.0010911442339420318, 0.0013814541200796763, 0.0012749365634388394, 0.0009879485600524478, 0.0007384599082999759, 0.0006099328398704529, 0.001538778179221683, 0.0008418418467044831, 0.0008991065124670665, 0.0012413250903288524, 0.0010466621981726752, 0.0009672454661793178, 0.0023160553640789454, 0.0007685213453239865, 0.002494749923547109, 0.0029936664634280736, 0.000992185953590605, 0.0012625093261400858, 0.0016811398996247186, 0.0023757220970259773, 0.0026458402474721274, 0.004303629861937629, 0.003549614879820082, 0.0024380167325337727, 0.00314112835460239, 0.0021736757622824775, 0.004938656753963894, 0.0038893510897954303, 0.002439191937446594, 0.0026822436187002394, 0.0041154560115602284, 0.0036114977465735543, 0.012342038419511583, 0.0027377165026134915, 0.003328616089291043, 0.002933322721057468, 0.007377282116148207, 0.004022351569599575, 0.003941706154081556, 0.003742088874181112, 0.0028271201584074233, 0.003652731246418423, 0.0063116232554117834, 0.006343487898508708, 0.010401424434449937, 0.003675522738032871, 0.004044968220922682, 0.0033327337768342758, 0.00427787204583486, 0.0031381918324364555, 0.006925970978207059, 0.008559116390016344, 0.007847835620244345, 0.017191950480143228, 0.007701487673653497, 0.0035902880960040624, 0.0031606018543243407, 0.0027499530050489637, 0.0109929449028439, 0.0025841623544692995, 0.0028654972712198893, 0.00270915279785792, 0.016409938865237766, 0.00602669186062283], "mae": [0.08974520365397136, 0.07753121058146159, 0.07191481060451932, 0.0670789188808865, 0.061080016030205624, 0.05380311542087131, 0.04781608051723904, 0.04174537658691406, 0.03647087415059407, 0.03771537409888374, 0.030369981129964193, 0.035078559981452095, 0.025949708620707192, 0.02308824857076009, 0.024037830034891763, 0.02252951463063558, 0.02676284843020969, 0.026558126343621147, 0.02396313084496392, 0.01967855824364556, 0.018324347337086995, 0.03280768659379747, 0.021605186992221408, 0.023488979869418673, 0.028991389274597167, 0.023220899369981556, 0.022169442971547444, 0.03581485483381483, 0.019615825017293295, 0.03831069999270969, 0.04799142413669162, 0.02246587806277805, 0.02486911349826389, 0.030061237017313638, 0.03570023112826877, 0.04116309748755561, 0.04660634994506836, 0.04807401763068305, 0.03554958502451579, 0.040934999783833824, 0.03184651533762614, 0.06180583106146918, 0.04233388635847304, 0.036176196734110516, 0.03862799538506402, 0.048175774680243595, 0.04787801636589898, 0.09577103720770942, 0.0361240996254815, 0.041696792178683814, 0.03987607955932617, 0.0754441950056288, 0.04813517994350857, 0.03968862427605523, 0.04745285775926378, 0.03796612156762017, 0.043468342887030706, 0.06741202142503526, 0.06757868660820855, 0.07489804161919487, 0.045657576455010306, 0.044604455100165474, 0.03957384162478977, 0.047791576385498045, 0.04096797572241889, 0.04986858897738987, 0.07185994254218207, 0.06483589808146159, 0.11183322270711263, 0.06874643961588542, 0.03932671282026503, 0.04236640665266249, 0.03701365523868137, 0.08912076950073242, 0.03666992717319065, 0.03933903376261393, 0.03642660511864556, 0.10637356440226237, 0.053829129536946616]}