target,prediction
-0.31896448135375977, -0.8231104612350464
-0.4084189832210541, -0.6160411834716797
-0.47426316142082214, -0.30918222665786743
-0.7108001708984375, -0.8231104612350464
-0.48222893476486206, -0.6596131920814514
-0.22179757058620453, -0.9771215319633484
-0.6723742485046387, -0.8370607495307922
-0.3223823308944702, -0.9088581800460815
-0.039750609546899796, -0.5251325368881226
