target,prediction
-0.6550323367118835, -0.9718270897865295
-1.564734697341919, -0.9981775879859924
-1.2188197374343872, -0.9829331040382385
1.006636619567871, -0.8246792554855347
-1.6161587238311768, -0.9954615235328674
0.3709004819393158, -0.9583202004432678
0.6925973892211914, -0.9956896305084229
-4.723935127258301, -0.9981014132499695
-3.9125051498413086, -0.8119339346885681
