target,prediction
-0.2629706561565399, -1.0
-1.2953170537948608, -1.0
-0.571922779083252, -0.3272024095058441
-0.4860392212867737, -0.8312348127365112
-0.14327260851860046, -0.2734847664833069
-0.36297544836997986, -1.0
-1.297393560409546, -0.9985392689704895
-0.47515571117401123, -0.4627823829650879
-0.6935806274414062, -1.0
