target,prediction
-0.1871263086795807, -0.04283304139971733
-0.922225296497345, -1.0
0.12771520018577576, 0.5625163316726685
0.045470647513866425, 0.33375921845436096
-0.17433857917785645, 0.6991934776306152
-0.20563864707946777, -0.07649680227041245
0.5692404508590698, 0.37948140501976013
0.41501256823539734, 0.4118645489215851
-0.1651587188243866, 0.04099501296877861
