target,prediction
-0.4814358949661255, -0.15516602993011475
-1.2287503480911255, -1.0
-0.9745080471038818, -1.0
-0.8566468954086304, -1.0
-0.2206219732761383, -0.3523639142513275
0.15035343170166016, -1.0
0.061433274298906326, -0.19174587726593018
-0.8296135067939758, -0.8415627479553223
-0.3163239061832428, -0.7701518535614014
