target,prediction
-0.9824677109718323, -1.0
-1.1011757850646973, -1.0
-1.0687676668167114, -1.0
-0.7387369871139526, -0.6700854897499084
-0.7411869168281555, -0.6376068592071533
-1.04109525680542, -1.0
-0.5440738797187805, -0.5811966061592102
-0.2283317744731903, -0.3504273593425751
-0.6724132895469666, -0.5897436141967773
