{"loss": [0.09722661120550972, 0.07415473461151123, 0.057571734700884135, 0.045889313731874735, 0.03776713354246957, 0.034385708825928826, 0.02610337734222412, 0.0262391950402941, 0.02125685555594308, 0.020520499774387906, 0.01874053052493504, 0.01603373885154724, 0.014816996242318834, 0.014344970030444009, 0.013139830103942327, 0.011529312602111272, 0.011103098945958274, 0.009359205407755715, 0.008804767259529658, 0.007279862782784871, 0.006810635328292847, 0.005949950643948146, 0.006844823913914817, 0.004541054900203433, 0.003699381170528276, 0.0037629849144390653, 0.0030258814139025553, 0.0026366846369845526, 0.0025393428014857428, 0.003956015088728496, 0.002031044236251286, 0.002472376450896263, 0.0024268573948315214, 0.00195929008935179, 0.0018570456387741224, 0.0019122730674488203, 0.0017729860597423144, 0.0018460801137345178, 0.0017613433301448822, 0.0013928195195538656, 0.0028709731996059418, 0.0017861143818923406, 0.002949812582560948, 0.006388111306088311, 0.0018417767382093839, 0.003459261198128973, 0.002261078783443996, 0.0017978851018207414, 0.001150221297783511, 0.0021251986867615153, 0.001110476175589221, 0.001972446883363383, 0.0012973036084856307, 0.0010832496918737888, 0.001395122813326972, 0.0011391243232148035, 0.0014373272923486574, 0.0019691122163619313, 0.0026864377515656607, 0.006857178040913173, 0.0013309022677796228, 0.0008956068195402622, 0.0012043396543179239, 0.001049000902899674, 0.008740647030728204, 0.003969356417655945, 0.0017275525523083551, 0.0009721744406436171, 0.0015437386131712369, 0.0006949187788580145, 0.001226379003907953, 0.0021731596706168993, 0.0024635461824280874, 0.005322069994040898, 0.0019138460712773459, 0.0017654834581272943, 0.001233189898942198, 0.003476011965956007, 0.000773944625897067, 0.0031949313623564585, 0.001640944741666317, 0.00150101152913911, 0.0016219493533883775, 0.0015073998698166438, 0.0024362323539597647, 0.010035936321531023, 0.002280549013188907, 0.020442087735448564, 0.014384842344692774, 0.0017941361293196678, 0.0013999028929642268, 0.0009744495951703616, 0.001342992830489363, 0.0030892486018793924, 0.006014282682112285, 0.00207375774958304, 0.0061726367899349755, 0.002003725352031844, 0.005539244839123317, 0.008181400064911162, 0.003023146518639156, 0.0020737453762974057, 0.001293026709130832, 0.002901232402239527, 0.00869523680635861, 0.0020890705553548677, 0.005156403673546655], "mae": [0.2426330362047468, 0.2092702559062413, 0.18425537858690536, 0.16311863490513392, 0.14541987010410853, 0.13996078286852157, 0.1185876897403172, 0.12316137552261353, 0.10697208983557564, 0.10688304049628121, 0.10156017541885376, 0.091897828238351, 0.08908993005752563, 0.08831013100487846, 0.08418085745402745, 0.07716159309659686, 0.08008488586970738, 0.06814237151827131, 0.07142782637051173, 0.05917409488133022, 0.05593434827668326, 0.05490859917231968, 0.06395333153860909, 0.048402024166924615, 0.04178093586649213, 0.043790566069739204, 0.03797777209963117, 0.03584429195949009, 0.034819615738732476, 0.046520075627735684, 0.031333550810813904, 0.034767712865556986, 0.0359708879675184, 0.029896925602640425, 0.030416867562702725, 0.031223554696355547, 0.029671579599380493, 0.02981777914932796, 0.030572861433029175, 0.02528588686670576, 0.04074375118528094, 0.03208184455122266, 0.03891345007078988, 0.0652618408203125, 0.03050456941127777, 0.043213682515280585, 0.03546858472483499, 0.030054799148014615, 0.024118749158723012, 0.033950049962316244, 0.024476064102990285, 0.03358545047896249, 0.027433127164840698, 0.025462927562849864, 0.029332192880766734, 0.025235414505004883, 0.02945729238646371, 0.035128814833504815, 0.0384083092212677, 0.06705169592584882, 0.02863116349492754, 0.023428648710250854, 0.02672789352280753, 0.023877863373075212, 0.08202673707689558, 0.05237063765525818, 0.031756043434143066, 0.023795689855303084, 0.03166608938149044, 0.02021616910185133, 0.02811935544013977, 0.0367327800818852, 0.040493790592466085, 0.05796438881329128, 0.032565331884792874, 0.03128438336508615, 0.026681804231234958, 0.04596034118107387, 0.020804488233157566, 0.04328262380191258, 0.03317961948258536, 0.0302960319178445, 0.0312988247190203, 0.029381273048264638, 0.039800550256456645, 0.08034219912120275, 0.035403624176979065, 0.12232030289513725, 0.10334254162652153, 0.03190661541053227, 0.027852471385683333, 0.02351328730583191, 0.028604984283447266, 0.04612771528107779, 0.058807194232940674, 0.037724780184882026, 0.05572699648993356, 0.03451658146721976, 0.05530471461159842, 0.08094730547496251, 0.04192659258842468, 0.035195936049733846, 0.026604120220456804, 0.04502183624676296, 0.07937984807150704, 0.03461402228900364, 0.05809929966926575]}