{"loss": [0.0874243974685669, 0.06671922405560811, 0.05473720530668894, 0.045828431844711304, 0.03942336390415827, 0.039928620060284935, 0.031031489372253418, 0.03351708253224691, 0.027285253008206684, 0.027359274526437122, 0.026289090514183044, 0.023188528915246327, 0.022592206796010334, 0.02303655942281087, 0.022442017992337544, 0.01829208309451739, 0.019949108362197876, 0.0183731106420358, 0.017871240774790447, 0.016043394804000854, 0.01626865689953168, 0.015638404836257298, 0.017621112366517384, 0.014569491147994995, 0.014092757056156794, 0.01591244215766589, 0.014556681116422018, 0.014179828266302744, 0.014675773680210114, 0.017342664301395416, 0.013589341193437576, 0.013510473072528839, 0.011912410457928976, 0.013197970887025198, 0.013949736952781677, 0.012975625693798065, 0.012648825844128927, 0.012257923682530722, 0.012932284424702326, 0.01177965352932612, 0.0127422995865345, 0.01318086435397466, 0.012670199076334635, 0.015130829066038132, 0.01252824937303861, 0.014999286582072576, 0.011992158989111582, 0.013347875326871872, 0.012329931060473124, 0.014195766299962997, 0.011688931534687677, 0.013488718618949255, 0.012260695298512777, 0.013182826340198517, 0.012266830851634344, 0.012258230398098627, 0.012408357113599777, 0.013526774942874908, 0.01313370962937673, 0.01619131863117218, 0.014669420818487803, 0.01163614789644877, 0.012256484478712082, 0.012600794434547424, 0.02224390208721161, 0.015478141605854034, 0.01479944090048472, 0.011401998500029245, 0.011643558740615845, 0.012086627384026846, 0.011281758546829224, 0.013879982133706411, 0.01340231920282046, 0.016739288965861004, 0.012738524625698725, 0.013197610775629679, 0.012298793842395147, 0.013458100457986196, 0.011637469132741293, 0.013304578761259714, 0.01301319400469462, 0.01348342498143514, 0.013268516709407171, 0.012913449356953302, 0.015232043961683909, 0.017712304989496868, 0.011598327507575354, 0.03443442781766256, 0.025451764464378357, 0.013012595474720001, 0.014807732154925665, 0.01365237683057785, 0.012349377075831095, 0.013552002608776093, 0.017963826656341553, 0.013487998396158218, 0.020191787431637447, 0.015603651603062948, 0.01679591213663419, 0.022196881473064423, 0.015544876456260681, 0.014367746810118357, 0.013044256716966629, 0.016365749140580494, 0.02159246802330017, 0.01505383849143982, 0.017841388781865437], "mae": [0.22261210282643637, 0.1965984304745992, 0.17702225844065347, 0.16433300574620566, 0.1521651347478231, 0.16133564710617065, 0.13984787464141846, 0.1547773281733195, 0.1352281173070272, 0.13739019632339478, 0.13326547543207803, 0.12130918105443318, 0.12017208337783813, 0.12198237578074138, 0.1187557578086853, 0.09669594963391621, 0.11213654279708862, 0.09771054983139038, 0.10561154286066692, 0.08770181735356648, 0.09011195103327434, 0.0894525945186615, 0.10351639986038208, 0.08665894468625386, 0.08187716205914815, 0.09612207611401875, 0.08622695008913676, 0.08751937747001648, 0.08871811628341675, 0.10099513332049052, 0.08431976040204366, 0.08446759978930156, 0.07987113296985626, 0.08066375056902568, 0.08430228630701701, 0.08626319964726765, 0.07738309601942699, 0.08262225985527039, 0.08313525716463725, 0.0819953481356303, 0.08594782153765361, 0.08540203173955281, 0.08298294246196747, 0.08905163407325745, 0.08565547068913777, 0.09838802615801494, 0.07997444768746693, 0.08137768010298412, 0.08354838689168294, 0.09412660201390584, 0.08196765184402466, 0.08958107233047485, 0.08334457874298096, 0.0850642720858256, 0.08240081866582234, 0.07805187006791432, 0.07725350558757782, 0.0919576386610667, 0.08693811297416687, 0.09546663363774617, 0.08760446310043335, 0.07869520286719005, 0.08058288196722667, 0.08229140440622966, 0.12687788407007852, 0.0985984206199646, 0.08970470229784648, 0.07908336321512859, 0.08249024550120036, 0.08084526658058167, 0.07828326026598613, 0.09280622005462646, 0.08688796559969585, 0.10670936107635498, 0.08553036053975423, 0.0891952117284139, 0.08036352694034576, 0.08545162280400594, 0.08007205029328664, 0.08775426944096883, 0.08666958411534627, 0.08806350827217102, 0.0836837391058604, 0.08174976209799449, 0.09462104241053264, 0.09741634130477905, 0.0789514680703481, 0.15913365284601846, 0.14010825753211975, 0.08886651198069255, 0.09073711435000102, 0.08995214104652405, 0.0810567041238149, 0.08677993218104045, 0.10652099053064983, 0.08594505985577901, 0.10976943373680115, 0.08806904157002766, 0.09420359134674072, 0.1257723867893219, 0.08544875184694926, 0.0882852574189504, 0.08673688769340515, 0.08978633085886638, 0.11348979671796162, 0.09612720211346944, 0.1041606863339742]}