target,prediction
-0.7317019701004028, -0.31945016980171204
-0.2850189208984375, -0.34761562943458557
-0.5215049982070923, -0.38641995191574097
-0.29713159799575806, 0.24695047736167908
-0.4039316773414612, 0.017631417140364647
-0.2581745386123657, -0.09679259359836578
-0.34296613931655884, 0.2477288693189621
-0.39552539587020874, -0.3944125175476074
-0.3476490378379822, -0.39101624488830566
