target,prediction
-1.0468941926956177, -0.9954615235328674
-0.9568186402320862, -0.9981775879859924
-1.0547224283218384, -0.9981014132499695
-0.9265656471252441, -0.9718270897865295
-1.0926817655563354, -0.9956896305084229
-0.977432370185852, -0.9583202004432678
-0.8153347373008728, -0.8246792554855347
-0.8695170283317566, -0.8119339346885681
-1.1339808702468872, -0.9829331040382385
