target,prediction
-1.1696927547454834, -0.9572136998176575
-0.4849281311035156, -0.7349447011947632
-1.0998642444610596, -0.6456629633903503
-0.5048947334289551, -0.7293646335601807
-0.6911988854408264, -0.5586131811141968
-1.6863377094268799, -0.9012320041656494
-0.8795602321624756, -0.7561491131782532
-0.0633271187543869, 0.2365526407957077
-0.301691472530365, -0.6774695515632629
