{"loss": [0.06918479336632623, 0.05942108896043566, 0.057489991188049316, 0.055621332592434354, 0.05570289823744032, 0.053601202037599355, 0.056638353400760226, 0.06136569049623278, 0.0604469378789266, 0.05886646774080065, 0.05724102920956082, 0.056681070062849254, 0.056299030780792236, 0.05932017167409261, 0.061059501436021596, 0.061034043629964195, 0.05890652206208971, 0.061694456471337214, 0.06431718667348225, 0.06536598338021173, 0.06470086839463976, 0.0662040842903985, 0.06627093421088324, 0.06701942947175768, 0.06600186559889051, 0.06500898467169867, 0.065768387582567, 0.0678954389360216, 0.06446413861380683, 0.06728300783369276, 0.06451043155458239, 0.06322519646750556, 0.06523568762673272, 0.06455604235331218, 0.0662457545598348, 0.06605650318993463, 0.07012320227093166, 0.06991819540659587, 0.07140887445873684, 0.06864026519987318, 0.07117725080913967, 0.0622189376089308, 0.06734233432345921, 0.0667394134733412, 0.06370159652498034, 0.06737210353215535, 0.0626058578491211, 0.061861647499932185, 0.06333150466283162, 0.06291566292444865, 0.061180982324812144, 0.062141603893703885, 0.06310105986065334, 0.06791139973534478, 0.06448431809743245, 0.0654898550775316, 0.06620004442003039, 0.06534602244695027, 0.06540466679467095, 0.06545866198009914, 0.06271966298421223, 0.06402368015713161, 0.06636680497063531, 0.06205880641937256, 0.061643368668026395, 0.07753239737616645, 0.05898413393232557, 0.05486857228808933, 0.05579106675253974, 0.05698011981116401, 0.06252175569534302, 0.05998126003477308, 0.05040017101499769, 0.054660012324651085, 0.05388263530201382, 0.04976206355624729, 0.06574071115917629, 0.07959128750695123, 0.05502549476093716, 0.05065942141744825, 0.046419117185804576, 0.05785716242260403, 0.0518175462881724, 0.04733875725004408, 0.03386377625995212, 0.04099626011318631, 0.043096714549594455, 0.03415237532721625, 0.036295791467030845, 0.03126811650064257, 0.032902767260869346, 0.03505405452516344, 0.037318928374184504, 0.04279887013965183, 0.051132546530829534, 0.07274638944202, 0.03352675504154629, 0.03957130511601766, 0.03896030452516344, 0.03495279616779751, 0.03527212805218167, 0.0351932148138682, 0.03444181548224555, 0.048656827873653836, 0.03939013679822286, 0.037518557575013906, 0.03535224994023641, 0.03746445642577277, 0.0407102902730306, 0.03722771339946323, 0.0367673569255405, 0.038139800230662026, 0.04041494925816854, 0.03835096624162462, 0.03984054591920641, 0.03857525520854526, 0.04035188423262702], "mae": [0.20691251754760742, 0.19255370563930935, 0.19114745987786186, 0.19454793135325113, 0.19531239403618705, 0.19234294361538357, 0.19763069682651097, 0.19316275914510092, 0.18617489602830675, 0.19112100866105822, 0.18951772318945992, 0.19545989566379124, 0.1950307157304552, 0.20105173852708605, 0.20448589324951172, 0.20226486523946127, 0.19944306214650473, 0.2097447713216146, 0.20766540368398032, 0.20346087879604763, 0.20883488655090332, 0.20844907230801052, 0.21039586597018772, 0.2106165091196696, 0.20810792181226942, 0.20416262414720324, 0.2084605031543308, 0.2160306904051039, 0.20552735858493382, 0.2175509532292684, 0.2043011320961846, 0.2069907718234592, 0.2150707244873047, 0.20100206798977321, 0.21228480339050293, 0.2053694725036621, 0.22111882103814018, 0.21906299061245388, 0.22307523091634116, 0.2052972051832411, 0.22991103596157497, 0.19756966167026097, 0.22133546405368382, 0.2199918826421102, 0.20893730057610405, 0.22400585810343424, 0.19144654273986816, 0.1951429976357354, 0.20710276232825386, 0.20934630764855278, 0.19579617182413736, 0.2136694590250651, 0.18509467442830405, 0.2260897954305013, 0.2143587271372477, 0.21508495012919107, 0.2181148264143202, 0.2052491241031223, 0.21049584282769096, 0.21215388509962294, 0.20425962077246773, 0.1827208466000027, 0.2118692398071289, 0.19006938404507107, 0.2095714012781779, 0.2440256012810601, 0.21193251344892713, 0.1681639618343777, 0.19924464490678576, 0.20766858259836832, 0.22107782628801134, 0.21693767441643608, 0.19371971819135878, 0.2023545636071099, 0.19510201613108316, 0.18018743726942274, 0.20002924071417916, 0.21941550572713217, 0.16696770985921225, 0.16299846437242296, 0.1541783014933268, 0.18716033299763998, 0.17586361037360299, 0.16592899958292642, 0.13571955098046196, 0.15305907196468777, 0.1675112379921807, 0.1337054040696886, 0.145349211162991, 0.1309306091732449, 0.1392428477605184, 0.13669342464870876, 0.14550222290886772, 0.1659318076239692, 0.18322617477840847, 0.21798647774590385, 0.137902922100491, 0.14668644799126518, 0.14990484714508057, 0.13992569181654188, 0.13794604937235513, 0.13470461633470324, 0.13343049420250785, 0.17283150884840223, 0.14509553379482693, 0.14377624458736843, 0.13955472575293648, 0.14362120628356934, 0.1537060340245565, 0.14646702342563206, 0.14206165737575954, 0.1482478512658013, 0.15083461337619358, 0.1498296923107571, 0.15069855584038627, 0.14337929089864096, 0.15039326084984672]}