target,prediction
-0.9654311537742615, -1.0
-0.7682875394821167, -1.0
-1.5390583276748657, -1.0
-0.9266866445541382, -0.6700854897499084
-1.1157691478729248, -0.6376068592071533
-0.5696338415145874, -1.0
-0.16281569004058838, -0.5811966061592102
-0.8005883693695068, -0.3504273593425751
-0.745620608329773, -0.5897436141967773
