target,prediction
-0.13113562762737274, -0.3742330074310303
-0.5543681383132935, 0.020833097398281097
-0.9156752228736877, -0.5065705180168152
0.13845717906951904, 0.210304394364357
-0.6845123767852783, -0.4882643222808838
-0.3473171889781952, 0.30756133794784546
-0.39446505904197693, 0.21211561560630798
-1.0009654760360718, -0.4152171015739441
-0.8240851759910583, -0.4829823076725006
