target,prediction
-0.3408108949661255, 0.2624625861644745
-0.2023417353630066, -0.1347503960132599
-0.20828750729560852, 0.33375921845436096
-0.410291850566864, 0.028463594615459442
0.06883417814970016, 0.23016135394573212
0.041630350053310394, 0.028463594615459442
-0.28942254185676575, -0.20604702830314636
-0.2506130039691925, 0.1537250280380249
0.009698353707790375, 0.11716976016759872
