target,prediction
-0.16389256715774536, -1.0
-0.848139762878418, -1.0
-0.7555416822433472, -0.3272024095058441
-0.7449705004692078, -0.8312348127365112
-0.27348124980926514, -0.2734847664833069
-0.24180954694747925, -1.0
-0.8642164468765259, -0.9985392689704895
-0.5799475908279419, -0.4627823829650879
-0.22225239872932434, -1.0
