target,prediction
-0.1785920262336731, -1.0
-0.39557355642318726, -0.8085470199584961
-0.5456214547157288, -1.0
-0.7103142738342285, -1.0
-0.772951066493988, -1.0
-0.9674816131591797, -1.0
-0.8211850523948669, -1.0
-0.11273539066314697, -1.0
-0.2901194393634796, 0.11623931676149368
