target,prediction
-1.002375841140747, -0.9921730756759644
-0.8705376982688904, -0.8899502754211426
-0.884376049041748, -0.5835279822349548
-0.870215117931366, -0.9991704225540161
-0.835974931716919, -0.89494389295578
-0.8058754801750183, -0.969939112663269
-1.0654144287109375, -0.9870376586914062
-0.9409497976303101, -0.9881988763809204
-0.8701968193054199, -0.9948689341545105
