target,prediction
-1.2488751411437988, -0.9921653866767883
-0.9302868843078613, -0.9227421283721924
-1.0561820268630981, -0.9373956918716431
-1.0902215242385864, -0.9708378911018372
-1.1399497985839844, -0.9087414145469666
-1.1518487930297852, -0.9991294741630554
-0.8959332704544067, -0.8887196183204651
-1.2061138153076172, -0.8494740724563599
-1.0016584396362305, -0.9417482614517212
