{"loss": [0.30179816484451294, 0.20728862285614014, 0.11637107282876968, 0.05611097812652588, 0.023937378078699112, 0.02219145931303501, 0.006185869220644236, 0.001958696637302637, 0.0005746613023802638, 2.6574916773824953e-05, 0.000678309123031795, 0.001408993499353528, 0.0072796237654984, 0.004147753585129976, 0.0032638548873364925, 0.010998308658599854, 0.009936032816767693, 0.0053419326432049274, 0.0050987666472792625, 0.008523174561560154, 0.007624693680554628, 0.0060446495190262794, 0.011450108140707016, 0.002603833796456456, 0.0009356859955005348, 0.0038613113574683666, 0.0021995236165821552, 0.0023979893885552883, 0.006249723024666309, 0.013152812607586384, 0.005834917537868023, 0.005475700367242098, 0.00046377844410017133, 0.007341339718550444, 0.012384225614368916, 0.0070922342129051685, 0.007288587279617786, 0.00289793498814106, 0.004803753457963467, 0.006947461515665054, 0.0031800996512174606, 0.0026636344846338034, 0.0009066875791177154, 0.0004637168312910944, 0.005427738651633263, 0.007663507480174303, 0.018013330176472664, 0.016203777864575386, 0.007908727042376995, 0.007655035704374313, 0.012769250199198723, 0.01721530593931675, 0.007044777739793062, 0.01107726152986288, 0.0015466524055227637, 0.0025120677892118692, 0.0056952848099172115, 0.0015451665967702866, 0.007318039424717426, 0.01383935660123825], "mae": [0.5493615865707397, 0.4552896022796631, 0.3411320447921753, 0.23687756061553955, 0.1547170877456665, 0.14896798133850098, 0.07865029573440552, 0.044257164001464844, 0.02397209405899048, 0.005155086517333984, 0.026044368743896484, 0.037536561489105225, 0.08532071113586426, 0.06440305709838867, 0.05713015794754028, 0.10487282276153564, 0.09967964887619019, 0.07308852672576904, 0.07140564918518066, 0.09232103824615479, 0.08731949329376221, 0.07774734497070312, 0.10700517892837524, 0.051027774810791016, 0.030588984489440918, 0.06213945150375366, 0.04689908027648926, 0.048969268798828125, 0.07905519008636475, 0.11468571424484253, 0.07638663053512573, 0.07399797439575195, 0.021535515785217285, 0.08568161725997925, 0.11128443479537964, 0.08421540260314941, 0.08537322282791138, 0.05383247137069702, 0.06930911540985107, 0.08335143327713013, 0.0563923716545105, 0.05161041021347046, 0.030111253261566162, 0.021534085273742676, 0.07367318868637085, 0.08754146099090576, 0.13421374559402466, 0.12729406356811523, 0.08893102407455444, 0.08749306201934814, 0.11300110816955566, 0.13120710849761963, 0.08393317461013794, 0.10524857044219971, 0.03932750225067139, 0.050120532512664795, 0.07546710968017578, 0.03930860757827759, 0.08554553985595703, 0.11764079332351685]}