{"loss": [0.5426993899875217, 0.42011894120110405, 0.3179307248857286, 0.2500601079728868, 0.20595263110266793, 0.19362492031521267, 0.18021534548865425, 0.17801321877373588, 0.1805387470457289, 0.18214601940578884, 0.17908353275722927, 0.17006570763058132, 0.17830905649397108, 0.18279335233900282, 0.1809620459874471, 0.19444484180874294, 0.18308239512973362, 0.18621555964152017, 0.18522899680667454, 0.19511612256368002, 0.18954001532660592, 0.17890437444051108, 0.1936457951863607, 0.17747190263536242, 0.17846323384179008, 0.18997632132636177, 0.17473173141479492, 0.1735332277086046, 0.18072189225090873, 0.18615441852145725, 0.1712395085228814, 0.17142432265811497, 0.17122193177541098, 0.1845114098654853, 0.18781008985307482, 0.1869606441921658, 0.17793505721622044, 0.16772749688890246, 0.1690404150221083, 0.17839947011735705, 0.18285074498918322, 0.17752332157558864, 0.16573911243014866, 0.1630780299504598, 0.1733373006184896, 0.18806264135572645, 0.1968402862548828, 0.19289052486419678, 0.18320692910088432, 0.1750792662302653, 0.1861159404118856, 0.1828155385123359, 0.1764842669169108, 0.17979236443837485, 0.16947584682040745, 0.16589127646552193, 0.16722946696811253, 0.16122457716200086, 0.1731172667609321, 0.1883112457063463], "mae": [0.6528231302897135, 0.567859861585829, 0.4797003534105089, 0.42133307456970215, 0.40192238489786786, 0.3884658283657498, 0.3785053888956706, 0.37434842851426864, 0.3740697701772054, 0.3782240019904243, 0.3764024575551351, 0.3662842909495036, 0.3795570267571343, 0.3878857559627957, 0.38555921448601616, 0.39966901143391925, 0.38512931929694283, 0.39304229948255753, 0.39285919401380753, 0.39945371945699054, 0.3968871699439155, 0.3838486671447754, 0.39829855495029026, 0.38489611943562824, 0.3839287492964003, 0.39509569274054634, 0.38061952590942383, 0.3824970457288954, 0.3858788278367784, 0.3893710242377387, 0.374300479888916, 0.37135643429226345, 0.3746462133195665, 0.387702120674981, 0.3884645567999946, 0.3936928908030192, 0.38656822840372723, 0.37690777248806423, 0.3763016329871284, 0.38781918419731987, 0.39535416497124565, 0.38522492514716256, 0.3768314520517985, 0.37013400925530326, 0.3792947663201226, 0.39672011799282497, 0.40451884269714355, 0.4000803099738227, 0.39087417390611434, 0.3800862630208333, 0.39205384254455566, 0.38396618101331925, 0.3854271041022407, 0.38810417387220597, 0.3834463490380181, 0.37443023257785374, 0.3711455398135715, 0.3711915545993381, 0.3793802526262071, 0.3930951754252116]}