target,prediction
0.31566566228866577, -0.7293646335601807
-2.5190045833587646, -0.7349447011947632
-3.6786141395568848, -0.6774695515632629
0.41450321674346924, -0.7561491131782532
-0.4276617169380188, -0.9572136998176575
0.7912595868110657, -0.9012320041656494
-5.787313938140869, -0.5586131811141968
0.2891782224178314, -0.6456629633903503
0.7387510538101196, 0.2365526407957077
