target,prediction
-0.3116264045238495, -1.0
-0.8488101363182068, -1.0
-0.4355674684047699, -0.7119079828262329
-0.12369649112224579, -0.5273423194885254
0.07561825215816498, 0.08610048145055771
-0.48673656582832336, -0.73801589012146
-1.4090774059295654, -0.9796527028083801
-0.5696628093719482, -1.0
0.2980342507362366, -0.27076902985572815
