target,prediction
-0.8164571523666382, -0.7304806113243103
-0.8096076846122742, -0.7985579967498779
-0.4933844208717346, -0.6685413718223572
-0.8967399597167969, -0.6060441732406616
-0.711083173751831, -0.8392928242683411
-0.2621164917945862, -0.6250165104866028
-0.7613169550895691, -0.9531270861625671
-0.8531098961830139, -0.9497789740562439
-0.4779922068119049, -0.9341546893119812
