target,prediction
-0.07986848056316376, -0.1407439410686493
-0.5176749229431152, -1.0
-0.4191519618034363, -1.0
-0.6066074371337891, -0.7937497496604919
-0.2587491571903229, -0.8054355382919312
-0.937389612197876, -1.0
0.23496225476264954, 0.03954244405031204
-0.445125013589859, -0.7793070673942566
-1.4833991527557373, -1.0
