target,prediction
0.8257393836975098, -0.6598514318466187
1.454763412475586, -0.5583403706550598
0.9108127951622009, -0.3813003599643707
7.315286159515381, 0.362287312746048
4.4927473068237305, 0.38856270909309387
3.5283045768737793, -0.19084984064102173
0.5576247572898865, -0.7445086240768433
1.7903028726577759, -0.3716297447681427
5.005432605743408, 0.27558356523513794
