target,prediction
-0.8802377581596375, -0.951178789138794
-0.8216139078140259, -0.9368153810501099
-1.4788999557495117, -0.8494740724563599
-0.7173330783843994, -0.9773666858673096
-1.2408064603805542, -0.9245556592941284
-1.1019232273101807, -0.9505259394645691
-0.8591711521148682, -0.9788901209831238
-1.469262719154358, -0.9301414489746094
-1.2344859838485718, -0.8605731129646301
