target,prediction
-0.741356372833252, -0.9954615235328674
-0.8195343017578125, -0.9981775879859924
-0.8262690305709839, -0.9981014132499695
-0.9903249740600586, -0.9718270897865295
-0.9056739807128906, -0.9956896305084229
-0.8945909738540649, -0.9583202004432678
-0.9800686240196228, -0.8246792554855347
-0.6693882346153259, -0.8119339346885681
-0.8689759969711304, -0.9829331040382385
