target,prediction
-0.8733476400375366, -0.9742664098739624
-0.40135326981544495, -0.9021643400192261
-0.7049505710601807, -0.9812618494033813
-0.7575453519821167, -0.9987353682518005
-0.7935500144958496, -0.9684217572212219
-0.5943830013275146, -0.9633339643478394
-0.7730896472930908, -0.9731748700141907
-0.7307237386703491, -0.996860921382904
-0.8034725785255432, -0.9991080164909363
