target,prediction
-0.4741634726524353, -0.8231104612350464
-0.6470530033111572, -0.6160411834716797
-0.741611659526825, -0.30918222665786743
-0.5285376310348511, -0.8231104612350464
-0.8707160949707031, -0.6596131920814514
-0.6588747501373291, -0.9771215319633484
-0.9112557768821716, -0.8370607495307922
-0.28669828176498413, -0.9088581800460815
-0.36506974697113037, -0.5251325368881226
