target,prediction
-0.7440744042396545, -0.8231104612350464
-0.41375932097435, -0.8376187682151794
-0.4198603332042694, -0.9854916930198669
-0.46400395035743713, -0.6484529972076416
-0.636705756187439, -0.9296905994415283
-0.13202086091041565, -0.9088581800460815
-0.47695448994636536, -0.8716574311256409
-0.14897291362285614, -0.6121822595596313
-0.6666136384010315, -0.7182043790817261
