target,prediction
-1.049822211265564, -1.0
-0.6023886203765869, -1.0
-0.40152642130851746, -0.3272024095058441
-0.58344966173172, -0.8312348127365112
-0.35169655084609985, -0.2734847664833069
-0.8345915675163269, -1.0
-0.37607818841934204, -0.9985392689704895
-0.8397879600524902, -0.4627823829650879
-1.4932754039764404, -1.0
