target,prediction
-0.7058267593383789, -0.8874830007553101
-0.07036596536636353, -1.0
-0.2142452895641327, -0.4490186274051666
-1.128649115562439, -1.0
-0.40918034315109253, -0.32222360372543335
-1.2455520629882812, -1.0
-0.6903923749923706, -0.9991564750671387
-0.36488455533981323, -0.825042188167572
-0.6281634569168091, -0.6010986566543579
