target,prediction
-0.559648334980011, -0.9666519165039062
-0.6743742823600769, -0.9559298157691956
-0.6446237564086914, -0.9948722124099731
-0.7989306449890137, -0.6135348081588745
-0.4493136703968048, -0.998160183429718
-0.4798744022846222, -0.9916234612464905
-0.32846730947494507, -0.9967668056488037
-0.35727497935295105, -0.999636709690094
-0.25459352135658264, -0.992731511592865
