target,prediction
-0.7512679696083069, -0.05299145355820656
-1.104658842086792, -0.5948718190193176
-1.67333984375, -0.6820513010025024
0.06924066692590714, -0.9572649598121643
-0.4558156132698059, -1.0
-0.4882076680660248, -1.0
-0.9859477281570435, -1.0
-0.7760122418403625, -0.5128205418586731
-0.42153605818748474, -0.8803418874740601
