target,prediction
-1.722658634185791, -0.9528473019599915
-1.908637523651123, -0.9778019785881042
-1.0186598300933838, -0.9350743293762207
-0.6048204898834229, -0.8988755941390991
-0.5590260028839111, -0.9978962540626526
-0.635848879814148, -0.9313746690750122
-1.5005708932876587, -0.9833151698112488
-0.47210565209388733, -0.9360173940658569
-0.5351068377494812, -0.9751904010772705
