target,prediction
0.6350598335266113, 0.38856270909309387
-0.1832457035779953, -0.5583403706550598
-1.0352745056152344, -0.3716297447681427
-1.0612512826919556, -0.6598514318466187
-0.6937333345413208, -0.7445086240768433
-0.45735031366348267, -0.19084984064102173
0.5624172687530518, 0.362287312746048
1.183842420578003, 0.27558356523513794
-0.8637222051620483, -0.3813003599643707
