target,prediction
-0.885556161403656, -0.9313021302223206
-0.9876440763473511, -0.43692418932914734
-1.5475951433181763, -0.9955023527145386
-0.6487194895744324, -0.4585418999195099
-0.522397518157959, -0.9379035234451294
-0.9731349945068359, -0.7244831323623657
-0.8681662082672119, -0.9323177337646484
-1.449561595916748, -0.9270220994949341
-0.8372759819030762, -0.7849836945533752
