target,prediction
-0.8229203820228577, -0.3742330074310303
-2.1301841735839844, 0.020833097398281097
-0.4337422847747803, -0.5065705180168152
0.23662416636943817, 0.210304394364357
-0.4389351010322571, -0.4882643222808838
-0.5880009531974792, 0.30756133794784546
-0.9776554703712463, 0.21211561560630798
-0.6214450597763062, -0.4152171015739441
-0.725566029548645, -0.4829823076725006
