target,prediction
-0.5714227557182312, -0.8231104612350464
-0.44307687878608704, -0.8376187682151794
-0.7786917090415955, -0.9854916930198669
-0.8300254344940186, -0.6484529972076416
-0.8900883197784424, -0.9296905994415283
-0.6518336534500122, -0.9088581800460815
-0.7653831839561462, -0.8716574311256409
-0.6088736653327942, -0.6121822595596313
-0.4361666738986969, -0.7182043790817261
