target,prediction
-0.28892382979393005, -0.05299145355820656
-1.1316688060760498, -0.5948718190193176
-0.6052541136741638, -0.6820513010025024
-1.1810269355773926, -0.9572649598121643
-1.5274287462234497, -1.0
-1.3853358030319214, -1.0
-1.3374665975570679, -1.0
-0.41406136751174927, -0.5128205418586731
-0.9957740902900696, -0.8803418874740601
