target,prediction
-0.9496959447860718, -0.9528473019599915
-0.9253585934638977, -0.9778019785881042
-0.6846440434455872, -0.9350743293762207
-1.0065770149230957, -0.8988755941390991
-0.9001739025115967, -0.9978962540626526
-0.9896442890167236, -0.9313746690750122
-0.9644356966018677, -0.9833151698112488
-1.0854418277740479, -0.9360173940658569
-1.1281477212905884, -0.9751904010772705
