target,prediction
-0.2972046434879303, -0.9708378911018372
-1.0045305490493774, -0.9227421283721924
-1.1491672992706299, -0.9417482614517212
-0.9519103169441223, -0.8887196183204651
-0.6317471861839294, -0.9921653866767883
-2.1223835945129395, -0.9991294741630554
-2.1596434116363525, -0.9087414145469666
0.42449674010276794, -0.9373956918716431
-1.3863290548324585, -0.8494740724563599
