target,prediction
-0.5238276720046997, -0.8231104612350464
-1.1945732831954956, -0.6160411834716797
-0.391270250082016, -0.30918222665786743
-0.3222970962524414, -0.8231104612350464
-0.5471329092979431, -0.6596131920814514
-0.28299206495285034, -0.9771215319633484
-0.49867478013038635, -0.8370607495307922
-0.4018518030643463, -0.9088581800460815
-0.43963101506233215, -0.5251325368881226
