target,prediction
-0.85495525598526, -1.0
-0.7513611316680908, -0.8085470199584961
-0.9214738011360168, -1.0
-0.9229081273078918, -1.0
-0.9812807440757751, -1.0
-1.076838731765747, -1.0
-1.0088673830032349, -1.0
-0.8879193663597107, -1.0
-0.5574273467063904, 0.11623931676149368
