target,prediction
-0.9992063641548157, -0.3742330074310303
-2.0624513626098633, 0.020833097398281097
-0.5764076113700867, -0.5065705180168152
-1.5346029996871948, 0.210304394364357
-0.5525112152099609, -0.4882643222808838
-0.13921943306922913, 0.30756133794784546
-2.637315511703491, 0.21211561560630798
-0.7563587427139282, -0.4152171015739441
-0.8041512966156006, -0.4829823076725006
