target,prediction
-0.6196815371513367, -0.9921653866767883
-0.6954911947250366, -0.9227421283721924
-0.9407299160957336, -0.9373956918716431
-0.6098595857620239, -0.9708378911018372
-0.9549464583396912, -0.9087414145469666
-0.4542332589626312, -0.9991294741630554
-1.0691241025924683, -0.8887196183204651
-0.8622370362281799, -0.8494740724563599
-0.6134358048439026, -0.9417482614517212
