target,prediction
-0.07962201535701752, -0.05526835843920708
-0.24604524672031403, 0.27607858180999756
-0.06771261990070343, 0.1340722143650055
-0.14798139035701752, 0.07051590830087662
-0.26532164216041565, -0.36626264452934265
0.11886279284954071, 0.09135323017835617
0.0022805146872997284, -0.3225890100002289
-0.19929708540439606, -0.011566655710339546
-0.013968486338853836, 0.09034882485866547
