target,prediction
-0.5247765183448792, -1.0
-0.6881424188613892, -1.0
-1.1085251569747925, -1.0
-0.855480968952179, -0.6700854897499084
-0.9235896468162537, -0.6376068592071533
-0.6328039765357971, -1.0
-1.0572223663330078, -0.5811966061592102
-0.13551712036132812, -0.3504273593425751
-0.5154609084129333, -0.5897436141967773
