{"loss": [0.2957269847393036, 0.1805369108915329, 0.1353350728750229, 0.13916824758052826, 0.16774849593639374, 0.17450624704360962, 0.15637744963169098, 0.13981127738952637, 0.1240081712603569, 0.12055154889822006, 0.1370444893836975, 0.1473502814769745, 0.14812973141670227, 0.13851994276046753, 0.12995100021362305, 0.13228820264339447, 0.13929162919521332, 0.13408657908439636, 0.13359110057353973, 0.12770387530326843, 0.1345812976360321, 0.1330161839723587, 0.1299464851617813, 0.12658624351024628, 0.11048034578561783, 0.11914275586605072, 0.13823701441287994, 0.1390255242586136, 0.13948954641819, 0.14397621154785156, 0.1390230804681778, 0.129081130027771, 0.12274497002363205, 0.12363608926534653, 0.12047738581895828, 0.1174214780330658, 0.13974443078041077, 0.13717617094516754, 0.13299432396888733, 0.133534774184227, 0.11722246557474136, 0.12095299363136292, 0.12009432911872864, 0.14332374930381775, 0.10397657006978989, 0.13852956891059875, 0.13120387494564056, 0.040350545197725296, 0.23188699781894684, 0.094399094581604, 0.19566327333450317, 0.17935790121555328, 0.06290985643863678, 0.15539422631263733, 0.18140500783920288, 0.09059447050094604, 0.07247593998908997, 0.08152154088020325, 0.182833731174469, 0.14188523590564728, 0.02998300828039646, 0.04627031460404396, 0.2511645257472992, 0.04750996455550194, 0.12321916967630386, 0.25569286942481995, 0.10660505294799805, 0.11420165747404099, 0.0972139984369278, 0.10810279101133347, 0.15751466155052185, 0.16376538574695587, 0.14667198061943054, 0.12738700211048126, 0.12433590739965439, 0.12156952917575836, 0.13051654398441315, 0.13633662462234497, 0.13457731902599335, 0.12777826189994812, 0.12587279081344604, 0.13916419446468353, 0.1193445473909378, 0.11282705515623093, 0.1212073564529419, 0.1282535344362259, 0.12246772646903992, 0.11669805645942688, 0.11885053664445877, 0.1355603188276291, 0.13904787600040436, 0.14271247386932373, 0.11701888591051102, 0.1382492482662201, 0.12789002060890198, 0.08760633319616318, 0.13573919236660004, 0.17841662466526031, 0.08758604526519775, 0.18248717486858368, 0.09870616346597672, 0.25414472818374634, 0.174332395195961, 0.11176608502864838, 0.16174089908599854, 0.11791738122701645, 0.11295037716627121, 0.19215674698352814, 0.17053402960300446, 0.1422985941171646, 0.12790793180465698], "mae": [0.543807864189148, 0.42489635944366455, 0.36787915229797363, 0.37305259704589844, 0.40957111120224, 0.4177394509315491, 0.39544588327407837, 0.3739134669303894, 0.3521479368209839, 0.34720534086227417, 0.370195209980011, 0.38386231660842896, 0.3848762512207031, 0.3721826672554016, 0.360487163066864, 0.36371445655822754, 0.37321794033050537, 0.36617833375930786, 0.36550116539001465, 0.3573567867279053, 0.3668532371520996, 0.3647138476371765, 0.3604809045791626, 0.3557896018028259, 0.3323858380317688, 0.34517061710357666, 0.3718023896217346, 0.37286126613616943, 0.37348300218582153, 0.3794419765472412, 0.3728579878807068, 0.3592786192893982, 0.3503497838973999, 0.35161924362182617, 0.34709852933883667, 0.34266817569732666, 0.3738240599632263, 0.370373010635376, 0.3646838665008545, 0.36542409658432007, 0.3423776626586914, 0.3477829694747925, 0.3465462923049927, 0.3785812258720398, 0.32245397567749023, 0.37219560146331787, 0.36222076416015625, 0.2008744478225708, 0.48154646158218384, 0.30724436044692993, 0.44233840703964233, 0.4235066771507263, 0.2508183717727661, 0.39420074224472046, 0.4259166717529297, 0.30098915100097656, 0.26921355724334717, 0.2855197787284851, 0.42759060859680176, 0.3766765594482422, 0.1731560230255127, 0.2151053547859192, 0.5011631846427917, 0.21796780824661255, 0.35102587938308716, 0.5056608319282532, 0.32650429010391235, 0.3379373550415039, 0.3117915987968445, 0.3287898898124695, 0.3968811631202698, 0.4046793580055237, 0.38297778367996216, 0.35691314935684204, 0.3526129722595215, 0.3486682176589966, 0.3612707257270813, 0.36923789978027344, 0.36684781312942505, 0.3574608564376831, 0.3547855615615845, 0.3730471730232239, 0.3454627990722656, 0.33589738607406616, 0.3481484651565552, 0.3581250309944153, 0.34995388984680176, 0.34161096811294556, 0.34474706649780273, 0.3681851625442505, 0.37289124727249146, 0.3777730464935303, 0.3420802354812622, 0.3718188405036926, 0.3576171398162842, 0.2959836721420288, 0.36842799186706543, 0.42239391803741455, 0.29594939947128296, 0.42718517780303955, 0.3141753673553467, 0.5041276812553406, 0.4175313115119934, 0.33431434631347656, 0.40217024087905884, 0.3433910012245178, 0.3360809087753296, 0.438356876373291, 0.41295766830444336, 0.377224862575531, 0.35764217376708984]}