{"loss": [0.1000714831882053, 0.08385383420520359, 0.07891682783762614, 0.07712537712521023, 0.07898116111755371, 0.0773382584253947, 0.07441464397642347, 0.07622553242577447, 0.07677457729975383, 0.07761012183295356, 0.07637208037906223, 0.0726895531018575, 0.0733222828971015, 0.0761789149708218, 0.07472601201799181, 0.07639179627100627, 0.07342816061443752, 0.07537609338760376, 0.07589205106099446, 0.07504151927100287, 0.07654442389806111, 0.07438680198457506, 0.07556718587875366, 0.07519624630610149, 0.07423234648174709, 0.0749036471048991, 0.07428048054377238, 0.07573381397459242, 0.07386425468656752, 0.07385384374194676, 0.07245206832885742, 0.07173764705657959, 0.07278424501419067, 0.07309126191669041, 0.07116123040517171, 0.07253321011861165, 0.0728882286283705, 0.07233258088429768, 0.07337939739227295, 0.07278286748462254, 0.07353418403201634, 0.07095552153057522, 0.07271948787901136, 0.07328815592659844, 0.06862512562010023, 0.07138275437884861, 0.07213299804263645, 0.0721359650293986, 0.08958021799723308, 0.06655466556549072, 0.08115904198752509, 0.07343211438920763, 0.061279356479644775, 0.06277724107106526, 0.06857081916597155, 0.051788661215040416, 0.050057546959982976, 0.04947441816329956, 0.06763452291488647, 0.054098665714263916, 0.056490692827436656, 0.049255311489105225, 0.08479740222295125, 0.048322866360346474, 0.04585952560106913, 0.0669108894136217, 0.04324576589796278, 0.03954490688112047, 0.03751449121369256, 0.036787592702441745, 0.03973661528693305, 0.04097645481427511, 0.038528382778167725, 0.03610808650652567, 0.036332534419165716, 0.03648789061440362, 0.037416686614354454, 0.037993666198518544, 0.03810506396823459, 0.03825675447781881, 0.03607059518496195, 0.038648777537875705, 0.03553161687321133, 0.03500585092438592, 0.03515374329355028, 0.036063465807172984, 0.03522519932852851, 0.03547528386116028, 0.03629391723208957, 0.03866341047816806, 0.03854395614729987, 0.03893704877959357, 0.03569156593746609, 0.03987071580357022, 0.03707666529549493, 0.035214016834894814, 0.04023278752962748, 0.05164992809295654, 0.03693341215451559, 0.05856257677078247, 0.03590635127491421, 0.06711963812510173, 0.03562104039722019, 0.03079863389333089, 0.03504945834477743, 0.029571655723783705, 0.029882172743479412, 0.04549330804083082, 0.03962303863631354, 0.03919229904810587, 0.03987783193588257], "mae": [0.2176123725043403, 0.2398254076639811, 0.241431819068061, 0.23336434364318848, 0.2237230141957601, 0.21167002783881295, 0.22009587287902832, 0.232794099383884, 0.23704033427768284, 0.23823308944702148, 0.22968339920043945, 0.21696596675448948, 0.21496866808997261, 0.22467003928290474, 0.22304185231526694, 0.22484011120266384, 0.21925486458672416, 0.22634506225585938, 0.22747325897216797, 0.22960718472798666, 0.22664790683322483, 0.2226907942030165, 0.22265161408318412, 0.22503564092848036, 0.22607750362820095, 0.22913882467481825, 0.22097575664520264, 0.22419563929239908, 0.21644565794203016, 0.21297147538926867, 0.2122175693511963, 0.21199203862084282, 0.21687637435065377, 0.22317038642035592, 0.21524010764227974, 0.22496975792778862, 0.21548435423109266, 0.21839695506625706, 0.22235420015123156, 0.22303673956129286, 0.22767127884758842, 0.21814081403944227, 0.22052190038892958, 0.21204855706956652, 0.21059053474002415, 0.2079432937833998, 0.2129507859547933, 0.23341870307922363, 0.21931258837381998, 0.2155294550789727, 0.20840899149576822, 0.19414900408850777, 0.2171743843290541, 0.18863756126827663, 0.1889438894059923, 0.19031218687693277, 0.19293051295810276, 0.18933885627322727, 0.18492243025037977, 0.1717202795876397, 0.20213778813680014, 0.18693990177578396, 0.2152272860209147, 0.19383692741394043, 0.1735292010837131, 0.19926230112711588, 0.17394484413994682, 0.1671019262737698, 0.16561443275875515, 0.16477829880184597, 0.15703150961134169, 0.15545988082885742, 0.1509926054212782, 0.14896766344706217, 0.1475768354203966, 0.1456902821858724, 0.14696739779578316, 0.14570587211185032, 0.1492253409491645, 0.15061299006144205, 0.1458601156870524, 0.14755437109205458, 0.1470080746544732, 0.14621814092000326, 0.14621085590786403, 0.14584014150831434, 0.14711063437991673, 0.14840141932169595, 0.14878304799397787, 0.15388886133829752, 0.15290417936113146, 0.1519740422566732, 0.14560002750820583, 0.15090338389078775, 0.14790863460964626, 0.1516804960038927, 0.15433304839664036, 0.17268111970689562, 0.14769846863216823, 0.1826955344941881, 0.14676294061872694, 0.20495940579308403, 0.14258244302537706, 0.14326330025990805, 0.13293968306647408, 0.1377180682288276, 0.13932793670230442, 0.15760862827301025, 0.15863521893819174, 0.16860038704342312, 0.16585234800974527]}