target,prediction
-0.603836715221405, -0.9921653866767883
-1.1790677309036255, -0.9227421283721924
-0.8020079135894775, -0.9373956918716431
-0.7310811877250671, -0.9708378911018372
-0.6952519416809082, -0.9087414145469666
-0.711444079875946, -0.9991294741630554
-0.8216899633407593, -0.8887196183204651
-0.4855833947658539, -0.8494740724563599
-0.7202987670898438, -0.9417482614517212
