target,prediction
-0.8589250445365906, -0.8231104612350464
-0.9026365876197815, -0.8376187682151794
-0.7604544162750244, -0.9854916930198669
-0.7348891496658325, -0.6484529972076416
-1.2865040302276611, -0.9296905994415283
-0.7848384976387024, -0.9088581800460815
-0.7455089092254639, -0.8716574311256409
-0.6789675354957581, -0.6121822595596313
-0.4338668882846832, -0.7182043790817261
