target,prediction
-0.22768160700798035, -0.31945016980171204
-0.3769950866699219, -0.34761562943458557
-0.685256838798523, -0.38641995191574097
0.007962353527545929, 0.24695047736167908
-0.05024834722280502, 0.017631417140364647
-0.5105656385421753, -0.09679259359836578
-0.4936673641204834, 0.2477288693189621
-0.6113758683204651, -0.3944125175476074
-0.59797203540802, -0.39101624488830566
