target,prediction
-4.912146091461182, -0.8988755941390991
-1.1616418361663818, -0.9778019785881042
-2.7557566165924072, -0.9751904010772705
-0.9974523186683655, -0.9833151698112488
0.07326440513134003, -0.9528473019599915
-2.584458112716675, -0.9313746690750122
-3.4601919651031494, -0.9978962540626526
-5.9273247718811035, -0.9350743293762207
-1.9327991008758545, -0.9360173940658569
