target,prediction
-1.1099436283111572, -1.0
-0.8137220740318298, -0.8085470199584961
-0.08231469988822937, -1.0
-0.24596592783927917, -1.0
-0.5109094381332397, -1.0
-0.2224075049161911, -1.0
-0.3817484974861145, -1.0
-0.203254833817482, -1.0
-0.6773378849029541, 0.11623931676149368
