{"loss": [1.0397745370864868, 0.8448673486709595, 0.6491163372993469, 0.49725520610809326, 0.362028568983078, 0.2519359588623047, 0.1673216074705124, 0.09343621134757996, 0.047797251492738724, 0.028932929039001465, 0.018840361386537552, 0.0150010846555233, 0.012006958946585655, 0.010645326226949692, 0.009350358508527279, 0.008448902517557144, 0.010489302687346935, 0.008771895430982113, 0.005499542690813541, 0.007164429873228073, 0.005736475810408592, 0.005232112016528845, 0.008463057689368725, 0.006152136716991663, 0.005702955648303032, 0.005754780024290085, 0.004775554407387972, 0.006070432253181934, 0.005272019188851118, 0.0044133481569588184, 0.004060334991663694, 0.004292242228984833, 0.003436969593167305, 0.0037435952108353376, 0.0037566907703876495, 0.0041158124804496765, 0.0038018054328858852, 0.003811768488958478, 0.0049332790076732635, 0.006105187349021435, 0.006130241323262453, 0.004838293418288231, 0.008127080276608467, 0.005899873562157154, 0.005617625080049038, 0.004453625995665789, 0.00680560665205121, 0.00478710699826479, 0.0037641217932105064, 0.0052373153157532215, 0.0037956293672323227, 0.007438900880515575, 0.006206916645169258, 0.006024545524269342, 0.0045404681004583836, 0.003611347870901227, 0.0051691182889044285, 0.004878126084804535, 0.006237529683858156, 0.00547212827950716, 0.003990539349615574, 0.005217336118221283, 0.0065380590967834, 0.005622453056275845, 0.005595719441771507, 0.006800041068345308, 0.006321643013507128, 0.012926194816827774, 0.003948778845369816, 0.0038719018921256065, 0.005709951743483543, 0.006299925502389669, 0.005046773701906204, 0.004213288426399231, 0.0039931004866957664, 0.005244607105851173, 0.0064100297167897224, 0.004830715246498585, 0.00572365615516901, 0.01931246742606163, 0.020363353192806244, 0.00340100284665823, 0.004557047970592976, 0.007831243798136711, 0.004896261729300022, 0.00510879373177886, 0.006390068680047989, 0.004391332156956196, 0.006014038342982531, 0.00422590970993042, 0.0053128767758607864, 0.003634826745837927, 0.00419506523758173, 0.003861512988805771, 0.0036180794704705477, 0.00332063902169466, 0.0032656462863087654, 0.004372113384306431, 0.005507075227797031], "mae": [0.9827533960342407, 0.8841777443885803, 0.7814388871192932, 0.6861505508422852, 0.5842857360839844, 0.4834136962890625, 0.38884973526000977, 0.2825804650783539, 0.18201084434986115, 0.13439077138900757, 0.10963993519544601, 0.09971660375595093, 0.0878479927778244, 0.07850055396556854, 0.06893469393253326, 0.06307308375835419, 0.06772348284721375, 0.05974287912249565, 0.051171232014894485, 0.05365600809454918, 0.05327928811311722, 0.05540328472852707, 0.062492940574884415, 0.050211887806653976, 0.047171447426080704, 0.047608815133571625, 0.049421630799770355, 0.05150795355439186, 0.046307049691677094, 0.0469864122569561, 0.04248803108930588, 0.04619856923818588, 0.04016707092523575, 0.04481661692261696, 0.04312790185213089, 0.04527068883180618, 0.04341144859790802, 0.03885890170931816, 0.05458950996398926, 0.05817975476384163, 0.058751627802848816, 0.052853234112262726, 0.07212912291288376, 0.049616143107414246, 0.04716799035668373, 0.04177704080939293, 0.061465248465538025, 0.04862074926495552, 0.03753465414047241, 0.05329534038901329, 0.041602764278650284, 0.06718437373638153, 0.061351846903562546, 0.05442946404218674, 0.04660234600305557, 0.03881461173295975, 0.05140223354101181, 0.046690210700035095, 0.05614291504025459, 0.05044497922062874, 0.04089706018567085, 0.06239935755729675, 0.06146205589175224, 0.060788750648498535, 0.05435658618807793, 0.06400866061449051, 0.06803424656391144, 0.10272948443889618, 0.04439019039273262, 0.039591990411281586, 0.05729634314775467, 0.05568365007638931, 0.04490020126104355, 0.04932808876037598, 0.050523437559604645, 0.051961638033390045, 0.06012437492609024, 0.04842747375369072, 0.05600215867161751, 0.12796024978160858, 0.1321776658296585, 0.04368617385625839, 0.03945118933916092, 0.072487473487854, 0.0451270155608654, 0.05511640012264252, 0.05401858687400818, 0.04311886429786682, 0.06303340196609497, 0.0435127392411232, 0.054805777966976166, 0.04023335501551628, 0.053898222744464874, 0.04738326743245125, 0.04079271852970123, 0.03945166990160942, 0.03920796513557434, 0.04350031167268753, 0.066868856549263]}