{"loss": [0.7694761102849786, 0.6157714236866344, 0.47956397316672583, 0.3821991140192205, 0.2972753481431441, 0.2258141040802002, 0.17596767165444113, 0.12510644305836072, 0.09778137640519576, 0.07683237574317238, 0.06271853230216286, 0.054731244390661064, 0.04919438470493664, 0.045945368029854515, 0.042024178938432175, 0.037840929898348724, 0.03985016725280068, 0.03556061061945828, 0.030019472945820202, 0.028970675034956497, 0.02621693502772938, 0.023929184133356266, 0.02270429784601385, 0.018628595904870468, 0.01699649745767767, 0.015018571506847034, 0.012566960670731285, 0.011396375569430265, 0.009510543536056171, 0.007714011452414773, 0.006747577000748028, 0.0062387111512097445, 0.0052890618416396055, 0.005083339458162134, 0.004742081531069495, 0.005197835578159852, 0.0032742131840098987, 0.0030994313684376803, 0.00425402278249914, 0.0033583641052246094, 0.0034180808473717084, 0.004226927730170163, 0.0044930489225821066, 0.003255582329901782, 0.0029724836349487305, 0.0036401240663094954, 0.003086878833445636, 0.00208336589011279, 0.0021967879411849108, 0.001922532238743522, 0.0018500648438930511, 0.0024196578359062023, 0.0025969401679255748, 0.0017521696334535425, 0.0019374379718845541, 0.0012457078661430967, 0.0014602758667685769, 0.0017677855423905633, 0.0013428606431592595, 0.0016161103478886864, 0.0009544873610138893, 0.003320782699368217, 0.0014508187093517997, 0.002850847826762633, 0.0010213702917099, 0.0014284605329686945, 0.003512572835792195, 0.005395078184929761, 0.0014532994140278208, 0.0012566164474595678, 0.0015081207860599864, 0.0010739081454547968, 0.0010927302593534644, 0.0016581930897452614, 0.0016403653743592176, 0.0007903464985164729, 0.0010600027374245904, 0.0015201632949438963, 0.001358804970302365, 0.008198638531294737, 0.009450839324430986, 0.003185586834495718, 0.000997463325885209, 0.0020219302651557055, 0.0006612389433113011, 0.0015874398364262147, 0.0017773102630268443, 0.0022288870743729853, 0.00148830461231145, 0.0010253703221678734, 0.0014968930997631767, 0.001840966838327321, 0.002061561258001761, 0.0018372339281168852, 0.0016394687647169287, 0.001119052567942576, 0.0012907448478720405, 0.001246246255256913, 0.00465187125585296], "mae": [0.8148028633811257, 0.7183161648837003, 0.6229680234735663, 0.5470099449157715, 0.47280177203091706, 0.4045660712502219, 0.3441377119584517, 0.2721857157620517, 0.2172579982063987, 0.18236526575955478, 0.16582002423026346, 0.15849850394509055, 0.15310027382590555, 0.14857635714791037, 0.14083980430256238, 0.13575899600982666, 0.14249010519547897, 0.13239031488245184, 0.11589537967335094, 0.11654383485967462, 0.10834549773823131, 0.10518761114640669, 0.10703835704109886, 0.09154068339954723, 0.08713151108134877, 0.08327693830836903, 0.07590406049381603, 0.07463533228093927, 0.0667657960544933, 0.06144635243849321, 0.05602936311201616, 0.05600728230042891, 0.051729001782157204, 0.04728299921209162, 0.045080396262082184, 0.05094755779613148, 0.037192176688801155, 0.03902623599225825, 0.052424040707674896, 0.040277012369849464, 0.0384522866119038, 0.050155076113614167, 0.05169713497161865, 0.03572656891562722, 0.0327857028354298, 0.04669962146065452, 0.04010171240026301, 0.027609112587842075, 0.03264873407103799, 0.031322663480585274, 0.03247601877559315, 0.035617191683162346, 0.03791108456524936, 0.028859813104976307, 0.0346786921674555, 0.027059056542136452, 0.028080398386174984, 0.035849638960578224, 0.028545065359635788, 0.02799467606977983, 0.023358540101484818, 0.04929804801940918, 0.03013094717806036, 0.0457918102091009, 0.02641434832052751, 0.030920421535318546, 0.05162155628204346, 0.06553187695416537, 0.031543162736025726, 0.025306723334572533, 0.03112337264147672, 0.02503125775944103, 0.026498371904546566, 0.03344534743915905, 0.0341830849647522, 0.022949061610481956, 0.027205312793905086, 0.02503200281750072, 0.02895487980409102, 0.0830650654706088, 0.0842512845993042, 0.04687696695327759, 0.023475950414484196, 0.03941577131097967, 0.01984892243688757, 0.03546395085074685, 0.03118193962357261, 0.03839708458293568, 0.03280762108889493, 0.021820829673246903, 0.03194378722797741, 0.030984233726154674, 0.04001318866556341, 0.038457718762484466, 0.027595330368388783, 0.02766381339593367, 0.028741297396746548, 0.027730608528310604, 0.06166498227552934]}