target,prediction
-0.8821735978126526, -0.9572136998176575
-0.6634307503700256, -0.7349447011947632
-0.9097638130187988, -0.6456629633903503
-0.6085336804389954, -0.7293646335601807
-0.8140034675598145, -0.5586131811141968
-1.0021717548370361, -0.9012320041656494
-0.8920117020606995, -0.7561491131782532
0.1593094915151596, 0.2365526407957077
-0.3291991949081421, -0.6774695515632629
