target,prediction
-0.2534666061401367, -0.1407439410686493
-0.09538094699382782, -1.0
-0.5311042666435242, -1.0
0.19233986735343933, -0.7937497496604919
-0.16401547193527222, -0.8054355382919312
-0.28503814339637756, -1.0
-0.43282026052474976, 0.03954244405031204
-0.8734873533248901, -0.7793070673942566
-0.6258253455162048, -1.0
