target,prediction
-0.33700263500213623, -0.7304806113243103
-0.6023027300834656, -0.7985579967498779
-0.692390501499176, -0.6685413718223572
-0.48773810267448425, -0.6060441732406616
-0.6706838011741638, -0.8392928242683411
-0.24340173602104187, -0.6250165104866028
-0.6540565490722656, -0.9531270861625671
-0.21452376246452332, -0.9497789740562439
-0.511573314666748, -0.9341546893119812
