target,prediction
-0.36337965726852417, 0.2624625861644745
-0.34614935517311096, -0.1347503960132599
-0.004562389105558395, 0.33375921845436096
-0.5110282301902771, 0.028463594615459442
0.2858788073062897, 0.23016135394573212
0.1733897477388382, 0.028463594615459442
-0.43510037660598755, -0.20604702830314636
-0.2608153820037842, 0.1537250280380249
-0.062116872519254684, 0.11716976016759872
