target,prediction
-0.9537283778190613, -0.9325353503227234
-0.8324905633926392, -0.9735219478607178
-1.2222330570220947, -0.889154851436615
-0.7214269638061523, -0.987232506275177
-1.3266887664794922, -0.9599564671516418
-0.7532027363777161, -0.9755531549453735
-0.9609927535057068, -0.9994922280311584
-0.6632013916969299, -0.9721436500549316
-0.6922891736030579, -0.9261516332626343
