target,prediction
1.1053626537322998, 0.04099501296877861
0.22023606300354004, 0.2562583088874817
-0.5249045491218567, 0.5375418663024902
-0.27834948897361755, 0.09719386696815491
-0.5381749272346497, 0.2685486972332001
-0.42709672451019287, -0.15679432451725006
0.6646755933761597, 0.20174172520637512
0.14635860919952393, -0.2643006145954132
-0.3178367614746094, 0.5452412962913513
