target,prediction
0.35586223006248474, -0.05526835843920708
-0.1788337528705597, 0.27607858180999756
0.06559032946825027, 0.1340722143650055
0.6259569525718689, 0.07051590830087662
-0.1641753911972046, -0.36626264452934265
-0.12817880511283875, 0.09135323017835617
-0.2564765512943268, -0.3225890100002289
0.547426164150238, -0.011566655710339546
0.270497590303421, 0.09034882485866547
