target,prediction
-2.2767715454101562, -0.6484529972076416
-0.023469753563404083, -0.8376187682151794
2.0056955814361572, -0.7182043790817261
-1.6499805450439453, -0.8716574311256409
-0.24049443006515503, -0.8231104612350464
-0.13684743642807007, -0.9088581800460815
-1.372067928314209, -0.9296905994415283
-2.2585911750793457, -0.9854916930198669
0.39839357137680054, -0.6121822595596313
