target,prediction
-0.4323221445083618, -1.0
-1.8070881366729736, -1.0
-0.040299899876117706, -0.7119079828262329
-0.33255937695503235, -0.5273423194885254
-0.2140158712863922, 0.08610048145055771
-0.8005803227424622, -0.73801589012146
-0.9572075605392456, -0.9796527028083801
-0.7460727691650391, -1.0
0.16115587949752808, -0.27076902985572815
