target,prediction
-1.5348788499832153, -0.951178789138794
-0.4631086587905884, -0.9368153810501099
-0.4951828420162201, -0.8494740724563599
-1.6276148557662964, -0.9773666858673096
-0.4834766089916229, -0.9245556592941284
-0.7562025785446167, -0.9505259394645691
-0.7438090443611145, -0.9788901209831238
-0.367836058139801, -0.9301414489746094
-0.49935734272003174, -0.8605731129646301
