target,prediction
0.7952017784118652, -0.3355972468852997
0.5532018542289734, 0.7511199116706848
1.0488017797470093, 0.07588529586791992
0.3891123831272125, 0.015420551411807537
0.15964385867118835, 0.028463594615459442
0.7150466442108154, 0.4232093095779419
0.32970741391181946, 0.06467325985431671
0.7557663917541504, 0.08671718835830688
0.48188653588294983, 0.10733789950609207
