target,prediction
0.6865566372871399, 0.04099501296877861
0.10672341287136078, 0.2562583088874817
-0.4148545265197754, 0.5375418663024902
-0.3942411541938782, 0.09719386696815491
-0.528889536857605, 0.2685486972332001
-0.263887882232666, -0.15679432451725006
0.4466269612312317, 0.20174172520637512
-0.11623577773571014, -0.2643006145954132
-0.21853868663311005, 0.5452412962913513
