target,prediction
-2.157400131225586, -0.9572649598121643
-0.1863716095685959, -0.5948718190193176
-0.09930001199245453, -0.8803418874740601
0.39190924167633057, -1.0
1.7602310180664062, -0.05299145355820656
1.5545846223831177, -1.0
0.6558184027671814, -1.0
-1.7136465311050415, -0.6820513010025024
-0.6456713676452637, -0.5128205418586731
