target,prediction
0.6985630393028259, -0.3355972468852997
1.3610796928405762, 0.7511199116706848
0.11710496246814728, 0.07588529586791992
0.7869143486022949, 0.015420551411807537
0.4382499158382416, 0.028463594615459442
0.5515268445014954, 0.4232093095779419
0.9758185744285583, 0.06467325985431671
0.3879868984222412, 0.08671718835830688
1.1693193912506104, 0.10733789950609207
