target,prediction
-0.08423912525177002, -0.05526835843920708
-0.588638424873352, 0.27607858180999756
-0.40224745869636536, 0.1340722143650055
0.08929556608200073, 0.07051590830087662
-0.2781215012073517, -0.36626264452934265
0.4786272943019867, 0.09135323017835617
0.0466558001935482, -0.3225890100002289
-0.3460389971733093, -0.011566655710339546
0.03321998938918114, 0.09034882485866547
