target,prediction
2.158388137817383, -0.2643006145954132
-0.5343301296234131, 0.04099501296877861
0.8762633800506592, 0.33375921845436096
-0.19228459894657135, 0.2685486972332001
-0.361003041267395, 0.4959885776042938
-0.5313067436218262, -0.15679432451725006
-0.7873325347900391, 0.2917960286140442
-0.31170153617858887, 0.12670809030532837
0.06801053881645203, 0.4713987410068512
