target,prediction
-0.6238393783569336, -0.9742664098739624
-0.8828023672103882, -0.9021643400192261
-0.8305973410606384, -0.9812618494033813
-1.122080683708191, -0.9987353682518005
-0.5810348987579346, -0.9684217572212219
-0.936558723449707, -0.9633339643478394
-0.3071648180484772, -0.9731748700141907
-1.0544407367706299, -0.996860921382904
-0.715152382850647, -0.9991080164909363
