target,prediction
0.100275918841362, 0.24840712547302246
0.2800769805908203, 0.37310296297073364
0.8004246354103088, 0.19142526388168335
0.1474904865026474, 0.07454606890678406
-0.14962457120418549, -0.3269128203392029
0.09749776124954224, 0.286578893661499
0.04154287278652191, 0.19777856767177582
0.3435586392879486, 0.2556208670139313
-0.13193102180957794, -0.58564293384552
