target,prediction
-0.5477908849716187, -0.9572136998176575
-0.6171218156814575, -0.7349447011947632
-0.6491280794143677, -0.6456629633903503
-0.5132700204849243, -0.7293646335601807
0.07876542210578918, -0.5586131811141968
-1.0430980920791626, -0.9012320041656494
-0.38716021180152893, -0.7561491131782532
-0.7488762140274048, 0.2365526407957077
-0.6129775047302246, -0.6774695515632629
