target,prediction
-0.9825176000595093, -0.9742664098739624
-0.7449657320976257, -0.9021643400192261
-1.1436357498168945, -0.9812618494033813
-0.9317582249641418, -0.9987353682518005
-0.6831274032592773, -0.9684217572212219
-0.9208188652992249, -0.9633339643478394
-0.7293469905853271, -0.9731748700141907
-0.813376247882843, -0.996860921382904
-0.7568935751914978, -0.9991080164909363
