target,prediction
-0.8037734031677246, -0.8231104612350464
-0.5454774498939514, -0.8376187682151794
-0.5232396721839905, -0.9854916930198669
-0.26317280530929565, -0.6484529972076416
-0.5983660221099854, -0.9296905994415283
-0.41448867321014404, -0.9088581800460815
-0.21792520582675934, -0.8716574311256409
-0.6372058391571045, -0.6121822595596313
-0.7836459875106812, -0.7182043790817261
