target,prediction
-0.5570266842842102, -0.8231104612350464
-0.8793593049049377, -0.8376187682151794
-0.3021138310432434, -0.9854916930198669
-0.9666420221328735, -0.6484529972076416
-1.0195549726486206, -0.9296905994415283
-0.5642915368080139, -0.9088581800460815
-0.8277222514152527, -0.8716574311256409
-0.9762359857559204, -0.6121822595596313
-0.748285174369812, -0.7182043790817261
