{"loss": [3.1462615879718214e-05, 0.001573415007442236, 0.002128312597051263, 0.0006092563271522522, 7.015741721261293e-05, 0.00019036173762287945, 0.00017300655599683523, 9.300964302383363e-05, 0.0010125237749889493, 0.0007900529890321195, 0.00050262117292732, 6.210414085217053e-06, 4.059242655785056e-06, 2.061887425952591e-05, 1.7592814401723444e-05, 5.59168984182179e-05, 9.410735219717026e-05, 0.00011643933248706162, 0.00031256728107109666, 1.7024469343596138e-05, 0.00022535018797498196, 0.00019494161824695766, 1.4149107300909236e-05, 0.00020047964062541723, 0.0003397921391297132, 2.8876827855128795e-05, 2.6497421004023636e-06, 7.83893028710736e-06, 0.00024270106223411858, 9.676868103269953e-06, 0.00020136508101131767, 1.57227248109848e-06, 4.608922608895227e-06, 1.4793929040024523e-05, 2.3622340449946932e-05, 8.431087917415425e-05, 4.029500996693969e-05, 0.00016145105473697186, 0.00012062738096574321, 0.00023273243277799338, 1.5928619177429937e-05, 6.509827926493017e-06, 6.291957674875448e-07, 6.578136435564375e-08, 1.6164038243005052e-05, 8.790358697297052e-05, 0.00011537154205143452, 0.0001317952701356262, 0.0002608994545880705, 0.0014290573308244348, 0.00039993724203668535, 0.0054414039477705956, 0.004536155145615339, 0.008710582740604877, 0.004688010551035404, 0.0001859240437624976, 0.0006411896320059896, 0.025261683389544487, 0.0004482908989302814, 0.000883452536072582, 0.009519684128463268, 0.024674255400896072, 0.0029936896171420813, 0.015779787674546242, 8.673173579154536e-05, 0.007547776680439711, 0.0026490914169698954, 0.0020096295047551394, 0.004694607574492693, 0.005902523640543222, 0.008259961381554604, 0.008985751308500767, 0.015886828303337097, 0.0133202588185668, 0.006613899953663349, 0.006261433474719524, 0.007762736640870571, 0.005173623561859131, 0.0061213914304971695, 0.007912660948932171, 0.006965865846723318, 0.007678270805627108, 0.008251187391579151, 0.0057622333988547325, 0.006540000904351473, 0.0060674711130559444, 0.003330174833536148, 0.006804260425269604, 0.012536494992673397, 0.01219797134399414, 0.011785498820245266, 0.01416953094303608, 0.00805327482521534, 0.008540594018995762], "mae": [0.00560915470123291, 0.03966629505157471, 0.04613363742828369, 0.024683117866516113, 0.008376002311706543, 0.013797163963317871, 0.01315319538116455, 0.009644150733947754, 0.03182017803192139, 0.028107881546020508, 0.022419214248657227, 0.002492070198059082, 0.002014756202697754, 0.004540801048278809, 0.004194378852844238, 0.007477760314941406, 0.009700894355773926, 0.010790705680847168, 0.017679572105407715, 0.004126071929931641, 0.01501166820526123, 0.013962149620056152, 0.0037615299224853516, 0.014159083366394043, 0.018433451652526855, 0.005373716354370117, 0.001627802848815918, 0.002799808979034424, 0.015578866004943848, 0.0031107664108276367, 0.014190316200256348, 0.0012539029121398926, 0.0021468400955200195, 0.003846287727355957, 0.004860281944274902, 0.009182095527648926, 0.006347835063934326, 0.012706339359283447, 0.010983049869537354, 0.015255570411682129, 0.003991067409515381, 0.002551436424255371, 0.0007932186126708984, 0.00025647878646850586, 0.0040204524993896484, 0.009375691413879395, 0.010741114616394043, 0.011480212211608887, 0.016152381896972656, 0.03780287504196167, 0.01999843120574951, 0.07376587390899658, 0.06735098361968994, 0.0933305025100708, 0.06846904754638672, 0.013635396957397461, 0.02532172203063965, 0.15893924236297607, 0.02117288112640381, 0.029722929000854492, 0.09756886959075928, 0.15708041191101074, 0.0547146201133728, 0.1256176233291626, 0.009312987327575684, 0.08687794208526611, 0.05146932601928711, 0.04482889175415039, 0.06851720809936523, 0.07682788372039795, 0.09088432788848877, 0.09479320049285889, 0.12604296207427979, 0.11541342735290527, 0.08132588863372803, 0.07912921905517578, 0.08810639381408691, 0.07192790508270264, 0.0782393217086792, 0.08895313739776611, 0.08346176147460938, 0.08762574195861816, 0.0908360481262207, 0.07590937614440918, 0.08087027072906494, 0.07789397239685059, 0.05770766735076904, 0.08248794078826904, 0.11196649074554443, 0.11044442653656006, 0.10856103897094727, 0.11903584003448486, 0.08974003791809082, 0.09241533279418945]}