{"loss": [0.014819996224509345, 0.023659661412239075, 0.029856198363833956, 0.026079694430033367, 0.02341071433491177, 0.019750717613432143, 0.019308426313930087, 0.02154941525724199, 0.026064183976915147, 0.026713038484255474, 0.02429475552505917, 0.02176484962304433, 0.022759570015801325, 0.025422154201401606, 0.02519975271489885, 0.026568336619271174, 0.024606742792659335, 0.02606688936551412, 0.027298268344667222, 0.02468485302395291, 0.027229143513573542, 0.02497988608148363, 0.02671760320663452, 0.027914189630084567, 0.029316653807957966, 0.026379373338487413, 0.027266570263438754, 0.024571557839711506, 0.02631143894460466, 0.03008818957540724, 0.026420099867714777, 0.0278087490134769, 0.03067169917954339, 0.028803904851277668, 0.030802819463941786, 0.02778386738565233, 0.02713641855451796, 0.024960327479574416, 0.023919287655088637, 0.02292123602496253, 0.028644843233956233, 0.02895589338408576, 0.027878334124883015, 0.029223375850253634, 0.028642912705739338, 0.026321970754199557, 0.03197339839405484, 0.021893362204233806, 0.028382751676771376, 0.016841474506590102, 0.02650288575225406, 0.04124753342734443, 0.014839430650075277, 0.060301231013404, 0.02529435356458028, 0.011891802151997885, 0.009809089203675589, 0.027196738455030654, 0.01009538107448154, 0.01626399987273746, 0.01551679273446401, 0.03334877226087782, 0.026866537001397874, 0.017928916547033522, 0.018334736426671345, 0.012611709535121918, 0.011865814526875814, 0.013095616466469236, 0.011580988764762878, 0.010353479120466445, 0.010682990981472863, 0.010163907375600603, 0.011794091098838382, 0.011024396452638838, 0.009508572518825531, 0.009544578691323599, 0.009634777903556824, 0.010056290361616347, 0.009561389684677124, 0.009392635689841377, 0.009157599674330818, 0.009344432089063857, 0.008993373976813423, 0.009288205040825738, 0.008819759719901614, 0.008727619217501746, 0.010334653986824883, 0.00992564857006073, 0.010668815837966071, 0.0100041131178538, 0.010013543897204928, 0.01031088994608985, 0.010914634499284957, 0.01090050240357717], "mae": [0.08050717247856988, 0.10841884877946642, 0.12271847989824083, 0.11091109779145983, 0.10465068949593438, 0.10179071293936835, 0.10093931357065837, 0.10184613863627116, 0.11044926113552517, 0.11183232731289333, 0.1080280409918891, 0.10669849316279094, 0.11023530032899645, 0.11170363426208496, 0.11100959777832031, 0.11325534184773763, 0.11198363039228651, 0.11435834566752116, 0.11581534809536403, 0.11167089144388835, 0.11560995048946804, 0.11111240916781956, 0.11520874500274658, 0.11402617560492621, 0.11801821655697292, 0.1144171953201294, 0.11823564105563694, 0.11445244153340657, 0.11983595954047309, 0.1226594712999132, 0.11875983079274495, 0.11960811085171169, 0.12342723210652669, 0.12022826406690809, 0.12244635158114964, 0.11812196837531196, 0.11791347132788764, 0.11652137173546685, 0.11447053485446507, 0.11188485887315539, 0.1212004025777181, 0.12110866440667047, 0.11859745449490017, 0.12007692125108507, 0.11948037147521973, 0.11575359768337673, 0.12326819366878933, 0.10972681310441759, 0.11825703250037299, 0.09903792540232341, 0.11589981449974908, 0.1526625951131185, 0.09833267662260267, 0.19534479247199166, 0.11727333068847656, 0.08447760343551636, 0.07456968890296088, 0.12525249852074516, 0.08567277590433757, 0.10949207014507717, 0.09487446149190266, 0.15138128068712023, 0.13553025987413195, 0.10313594341278076, 0.10679260889689128, 0.09142063061396281, 0.08986930052439372, 0.09568013747533162, 0.09316793415281507, 0.08719424406687419, 0.08679478698306614, 0.08427086141374376, 0.09492854939566718, 0.09153903855217828, 0.08242127630445692, 0.08319452073838976, 0.08293830023871528, 0.08482717805438572, 0.08243328995174831, 0.08139461278915405, 0.08173586924870808, 0.08084132273991902, 0.07987149556477864, 0.08279720942179362, 0.08063482575946385, 0.08009721835454305, 0.08480948209762573, 0.08442709843317668, 0.08783110645082262, 0.0842571390999688, 0.08710418807135688, 0.08875317043728298, 0.08691573805279201, 0.08552126089731853]}