target,prediction
-0.8274352550506592, -1.0
-0.818130612373352, -0.8666666746139526
-0.8710916638374329, -1.0
-0.8271581530570984, -0.8358974456787109
-0.31942206621170044, -0.44273504614830017
-0.5020841956138611, -0.7982906103134155
-0.3636589050292969, -0.5726495981216431
-0.8866704106330872, -1.0
-0.858769953250885, -1.0
