target,prediction
-1.169714331626892, -0.05299145355820656
-0.18139508366584778, -0.5948718190193176
-1.024067759513855, -0.6820513010025024
-0.32058945298194885, -0.9572649598121643
-1.6619762182235718, -1.0
-0.9623774290084839, -1.0
-1.1507327556610107, -1.0
0.6640686988830566, -0.5128205418586731
-1.1237131357192993, -0.8803418874740601
