target,prediction
0.022716913372278214, 0.38856270909309387
-0.2939029633998871, -0.5583403706550598
-0.6281118988990784, -0.3716297447681427
-0.69058758020401, -0.6598514318466187
-0.47014522552490234, -0.7445086240768433
-0.304363876581192, -0.19084984064102173
0.012126091867685318, 0.362287312746048
0.2146381437778473, 0.27558356523513794
-0.9777218699455261, -0.3813003599643707
