target,prediction
0.33907195925712585, -0.04283304139971733
-0.5359839797019958, -1.0
0.03298955783247948, 0.5625163316726685
-0.09901909530162811, 0.33375921845436096
0.24932871758937836, 0.6991934776306152
-0.046146210283041, -0.07649680227041245
0.13768769800662994, 0.37948140501976013
-0.1307889074087143, 0.4118645489215851
0.09785206615924835, 0.04099501296877861
