target,prediction
-1.3226374387741089, -0.9572136998176575
-0.45398053526878357, -0.7349447011947632
-0.2560870945453644, -0.6456629633903503
-0.3457653820514679, -0.7293646335601807
0.3098146617412567, -0.5586131811141968
-1.469719648361206, -0.9012320041656494
0.28927212953567505, -0.7561491131782532
-0.8529949188232422, 0.2365526407957077
-0.15231962502002716, -0.6774695515632629
