target,prediction
-0.3915400505065918, -0.9921653866767883
-0.8830145001411438, -0.9227421283721924
-0.32939544320106506, -0.9373956918716431
-0.9748085141181946, -0.9708378911018372
-0.4750218689441681, -0.9087414145469666
-0.6666690111160278, -0.9991294741630554
-0.5109735131263733, -0.8887196183204651
-0.3142823874950409, -0.8494740724563599
-0.8693391680717468, -0.9417482614517212
