target,prediction
1.6180425882339478, 0.04099501296877861
-0.13343144953250885, 0.2562583088874817
0.04588668420910835, 0.5375418663024902
-0.5484233498573303, 0.09719386696815491
-0.50801020860672, 0.2685486972332001
0.1248859316110611, -0.15679432451725006
0.33405399322509766, 0.20174172520637512
-0.44174736738204956, -0.2643006145954132
-0.30235376954078674, 0.5452412962913513
