target,prediction
0.046093061566352844, 0.24840712547302246
-0.14985109865665436, 0.37310296297073364
0.3164099156856537, 0.19142526388168335
-0.06592030823230743, 0.07454606890678406
0.27259787917137146, -0.3269128203392029
0.0868411734700203, 0.286578893661499
-0.16010113060474396, 0.19777856767177582
0.23122797906398773, 0.2556208670139313
-0.147987499833107, -0.58564293384552
