target,prediction
-0.5871726274490356, 0.38856270909309387
1.004381537437439, -0.5583403706550598
-0.11071281135082245, -0.3716297447681427
-0.5421476364135742, -0.6598514318466187
-0.2860293686389923, -0.7445086240768433
-0.8555914163589478, -0.19084984064102173
-0.95862877368927, 0.362287312746048
-0.730117917060852, 0.27558356523513794
-0.5892115831375122, -0.3813003599643707
