target,prediction
-1.347240686416626, -0.951178789138794
-0.3416966199874878, -0.9368153810501099
-0.6411890387535095, -0.8494740724563599
-1.1252634525299072, -0.9773666858673096
-0.4916948676109314, -0.9245556592941284
-0.49410223960876465, -0.9505259394645691
-1.1206039190292358, -0.9788901209831238
-0.787411093711853, -0.9301414489746094
-0.480546772480011, -0.8605731129646301
