target,prediction
-0.861042320728302, -0.9528473019599915
-0.6092462539672852, -0.9778019785881042
-0.8176682591438293, -0.9350743293762207
-0.7402629852294922, -0.8988755941390991
-0.41717755794525146, -0.9978962540626526
-1.0529541969299316, -0.9313746690750122
-0.5116766691207886, -0.9833151698112488
-0.8132150769233704, -0.9360173940658569
-1.0724691152572632, -0.9751904010772705
