target,prediction
-0.9419499039649963, -0.9954615235328674
-1.1431154012680054, -0.9981775879859924
-1.1365143060684204, -0.9981014132499695
-1.072324275970459, -0.9718270897865295
-1.0953476428985596, -0.9956896305084229
-0.9640739560127258, -0.9583202004432678
-1.1182856559753418, -0.8246792554855347
-0.21287265419960022, -0.8119339346885681
-0.9307644367218018, -0.9829331040382385
