target,prediction
-0.785890519618988, -0.9921730756759644
-1.0397543907165527, -0.8899502754211426
-0.8958610892295837, -0.5835279822349548
-0.7908427119255066, -0.9991704225540161
-0.8459644317626953, -0.89494389295578
-0.9331595301628113, -0.969939112663269
-0.6160427331924438, -0.9870376586914062
-0.5748988389968872, -0.9881988763809204
-0.4804397523403168, -0.9948689341545105
