target,prediction
-0.8505120873451233, -0.9921730756759644
-0.4775937795639038, -0.8899502754211426
-0.8327955007553101, -0.5835279822349548
-0.5476004481315613, -0.9991704225540161
-1.1508690118789673, -0.89494389295578
-1.0736712217330933, -0.969939112663269
-0.6173737645149231, -0.9870376586914062
0.08958647400140762, -0.9881988763809204
-0.7870617508888245, -0.9948689341545105
