target,prediction
-0.950067400932312, -0.9325353503227234
-1.058095932006836, -0.9735219478607178
-0.9453122615814209, -0.889154851436615
-0.820476233959198, -0.987232506275177
-1.153139591217041, -0.9599564671516418
-0.9440110325813293, -0.9755531549453735
-1.3213216066360474, -0.9994922280311584
-0.9332011342048645, -0.9721436500549316
-0.7094314098358154, -0.9261516332626343
