target,prediction
-0.622822105884552, -0.7851657271385193
-0.8182386159896851, -0.6501270532608032
-0.7586264610290527, -0.9410796761512756
-0.5026755332946777, -0.860497236251831
-0.8626782298088074, -0.9140663146972656
0.30079135298728943, -0.40962421894073486
-0.31800320744514465, -0.8487789630889893
-0.7576870322227478, -0.8900718092918396
-0.4232274293899536, -0.5602872371673584
