target,prediction
-1.0974351167678833, -0.9325353503227234
-0.4302539527416229, -0.9735219478607178
-0.09047883749008179, -0.889154851436615
-0.976700484752655, -0.987232506275177
-1.1894357204437256, -0.9599564671516418
-0.24152520298957825, -0.9755531549453735
-0.6473404169082642, -0.9994922280311584
-0.4020233452320099, -0.9721436500549316
-0.19129547476768494, -0.9261516332626343
