target,prediction
-2.790355920791626, -1.0
4.897386074066162, -1.0
-1.1313791275024414, -0.7701518535614014
0.25216180086135864, -0.19174587726593018
-1.1841672658920288, -0.15516602993011475
-0.2465435266494751, -1.0
-0.49121206998825073, -0.3523639142513275
-1.0581204891204834, -1.0
-1.375789761543274, -0.8415627479553223
