target,prediction
-0.6578099727630615, -0.8874830007553101
-0.6610120534896851, -1.0
0.20871701836585999, -0.4490186274051666
-0.6910735368728638, -1.0
-0.35509756207466125, -0.32222360372543335
-1.0263994932174683, -1.0
-0.5549207925796509, -0.9991564750671387
-0.8895478248596191, -0.825042188167572
-0.9387558698654175, -0.6010986566543579
