target,prediction
-1.488444447517395, -0.9528473019599915
-1.4507057666778564, -0.9778019785881042
-1.1345397233963013, -0.9350743293762207
-0.9508273005485535, -0.8988755941390991
-0.775887668132782, -0.9978962540626526
-0.9775332808494568, -0.9313746690750122
-1.2496311664581299, -0.9833151698112488
-0.8636624217033386, -0.9360173940658569
-0.7562126517295837, -0.9751904010772705
