target,prediction
-0.716522753238678, -0.9991704225540161
-0.7784175276756287, -0.8899502754211426
-4.967197418212891, -0.9948689341545105
-0.0782335177063942, -0.9870376586914062
-1.401469111442566, -0.9921730756759644
-1.5181821584701538, -0.969939112663269
-2.9075286388397217, -0.89494389295578
-0.35567834973335266, -0.5835279822349548
0.9979882836341858, -0.9881988763809204
