{"loss": [0.025107704949558243, 0.01920558617918273, 0.019197299681772476, 0.018230845244854858, 0.014901531445558086, 0.014965923588768018, 0.014295131013508731, 0.013041585831979303, 0.014478588699058615, 0.012955106188496136, 0.012686131483732897, 0.013186911601759945, 0.013496247403943638, 0.013350803720313683, 0.012550345554260798, 0.011977552602262697, 0.01202670031445428, 0.01263391801145921, 0.011728526684505866, 0.012199021240236408, 0.011652541373611446, 0.012099375905578363, 0.012947486514233714, 0.011910484017973129, 0.01346378653442707, 0.01206743649989539, 0.012211223290642774, 0.011731418623310107, 0.012063750675605696, 0.012856569853920842, 0.012270349970581714, 0.012263606518199523, 0.012482944574896014, 0.012991366730156904, 0.012983763319873698, 0.01420897360011377, 0.012353213928185554, 0.013338818184130624, 0.013393905298231937, 0.013427537174252014, 0.0136127920295052, 0.013784360746248616, 0.013985224955553797, 0.013298293430419314, 0.01450770325485161, 0.013283673129603357, 0.01334959510335824, 0.014112287293174229, 0.015431024602391248, 0.013585863962417977, 0.014063890773522658], "mae": [0.15064662003285065, 0.1152330088257459, 0.11518322478536752, 0.10938514872303041, 0.08940914394740568, 0.08979590137314825, 0.08577103817273023, 0.07824934625309146, 0.08687146713843483, 0.07773070421989108, 0.07611704099407522, 0.0791215102705077, 0.08097784833019676, 0.08010463528612112, 0.0753017602439649, 0.07186564495915529, 0.07216030760259058, 0.07580332509898909, 0.07037079010150805, 0.07319438766508589, 0.069915593851227, 0.07259593015388587, 0.07768521387002557, 0.07146292443781278, 0.08078256673175728, 0.07240455191045808, 0.07326775447532663, 0.07038829827513345, 0.07238258740652766, 0.07713982572300544, 0.07362202460258642, 0.0735815923502569, 0.07489751090857615, 0.07794812109404275, 0.07790275272402135, 0.08525344516618924, 0.07411918191924323, 0.08003291926977076, 0.0803628747481035, 0.0805653531573458, 0.08167640250147808, 0.08270602623366836, 0.08391130907337474, 0.07979018751197028, 0.08704604469133309, 0.07970158135320471, 0.08009728396751575, 0.08467354485527401, 0.09258608459142803, 0.08151496624378586, 0.08438336293811256]}