{"loss": [0.0253228107010113, 0.019297591430051105, 0.019345269570918505, 0.01837630730415761, 0.014993382422255584, 0.015103484025595115, 0.014346159550683177, 0.01338923003356746, 0.01476418381463478, 0.013357487681172361, 0.01307346470073845, 0.013498606607133656, 0.013938824329777904, 0.013890405149015987, 0.013130307492400042, 0.012458979096234332, 0.012594146831437832, 0.013282389920627857, 0.012287934966631614, 0.012737096629113815, 0.01217999701681125, 0.012625152718258755, 0.013607127782796925, 0.012418468915334234, 0.014021573784665297, 0.012600378199316238, 0.01282242943141125, 0.012433458963076965, 0.012544612660093893, 0.013444129882666122, 0.012874527509303802, 0.01290041358808809, 0.0129863822209123, 0.01363330661808275, 0.013373227917450279, 0.014774083787423063, 0.012763759198775223, 0.013749147849864512, 0.013723493917837302, 0.013860526832158014, 0.01396590430617002, 0.014152982572132274, 0.014330858449157564, 0.013673278172763223, 0.014907012392821845, 0.013721791127092039, 0.013804929399208035, 0.014372577394206583, 0.015767276229006432, 0.01396750074396746, 0.014163472632243967], "mae": [0.15193703803024058, 0.1157855348573456, 0.11607164944575339, 0.11025778893310163, 0.08996020304712678, 0.09062090872789103, 0.08607714485123286, 0.08033547626213183, 0.08858512575941037, 0.08014498326603837, 0.07844079277875103, 0.08099168996032564, 0.0836330123063123, 0.08334233254620868, 0.07878195473808833, 0.07475388601320683, 0.07556485354270498, 0.07969442186153321, 0.07372746342153892, 0.07642247913963549, 0.07307999124950817, 0.07575087285350933, 0.08164274382517987, 0.07451072886707918, 0.08412941754922994, 0.07560225318577625, 0.07693460632154969, 0.07460070574809825, 0.07526763250452016, 0.0806647815831569, 0.07724716048150247, 0.07740250440013022, 0.07791833220719666, 0.08179991747194222, 0.08023933319729915, 0.08864461936970697, 0.0765824797163658, 0.08249451886639998, 0.08234073021668666, 0.08316315641862775, 0.08379553790786835, 0.08491786569971146, 0.08598505463421832, 0.08203966674941918, 0.08944218871493947, 0.08233062096874297, 0.08282937741231357, 0.08623548037536068, 0.09460372370168346, 0.08380494271048021, 0.08498097302307389]}