{"loss": [0.8071538751775568, 0.5004679506475275, 0.2705801183527166, 0.1444094181060791, 0.09407336061651056, 0.07404549555345015, 0.06429261511022394, 0.05119655890898271, 0.03780280189080672, 0.03050901402126659, 0.024605425921353428, 0.019897978414188732, 0.013737415725534613, 0.012336320497772911, 0.011465714736418291, 0.010394803502342918, 0.008335087109695782, 0.007550647990270095, 0.005926214158535004, 0.005569305948235772, 0.006103169511664997, 0.004402268000624396, 0.0048114183274182406, 0.0034118474207141185, 0.003369377079335126, 0.0032651326195760207, 0.002447401596741243, 0.0023133201016621156, 0.002414855936711485, 0.0016791275279088454, 0.0017138814384287054, 0.0029469697990200734, 0.001356241801245646, 0.0021986802193251524, 0.0018921071155504746, 0.0013298561627214606, 0.0014257121153853157, 0.0016490718857808547, 0.004696413535963406, 0.0010512635450471532, 0.002174273133277893, 0.0013376676731488922, 0.0012865654108199205, 0.0020011192695661025, 0.0013520601628856225, 0.001997497102076357, 0.0011258557100187647, 0.0012614537369121206, 0.0019654541869055142, 0.006961522454565222, 0.00287659229202704, 0.004189827225425027, 0.003179703585126183, 0.005339184606617147, 0.0022783717987212267, 0.0018598410216244783, 0.0015235255387696352, 0.003813890570944006], "mae": [0.8260739066384055, 0.6359826001253995, 0.4542654210870916, 0.31271774118596857, 0.23687334494157272, 0.20517169345508923, 0.1913076097315008, 0.16995387727564032, 0.14080203663219104, 0.12716671553525058, 0.11401582847942006, 0.10054990378293124, 0.08344950459220192, 0.07761708714745262, 0.07294435934586958, 0.06986937197771939, 0.06397776170210405, 0.061434957114132965, 0.052480675957419655, 0.0508611798286438, 0.05767321586608887, 0.046554408290169456, 0.05341787229884754, 0.038795834237878975, 0.038408284837549385, 0.0404538783160123, 0.03270961208776994, 0.03160266984592785, 0.03725802356546575, 0.028523529117757625, 0.03224955905567516, 0.04504562778906389, 0.02746181325478987, 0.03692803870547901, 0.03560052676634355, 0.028070807456970215, 0.029923206025903874, 0.033196045593781906, 0.06180597435344349, 0.02614503557031805, 0.037364336577328766, 0.026520731774243442, 0.02951955253427679, 0.0366928062655709, 0.02855582670731978, 0.03628425164656206, 0.026405429298227482, 0.026769640770825474, 0.035037457942962646, 0.07047736102884467, 0.041673294522545555, 0.052546208555048164, 0.04229621995579113, 0.06345300782810558, 0.03835598176175898, 0.03611531040885232, 0.03035134889862754, 0.0533294677734375]}