{"loss": [0.8705495595932007, 0.5644791722297668, 0.332398384809494, 0.18893060088157654, 0.12250110507011414, 0.09048881381750107, 0.07611685991287231, 0.06916643679141998, 0.06919734179973602, 0.07169197499752045, 0.07034626603126526, 0.06664342433214188, 0.06265093386173248, 0.062028419226408005, 0.05528537929058075, 0.05595999211072922, 0.06575801223516464, 0.07197334617376328, 0.06797552108764648, 0.058229029178619385, 0.066642165184021, 0.06540133059024811, 0.07362388074398041, 0.06446488201618195, 0.06505070626735687, 0.07376638054847717, 0.0698552206158638, 0.07059065997600555, 0.07072733342647552, 0.06484951078891754, 0.06954684108495712, 0.07860470563173294, 0.06765195727348328, 0.07308860123157501, 0.07797440886497498, 0.06986302882432938, 0.06529813259840012, 0.07407493889331818, 0.08821390569210052, 0.06593795120716095, 0.0726562961935997, 0.06957796216011047, 0.06986908614635468, 0.07301205396652222, 0.06406784057617188, 0.07106074690818787, 0.06937499344348907, 0.06399102509021759, 0.07511641830205917, 0.08402618765830994, 0.06447862833738327, 0.07254185527563095, 0.06000363826751709, 0.08120736479759216, 0.0624254047870636, 0.07439496368169785, 0.062133725732564926, 0.08023728430271149], "mae": [0.8764750957489014, 0.6952334046363831, 0.5098178386688232, 0.3641031086444855, 0.2826273441314697, 0.2184475064277649, 0.1911231130361557, 0.1902199387550354, 0.20710209012031555, 0.21859534084796906, 0.2201935052871704, 0.21582332253456116, 0.2107994258403778, 0.20899352431297302, 0.19486784934997559, 0.19463056325912476, 0.21242210268974304, 0.2215164750814438, 0.21455669403076172, 0.1971965879201889, 0.2118782103061676, 0.20841774344444275, 0.2201308310031891, 0.20304688811302185, 0.20132914185523987, 0.21805770695209503, 0.2109886109828949, 0.2128089815378189, 0.21309125423431396, 0.2035803198814392, 0.21227559447288513, 0.22724345326423645, 0.2081684023141861, 0.21487145125865936, 0.22641818225383759, 0.21059398353099823, 0.1998249590396881, 0.21939454972743988, 0.2433272749185562, 0.2057187855243683, 0.2152097523212433, 0.2117546796798706, 0.21376876533031464, 0.21980372071266174, 0.20113995671272278, 0.21427959203720093, 0.2113511860370636, 0.1958099603652954, 0.2203497588634491, 0.22545862197875977, 0.20072117447853088, 0.2135024070739746, 0.1941758096218109, 0.2249956727027893, 0.19812481105327606, 0.22134914994239807, 0.20395031571388245, 0.23110347986221313]}