target,prediction
-0.4649631083011627, -0.7851657271385193
-0.5082433223724365, -0.6501270532608032
-0.8229357004165649, -0.9410796761512756
-0.7591037154197693, -0.860497236251831
-1.1666417121887207, -0.9140663146972656
-0.11526378989219666, -0.40962421894073486
-0.09687177836894989, -0.8487789630889893
-1.0734732151031494, -0.8900718092918396
-0.5768798589706421, -0.5602872371673584
