target,prediction
-0.7071532607078552, -0.9313021302223206
-0.5288128852844238, -0.43692418932914734
-1.4226914644241333, -0.9955023527145386
-0.31790536642074585, -0.4585418999195099
-0.49573343992233276, -0.9379035234451294
-0.25906309485435486, -0.7244831323623657
-1.1693426370620728, -0.9323177337646484
-0.9670019745826721, -0.9270220994949341
-0.1925327181816101, -0.7849836945533752
