target,prediction
-0.944195568561554, -1.0
-1.186287522315979, -1.0
-1.9395487308502197, -1.0
-0.617733895778656, -0.6700854897499084
-1.0529950857162476, -0.6376068592071533
-0.5163421034812927, -1.0
-1.229225993156433, -0.5811966061592102
-0.40807288885116577, -0.3504273593425751
-0.5766535997390747, -0.5897436141967773
