target,prediction
-0.8529195785522461, -0.9742664098739624
-0.9375802874565125, -0.9021643400192261
-0.8986549973487854, -0.9812618494033813
-0.9630904197692871, -0.9987353682518005
-0.781886637210846, -0.9684217572212219
-0.8383097648620605, -0.9633339643478394
-0.7697725892066956, -0.9731748700141907
-0.8808209896087646, -0.996860921382904
-0.9601495862007141, -0.9991080164909363
