target,prediction
-1.025953769683838, -0.5893037915229797
-0.22899270057678223, -0.6322706937789917
-1.9603376388549805, -0.8950939178466797
-0.08191981911659241, -0.6417568325996399
-0.0632300078868866, -0.703696072101593
0.2316712737083435, -0.7410828471183777
0.2549399435520172, -0.8789116144180298
-2.7116622924804688, -0.843756914138794
-2.6719603538513184, -0.9782375693321228
