target,prediction
-0.8686183094978333, -0.9742664098739624
-0.9361910223960876, -0.9021643400192261
-0.9270777106285095, -0.9812618494033813
-0.8841825127601624, -0.9987353682518005
-0.6321062445640564, -0.9684217572212219
-1.0579578876495361, -0.9633339643478394
-0.5701749324798584, -0.9731748700141907
-1.0130738019943237, -0.996860921382904
-0.5413841009140015, -0.9991080164909363
