{"loss": [0.3444688320159912, 0.10452460249265035, 0.08489641547203064, 0.05314605434735616, 0.04072257379690806, 0.03389755388100942, 0.030050406853357952, 0.029224713643391926, 0.022560976445674896, 0.021322041749954224, 0.02104753504196803, 0.019075976063807804, 0.0192710484067599, 0.019038282334804535, 0.01809570814172427, 0.017056288818518322, 0.01872392992178599, 0.019195785125096638, 0.017426143089930218, 0.018030924101670582, 0.017039914925893147, 0.015128470957279205, 0.015915033717950184, 0.015585627406835556, 0.014530031631390253, 0.014362278083960215, 0.015564521153767904, 0.016786773999532063, 0.013422866662343344, 0.01767604425549507, 0.016047457853953045, 0.018672848741213482, 0.015418291091918945, 0.01608605558673541, 0.01670975238084793, 0.017509634296099346, 0.016803161551554997, 0.01948920637369156, 0.017868938545385998, 0.016982529312372208, 0.014293132970730463, 0.021097180744012196, 0.016698113332192104, 0.01917910824219386, 0.01816818242271741, 0.01805867875615756, 0.021478034555912018, 0.02002090960741043, 0.017861748735109966, 0.021564039091269176, 0.02248777945836385, 0.01536104828119278, 0.016088951379060745, 0.0168750062584877, 0.04512548943360647, 0.017615290979544323, 0.015900601943333943, 0.01899037758509318, 0.027634563545385998, 0.019906364381313324, 0.017600280543168385, 0.019418854266405106, 0.03333080311616262, 0.018741523226102192, 0.015115453551212946, 0.01833758254845937, 0.019351099928220112, 0.022742127378781635, 0.01658843333522479, 0.02485095461209615, 0.02717474599679311, 0.020991653203964233, 0.024639663596947987, 0.02321561922629674, 0.015175222108761469, 0.022233163317044575, 0.016083409388860066, 0.030138442913691204, 0.023184172809123993], "mae": [0.5136576890945435, 0.25919894377390545, 0.2231640418370565, 0.17630728085835776, 0.14804391066233316, 0.1330481767654419, 0.12620079517364502, 0.12459456920623779, 0.10817076762517293, 0.10431477427482605, 0.10484446088473003, 0.10077536106109619, 0.10482166210810344, 0.10348263382911682, 0.09988101323445638, 0.0953969955444336, 0.10397859414418538, 0.10436924298604329, 0.09659063816070557, 0.10327702760696411, 0.09800638755162557, 0.0905316174030304, 0.0935102105140686, 0.09432015816370647, 0.08868595957756042, 0.08944066365559895, 0.09410935640335083, 0.09466314315795898, 0.08575159311294556, 0.10416227579116821, 0.0985488494237264, 0.10319394866625468, 0.0946791668732961, 0.09664183855056763, 0.0963634451230367, 0.10258471965789795, 0.09668745597203572, 0.11295939485232036, 0.10102262099583943, 0.09901466965675354, 0.09163680672645569, 0.11778684457143147, 0.09601763884226482, 0.10778915882110596, 0.10000791152318318, 0.10710471868515015, 0.11833041906356812, 0.11094619830449422, 0.10121070345242818, 0.11886414885520935, 0.12495798865954082, 0.09456565976142883, 0.1001674731572469, 0.09680275122324626, 0.176587442557017, 0.10291936000188191, 0.09831100702285767, 0.10661159952481587, 0.1365488370259603, 0.11358906825383504, 0.1100096305211385, 0.1058489481608073, 0.14346006512641907, 0.10887718200683594, 0.09713911016782124, 0.10938615600268047, 0.11325921614964803, 0.1206435759862264, 0.10390945275624593, 0.1331934134165446, 0.1298022667566935, 0.12461564938227336, 0.12493473291397095, 0.1252987285455068, 0.09860777854919434, 0.11731326580047607, 0.10439284642537434, 0.13650123278299967, 0.11793774366378784]}