{"loss": [0.4185616970062256, 0.09838901247297015, 0.05850577354431152, 0.038383735077721734, 0.026978903583117893, 0.020488228116716658, 0.015893493379865373, 0.013713404536247253, 0.010632661836487907, 0.009224818221160344, 0.0077915484351771215, 0.006557867463145938, 0.005290946257965905, 0.005050347319671086, 0.004161511680909565, 0.0035606444414172855, 0.0034160510237727848, 0.0035418069788387845, 0.0025403954620872226, 0.0032247246376105715, 0.0022219628361718996, 0.0020714476704597473, 0.0019519217312335968, 0.00212940014898777, 0.0018005504139832088, 0.0018233216500708035, 0.002258386729019029, 0.001859573381287711, 0.0022706290973084314, 0.006138669060809272, 0.0025153859917606625, 0.002805088513663837, 0.0015149289476019995, 0.0020122892622436795, 0.0012697742453643254, 0.0033713608447994503, 0.001981257860149656, 0.004618826721395765, 0.0018100251576730184, 0.0030767201845135006, 0.002041697102997984, 0.0051128848322800225, 0.00320920321558203, 0.0031961676265512195, 0.0018968145762171065, 0.002342094002025468, 0.004782550569091525, 0.00669924116560391, 0.0017519834052239145, 0.007747937526021685, 0.007347623152392251, 0.0020874195865222384, 0.0019069103790181024, 0.0020550920494965146, 0.02642058048929487, 0.003939508327416011, 0.003424107496227537, 0.0031840034893580844, 0.015314617327281408, 0.006891489561114993, 0.004098531923123768, 0.0058341553168637416, 0.014800333550998144, 0.0032786178801740918, 0.0025635260556425366, 0.005039481180054801, 0.005206160779510226, 0.007372516074350902, 0.00424402446619102, 0.011447347700595856, 0.00932266456740243, 0.008422744061265672, 0.01413338737828391, 0.010257437825202942, 0.006063182439122882, 0.008139468197311674, 0.003496096602508, 0.0137933577810015, 0.011191642710140772], "mae": [0.5864533696855817, 0.2523267780031477, 0.18389928340911865, 0.14850916181291854, 0.12328251770564488, 0.10829639434814453, 0.09609697546277728, 0.08766717570168632, 0.07923543453216553, 0.07463768550327846, 0.06718644074031285, 0.06238518016678946, 0.055289225918906074, 0.0542242739881788, 0.04880906428609576, 0.045188231127602715, 0.044061358485903056, 0.04307943156787327, 0.03716212511062622, 0.04367374948092869, 0.03486045130661556, 0.03466956104551043, 0.034367339951651435, 0.03735633833067758, 0.03288155368396214, 0.03231165664536612, 0.03809197885649545, 0.03220789347376142, 0.03643972533089774, 0.06944563133375985, 0.04024751271520342, 0.03736758232116699, 0.029401157583509172, 0.03509868894304548, 0.026846821819032942, 0.04964623706681388, 0.03510731245790209, 0.05775414194379534, 0.03325416147708893, 0.04514119029045105, 0.0342191606760025, 0.05971023866108486, 0.0439214152949197, 0.045814348118645806, 0.0333550614970071, 0.038876163108008246, 0.05886326091630118, 0.07013584886278425, 0.031841393027986796, 0.07704343114580427, 0.07617831230163574, 0.03453106113842556, 0.03402547325406756, 0.03438408034188407, 0.14990251404898508, 0.04862469008990696, 0.04595921720777239, 0.04224163719585964, 0.1071176528930664, 0.06578565069607326, 0.04996505805424282, 0.0640111608164651, 0.10674678427832467, 0.04439160227775574, 0.03696289658546448, 0.0588862555367606, 0.060174094779150825, 0.07610303163528442, 0.052109092473983765, 0.08686932495662145, 0.08238847766603742, 0.07816433906555176, 0.10578936338424683, 0.08554557391575404, 0.06468334368297032, 0.07286701883588519, 0.04660726870809283, 0.10240266152790614, 0.08735760620662145]}